:020000040800F2
:1000000000000220B98B0108BD230008C5230008A9
:10001000CD230008D5230008DD23000800000000E0
:10002000000000000000000000000000E5230008C0
:10003000F323000800000000012400080F2400083A
:10004000098C0108098C0108098C0108098C010838
:10005000098C0108098C0108098C0108098C010828
:10006000098C0108098C0108098C01081D2400086D
:100070003124000845240008592400086D24000894
:100080008124000895240008098C0108A92400088F
:10009000BD240008098C0108098C0108098C01089D
:1000A000098C0108098C0108098C0108098C0108D8
:1000B000098C0108098C0108098C0108098C0108C8
:1000C000098C0108098C0108098C0108098C0108B8
:1000D000098C0108D1240008F5240008192500081E
:1000E000098C0108098C010800000000098C010836
:1000F000098C01082D250008098C010841250008FC
:10010000098C0108098C0108098C0108098C010877
:100110005525000879250008098C0108098C01087B
:100120009D250008B1250008C5250008D92500082F
:10013000ED250008098C0108098C0108098C0108CB
:1001400000000000000000000000000000000000AF
:100150000126000815260008292600083D2600086B
:10016000098C0108098C0108098C0108098C010817
:10017000098C0108098C0108098C0108098C010807
:10018000098C0108098C01086126000885260008F1
:10019000098C0108098C0108098C0108098C0108E7
:1001A000098C0108098C0108098C0108098C0108D7
:1001B000098C0108098C0108098C0108098C0108C7
:1001C000098C0108098C0108098C0108098C0108B7
:1001D000098C0108098C0108098C0108098C0108A7
:1001E000098C0108098C0108098C0108098C010897
:1001F000098C0108098C0108098C0108098C010887
:10020000098C0108098C0108098C0108098C010876
:10021000098C0108098C0108098C0108098C010866
:10022000098C0108098C0108098C010800000000F4
:10023000098C0108098C010800000000098C0108E4
:10024000098C0108098C0108098C0108098C010836
:10025000098C0108098C0108098C0108098C010826
:10026000098C0108098C0108098C0108098C010816
:10027000098C0108098C0108098C010800000000A4
:10028000098C0108098C0108098C01080000000094
:0802900000000000098C0108C8
:1002980010B5054C237833B9044B13B10448AFF3B8
:1002A80000800123237010BD800C00240000000092
:1002B8000893010808B5034B1BB103490348AFF382
:1002C800008008BD00000000840C00240893010889
:1002D80053B94AB9002908BF00281CBF4FF0FF31A5
:1002E8004FF0FF3000F088B9ADF1080C6DE904CE8D
:1002F80000F006F8DDF804E0DDE9022304B07047F9
:100308002DE9F047089D0F4604468C46002B48D13E
:100318008A42164661D9B2FA82F34BB1C3F1200280
:1003280001FA03FC20FA02F29E4042EA0C0C9C40BF
:100338004FEA164EB7B2BCFBFEF1220C0EFB11CCF5
:1003480042EA0C4201FB07F0904209D9B21801F1C8
:10035800FF3C80F0EE80904240F2EB80023932445C
:10036800121AA4B2B2FBFEF00EFB102244EA0244B9
:1003780000FB07F7A74209D9341900F1FF3280F0D2
:10038800DA80A74240F2D7803444023840EA01407C
:10039800E41B00211DB1DC400023C5E90043BDE892
:1003A800F0878B4206D90DB1C5E900010021084646
:1003B800BDE8F087B3FA83F1002948D1BB4202D3E4
:1003C800824200F20781841A67EB030201209446F7
:1003D800002DE4D0C5E9004CE1E7002A00F0928046
:1003E800B2FA82F3002B40F0A8808A1A4FEA164E20
:1003F8001FFA86FC0121200CB2FBFEF70EFB172228
:1004080040EA02420CFB07F0904207D9B21807F104
:10041800FF3802D2904200F2E2804746121AA4B294
:10042800B2FBFEF00EFB102244EA02440CFB00FC77
:10043800A44507D9341900F1FF3202D2A44500F2CD
:10044800CB801046A4EB0C0440EA0740A2E7C1F1B8
:1004580020068B4022FA06FC4CEA030C07FA01F44A
:1004680020FA06F3F7404FEA1C49234300FA01F843
:100478001FFA8CFEB7FBF9F01C0C09FB107744EA55
:10048800074400FB0EF7A74202FA01F20AD91CEB57
:10049800040400F1FF3A80F09B80A74240F2988064
:1004A80002386444E41B9FB2B4FBF9F309FB13441C
:1004B80047EA044403FB0EFEA64509D91CEB0404D5
:1004C80003F1FF3780F08280A6457FD9023B644460
:1004D80043EA0040A4EB0E04A0FB02E7BC427346CB
:1004E800B94663D360D05DB1B8EB030264EB09048D
:1004F80004FA06F622FA01F31E43CC40C5E900646B
:1005080000214CE76208480842EAC1710B0C43EA33
:1005180000438AB242EA0342B3FBF6F1E407B44669
:100528003746B6461F23B0FBF6F0D21B41EA00411E
:1005380061E7614614E7104628E7C3F1200120FA75
:1005480001F29E4027FA01F19F403A434FEA164EC6
:100558001FFA86FCB1FBFEF70EFB1710110C41EADF
:10056800004107FB0CF8884504FA03F43AD97118DE
:1005780007F1FF3001D288451FD8A1EB0801B1FB74
:10058800FEF808FB0CF70EFB181192B242EA014282
:10059800BA422FD2B21808F1FF31C6D2BA42C4D239
:1005A800A8F102013244C0E7F0459CD2BEEB020339
:1005B80067EB0C070138B94695E7A6EB08084144F4
:1005C800B81EB1FBFEF808FB0CF7DCE73B467FE7FB
:1005D800504667E70846FBE63444023832E7023FF4
:1005E80032441BE7A1EB08013846B1FBFEF808FBD3
:1005F8000CF7C8E7414698E7704700BF80B500AFE1
:1006080014F0C0FF00F022F800F0D4F800F08CF9E4
:1006180000F0AEFE00F030FA00F092FA00F084FC30
:1006280000F0F6FE00F040FF00F072FD00F0BCFDA7
:1006380000F086FF00F004FE00F04EFE00F0C6FB5E
:1006480000F01EFC0DF08EFD00BFFDE780B59EB0EA
:1006580000AF07F12C034C220021184618F0D1FAFC
:1006680007F10C0320220021184618F0CAFA0220CC
:1006780014F04EFF0023BB60484BDB6A474A23F067
:100688000103D362454BDB6A03F00103BB60444BB3
:100698009B69434A43F440439361414B9B6903F48C
:1006A8004043BB60BB6800BF3D4B9B6903F40053EC
:1006B800B3F5005FF8D13B4BD3F8F430394A43F037
:1006C8000203C2F8F430374BD3F8F43003F00203D6
:1006D8007B607B6800233B60314B9B69304A43F465
:1006E800404393612E4B9B6903F440433B602B4B83
:1006F800DB6A2A4A43F00103D362284BDB6A03F022
:1007080001033B603B6800BF254B9B6903F4005322
:10071800B3F5005FF8D10123FB624FF480333B63EC
:1007280002233B6502237B650123BB657823FB65B8
:1007380002233B6618237B660223BB660C23FB66F9
:1007480000233B6700237B6707F12C0318460FF053
:10075800A3F80346002B01D000F026F83F23FB60E6
:1007680003233B6100237B610823BB614023FB61BA
:1007780040233B624FF480637B624023BB6207F1F6
:100788000C03042118460FF0E1FC0346002B01D0AE
:1007980000F00AF800BF7837BD4680BD0004005855
:1007A800004802580044025880B400AF72B600BF37
:1007B80000BFFDE780B58CB000AF07F11C03002235
:1007C8001A605A609A60DA601A61534BD3F8E030C5
:1007D800514A43F08003C2F8E0304F4BD3F8E03081
:1007E80003F08003BB61BB694B4BD3F8E0304A4A46
:1007F80043F00103C2F8E030474BD3F8E03003F090
:1008080001037B617B69444BD3F8E030424A43F0F3
:100818000203C2F8E030404BD3F8E03003F00203A3
:100828003B613B693C4BD3F8E0303B4A43F0100353
:10083800C2F8E030384BD3F8E03003F01003FB6027
:10084800FB68354BD3F8E030334A43F00803C2F86D
:10085800E030314BD3F8E03003F00803BB60BB68ED
:100868002D4BD3F8E0302C4A43F00403C2F8E030B3
:10087800294BD3F8E03003F004037B607B68002247
:100888004FF47C41254811F0E1FF0223FB6100236E
:100898003B6202237B6207F11C031946204811F0D2
:1008A8000DFE4FF40073FB6100233B6202237B6261
:1008B80007F11C031946194811F000FE4FF47C4358
:1008C800FB6101233B6200237B620023BB6207F1CB
:1008D8001C031946114811F0F1FD4FF46053FB61F8
:1008E80000233B6200237B6207F11C0319460D4875
:1008F80011F0E4FD4FF48043FB6100233B620223C7
:100908007B6207F11C031946064811F0D7FD00BFAA
:100918003037BD4680BD00BF004402580010025861
:1009280000040258000C025880B582B000AF514B49
:10093800D3F8D8304F4A43F00103C2F8D8304D4BB2
:10094800D3F8D83003F001037B607B68494BD3F8B8
:10095800D830484A43F00203C2F8D830454BD3F8A0
:10096800D83003F002033B603B68002201210B20D2
:100978000DF08FFD0B200DF0A6FD002200210C20AC
:100988000DF087FD0C200DF09EFD002200210D20AA
:100998000DF07FFD0D200DF096FD002200210E20A8
:1009A8000DF077FD0E200DF08EFD002200210F20A6
:1009B8000DF06FFD0F200DF086FD002200211020A4
:1009C8000DF067FD10200DF07EFD002200211120A2
:1009D8000DF05FFD11200DF076FD002200212F2083
:1009E8000DF057FD2F200DF06EFD0022012138205B
:1009F8000DF04FFD38200DF066FD00220121392051
:100A08000DF047FD39200DF05EFD002200213A204F
:100A18000DF03FFD3A200DF056FD002200213B204D
:100A28000DF037FD3B200DF04EFD002200213C204B
:100A38000DF02FFD3C200DF046FD00220021442042
:100A48000DF027FD44200DF03EFD00220121452038
:100A58000DF01FFD45200DF036FD00220121462036
:100A68000DF017FD46200DF02EFD00BF0837BD46DE
:100A780080BD00BF0044025880B500AF2E4B2F4AFE
:100A88001A602D4B00229A602B4B0022DA602A4B09
:100A980000221A74284B00225A74274B00229A7499
:100AA800254B01225A61244B08229A61224B1F22AE
:100AB800DA61214B08221A621F4B01225A621E4B2F
:100AC80001229A621C4B0122DA621B4B01221A6333
:100AD800194B00225A63184B00229A63164B0022C6
:100AE800DA63154B20221A64134B04225A64124B02
:100AF80000229A64104B0422DA640F4B00221A6514
:100B08000D4B04225A650C4B00229A650A4B0022B1
:100B1800DA65094B0A221A66074B00225A66064B09
:100B280004229A6604480DF0E9FC0346002B01D024
:100B3800FFF73AFE00BF80BD9C0C002400A00040D7
:100B480080B500AF2F4B304A1A602E4B00229A60B6
:100B58002C4B0022DA602B4B00221A74294B0022FE
:100B68005A74284B00229A74264B01225A61254B4D
:100B780008229A61234B1F22DA61224B08221A624B
:100B8800204B01225A621F4B01229A621D4B0122FF
:100B9800DA621C4B01221A631A4B4FF4A0625A63A3
:100BA800184B00229A63174B0022DA63154B202258
:100BB8001A64144B04225A64124B00229A64114B93
:100BC8000422DA640F4B00221A650E4B04225A6580
:100BD8000C4B00229A650B4B0022DA65094B0A225E
:100BE8001A66084B00225A66064B04229A66054884
:100BF8000DF084FC0346002B01D0FFF7D5FD00BFA4
:100C080080BD00BF3C0D002400A4004080B5BCB0EE
:100C180000AF786007F1DC0300221A605A609A601E
:100C2800DA601A6107F11803C0220021184617F08C
:100C3800E8FF7B681B685F4A934259D14FF4004232
:100C48004FF00003C7E906234FF08053C7F88830F8
:100C580007F1180318460FF005FE0346002B01D0D4
:100C6800FFF7A2FD544B1B680133534A1360524BE4
:100C78001B68012B0ED1514BD3F8EC304F4A43F48B
:100C88008073C2F8EC304D4BD3F8EC3003F480732A
:100C98007B617B69494BD3F8E030484A43F0010354
:100CA800C2F8E030454BD3F8E03003F001033B6174
:100CB8003B694FF4C053C7F8DC300223C7F8E03073
:100CC8000023C7F8E4300023C7F8E8300923C7F841
:100CD800EC3007F1DC031946394811F0EFFB00222C
:100CE800002113200DF0D5FB13200DF0ECFB5CE088
:100CF8007B681B68334A934257D14FF400424FF048
:100D08000003C7E906234FF08053C7F8883007F17E
:100D1800180318460FF0A6FD0346002B01D0FFF775
:100D280043FD254B1B680133234A1360224B1B6884
:100D3800012B0ED1214BD3F8EC30204A43F48073B9
:100D4800C2F8EC301D4BD3F8EC3003F48073FB6031
:100D5800FB681A4BD3F8E030184A43F00203C2F894
:100D6800E030164BD3F8E03003F00203BB60BB68F9
:100D78006023C7F8DC300223C7F8E0300023C7F847
:100D8800E4300023C7F8E8300923C7F8EC3007F14E
:100D9800DC0319460C4811F091FB002200211420B5
:100DA8000DF077FB14200DF08EFB00BFF037BD4629
:100DB80080BD00BF00A00040DC0D002400440258A4
:100DC8000000025800A400400004025880B58AB010
:100DD80000AF07F11C0300221A605A609A603B4674
:100DE80000221A605A609A60DA601A615A619A6140
:100DF800214B224A1A60204BEF225A601E4B0022D8
:100E08009A601D4B44F62062DA601B4B00221A617F
:100E1800194B00229A61184814F022FD0346002B52
:100E280001D0FFF7C1FC0023FB6100237B6207F1BF
:100E38001C031946104815F047FD0346002B01D046
:100E4800FFF7B2FC60233B6000237B600023BB609C
:100E580000233B613B460C221946074814F052FF19
:100E68000346002B01D0FFF79FFC034800F014F95C
:100E780000BF2837BD4680BDE00D002400040040B7
:100E880080B588B000AF07F1140300221A605A60D9
:100E98009A603B1D00221A605A609A60DA60204B03
:100EA800204A1A601E4B6B225A601D4B00229A6022
:100EB8001B4B4FF6FF72DA60194B00221A61184B70
:100EC80000229A61164814F022FD0346002B01D037
:100ED800FFF76AFC00237B610023FB6107F1140321
:100EE80019460F4815F0F0FC0346002B01D0FFF718
:100EF8005BFC00237B600123BB600023FB600023B5
:100F08003B613B1D0C221946054814F05EFE034662
:100F1800002B01D0FFF748FC00BF2037BD4680BD3D
:100F28002C0E00240008004080B500AF0E4B0F4A7D
:100F38001A600D4BEF225A600B4B00229A600A4B45
:100F480040F2E732DA60084B00221A61064B0022B1
:100F58009A61054814F0B4FB0346002B01D0FFF753
:100F680023FC00BF80BD00BF780E00240020004095
:100F780080B485B000AF78607B681B680B4A9342E9
:100F88000ED10B4BD3F8E830094A43F00203C2F8FC
:100F9800E830074BD3F8E83003F00203FB60FB6846
:100FA80000BF1437BD465DF8047B7047000400405D
:100FB8000044025880B58AB000AF786007F1140386
:100FC80000221A605A609A60DA601A617B681B68AE
:100FD8001A4A93422ED11A4BD3F8E830184A43F0F4
:100FE8000403C2F8E830164BD3F8E83003F00403E2
:100FF8003B613B69124BD3F8E030114A43F00803D8
:10100800C2F8E0300E4BD3F8E03003F00803FB6081
:10101800FB684FF400437B610223BB610023FB6143
:1010280000233B6202237B6207F11403194605483B
:1010380011F044FA00BF2837BD4680BD00080040C3
:1010480000440258000C025880B584B000AF7860A4
:101058007B681B680E4A934216D10E4BD3F8E830D2
:101068000C4A43F48073C2F8E8300A4BD3F8E830EE
:1010780003F48073FB60FB68002201212D200DF032
:1010880008FA2D200DF01FFA00BF1037BD4680BDAD
:10109800002000400044025880B588B000AF786056
:1010A80007F10C0300221A605A609A60DA601A612C
:1010B8007B681B68134A93421FD1134BD3F8E03067
:1010C800114A43F00403C2F8E0300F4BD3F8E03084
:1010D80003F00403BB60BB684FF40073FB6002239A
:1010E8003B6100237B610023BB610223FB6107F1A5
:1010F8000C031946054811F0E1F900BF2037BD4639
:1011080080BD00BF00040040004402580008025897
:1011180080B500AF224B234A1A60214B4FF4E132CD
:101128005A601F4B00229A601D4B0022DA601C4B4C
:1011380000221A611A4B0C225A61194B00229A613B
:10114800174B0022DA61164B00221A62144B002258
:101158005A62134B00229A62114815F061FC03464B
:10116800002B01D0FFF720FB00210D4817F056FC9B
:101178000346002B01D0FFF717FB0021084817F0A2
:101188008BFC0346002B01D0FFF70EFB044817F039
:101198000CFC0346002B01D0FFF706FB00BF80BD07
:1011A800C40E0024004C004080B500AF224B234AF7
:1011B8001A60214B4FF4E1325A601F4B00229A60AB
:1011C8001D4B0022DA601C4B00221A611A4B0C22BC
:1011D8005A61194B00229A61174B0022DA61164BAB
:1011E80000221A62144B00225A62134B00229A62A0
:1011F800114815F015FC0346002B01D0FFF7D4FA6F
:1012080000210D4817F00AFC0346002B01D0FFF718
:10121800CBFA0021084817F03FFC0346002B01D009
:10122800FFF7C2FA044817F0C0FB0346002B01D0B1
:10123800FFF7BAFA00BF80BD580F002400500040E5
:1012480080B500AF224B234A1A60214B4FF4E1329C
:101258005A601F4B00229A601D4B0022DA601C4B1B
:1012680000221A611A4B0C225A61194B00229A610A
:10127800174B0022DA61164B00221A62144B002227
:101288005A62134B00229A62114815F0C9FB0346B3
:10129800002B01D0FFF788FA00210D4817F0BEFB9C
:1012A8000346002B01D0FFF77FFA0021084817F00A
:1012B800F3FB0346002B01D0FFF776FA044817F03A
:1012C80074FB0346002B01D0FFF76EFA00BF80BD08
:1012D800EC0F00240078004080B500AF224B234A71
:1012E8001A60214B4FF4E1325A601F4B00229A607A
:1012F8001D4B0022DA601C4B00221A611A4B0C228B
:101308005A61194B00229A61174B0022DA61164B79
:1013180000221A62144B00225A62134B00229A626E
:10132800114815F07DFB0346002B01D0FFF73CFA6E
:1013380000210D4817F072FB0346002B01D0FFF780
:1013480033FA0021084817F0A7FB0346002B01D009
:10135800FFF72AFA044817F028FB0346002B01D0B0
:10136800FFF722FA00BF80BD80100024007C0040F7
:1013780080B500AF234B244A1A60224B234A5A6097
:10138800204B4FF480529A601E4B0022DA601D4BAE
:101398004FF480621A611B4B0C225A61194B0022D0
:1013A8009A61184B0022DA61164B00221A62154B1B
:1013B80000225A62134B00229A62124815F030FB41
:1013C8000346002B01D0FFF7EFF900210D4817F075
:1013D80025FB0346002B01D0FFF7E6F90021094859
:1013E80017F05AFB0346002B01D0FFF7DDF905483B
:1013F80017F0DBFA0346002B01D0FFF7D5F900BF41
:1014080080BD00BF1411002400100140A086010017
:1014180080B500AF224B234A1A60214B4FF461225A
:101428005A601F4B00229A601D4B0022DA601C4B49
:1014380000221A611A4B0C225A61194B00229A6138
:10144800174B0022DA61164B00221A62144B002255
:101458005A62134B00229A62114815F0E1FA0346CA
:10146800002B01D0FFF7A0F900210D4817F0D6FA9C
:101478000346002B01D0FFF797F90021084817F021
:101488000BFB0346002B01D0FFF78EF9044817F039
:101498008CFA0346002B01D0FFF786F900BF80BD08
:1014A800A81100240044004080B500AF224B234A15
:1014B8001A60214B4FF4E1325A601F4B00229A60A8
:1014C8001D4B0022DA601C4B00221A611A4B0C22B9
:1014D8005A61194B00229A61174B0022DA61164BA8
:1014E80000221A62144B00225A62134B00229A629D
:1014F800114815F095FA0346002B01D0FFF754F96F
:1015080000210D4817F08AFA0346002B01D0FFF797
:101518004BF90021084817F0BFFA0346002B01D009
:10152800FFF742F9044817F040FA0346002B01D0B0
:10153800FFF73AF900BF80BD3C1200240048004084
:1015480080B500AF224B234A1A60214B4FF4E13299
:101558005A601F4B00229A601D4B0022DA601C4B18
:1015680000221A611A4B0C225A61194B00229A6107
:10157800174B0022DA61164B00221A62144B002224
:101588005A62134B00229A62114815F049FA034631
:10159800002B01D0FFF708F900210D4817F03EFA9B
:1015A8000346002B01D0FFF7FFF80021084817F089
:1015B80073FA0346002B01D0FFF7F6F8044817F03A
:1015C800F4F90346002B01D0FFF7EEF800BF80BD09
:1015D800D01200240014014080B5C8B000AF07F550
:1015E8009073A3F58E73186007F5867300221A604E
:1015F8005A609A60DA601A6107F14803C022002134
:10160800184617F0FEFA07F59073A3F58E731B685A
:101618001B685F4A934240F0C9804FF002024FF0C6
:101628000003C7E912230023C7F8C03007F14803B5
:1016380018460FF017F90346002B01D0FFF7B4F84E
:10164800544BD3F8E830534A43F40023C2F8E83047
:10165800504BD3F8E83003F400237B647B6C4D4B8C
:10166800D3F8E0304B4A43F00103C2F8E030494B6D
:10167800D3F8E03003F001033B643B6C0323C7F865
:101688000C310223C7F810310023C7F814310023A6
:10169800C7F818310823C7F81C3107F586731946AF
:1016A8003D4810F00BFF3D4B3D4A1A603B4B3F2233
:1016B8005A603A4B00229A60384B0022DA60374B66
:1016C8004FF480621A61354B00225A61334B002275
:1016D8009A61324B0022DA61304B00221A622F4B9A
:1016E80000225A622D4811F0CBF80346002B01D096
:1016F800FFF75AF807F59073A3F58E731B68274A0E
:10170800C3F88020254A07F59073A3F58E731B68EC
:101718009363244B244A1A60224B40225A60214B7F
:1017280040229A601F4B0022DA601E4B4FF4806201
:101738001A611C4B00225A611A4B00229A61194BFC
:101748000022DA61174B00221A62164B00225A62F5
:10175800144811F095F80346002B01D0FFF724F840
:1017680007F59073A3F58E731B680E4ADA670D4A66
:1017780007F59073A3F58E731B689363002200210D
:1017880034200CF086FE34200CF09DFE00F0FFBDE6
:10179800004C004000440258000002586413002422
:1017A80010040240DC1300242804024007F590735B
:1017B800A3F58E731B681B685F4A934240F0CA808A
:1017C8004FF002024FF00003C7E912230023C7F8C5
:1017D800C03007F1480318460FF044F80346002BC1
:1017E80001D0FEF7E1FF554BD3F8E830534A43F4F4
:1017F8008013C2F8E830514BD3F8E83003F4801373
:10180800FB63FB6B4D4BD3F8E0304C4A43F00203CB
:10181800C2F8E030494BD3F8E03003F00203BB6371
:10182800BB6B4FF44053C7F80C310223C7F8103193
:101838000023C7F814310023C7F818310E23C7F85E
:101848001C3107F5867319463D4810F037FE3D4BAD
:101858003D4A1A603B4B41225A603A4B00229A603B
:10186800384B0022DA60374B4FF480621A61354BEF
:1018780000225A61334B00229A61324B0022DA610E
:10188800304B00221A622F4B00225A622D4810F06A
:10189800F7FF0346002B01D0FEF786FF07F590738C
:1018A800A3F58E731B68274AC3F88020254A07F5DD
:1018B8009073A3F58E731B689363244B244A1A60B4
:1018C800224B42225A60214B40229A601F4B002231
:1018D800DA601E4B4FF480621A611C4B00225A6179
:1018E8001A4B00229A61194B0022DA61174B002229
:1018F8001A62164B00225A62144810F0C1FF0346C0
:10190800002B01D0FEF750FF07F59073A3F58E73F7
:101918001B680E4ADA670D4A07F59073A3F58E73B4
:101928001B6893630022002135200CF0B2FD35209E
:101938000CF0C9FD00F02BBD0050004000440258D7
:10194800000402585414002458040240CC14002403
:101958007004024007F59073A3F58E731B681B682B
:101968005F4A934240F0CA804FF002024FF00003F2
:10197800C7E912230023C7F8C03007F14803184607
:101988000EF070FF0346002B01D0FEF70DFF554BFC
:10199800D3F8E830534A43F08043C2F8E830514B5B
:1019A800D3F8E83003F080437B637B6B4D4BD3F86F
:1019B800E0304C4A43F01003C2F8E030494BD3F80A
:1019C800E03003F010033B633B6B4FF4C073C7F880
:1019D8000C310223C7F810310023C7F81431002353
:1019E800C7F818310723C7F81C3107F5867319465D
:1019F8003D4810F063FD3D4B3D4A1A603B4B4F227A
:101A08005A603A4B00229A60384B0022DA60374B12
:101A18004FF480621A61354B00225A61334B002221
:101A28009A61324B0022DA61304B00221A622F4B46
:101A380000225A622D4810F023FF0346002B01D0E4
:101A4800FEF7B2FE07F59073A3F58E731B68274A5D
:101A5800C3F88020254A07F59073A3F58E731B6899
:101A68009363244B244A1A60224B50225A60214B1C
:101A780040229A601F4B0022DA601E4B4FF48062AE
:101A88001A611C4B00225A611A4B00229A61194BA9
:101A98000022DA61174B00221A62164B00225A62A2
:101AA800144810F0EDFE0346002B01D0FEF77CFE33
:101AB80007F59073A3F58E731B680E4ADA670D4A13
:101AC80007F59073A3F58E731B68936300220121B9
:101AD80052200CF0DEFC52200CF0F5FC00F057BC54
:101AE80000780040004402580010025844150024B1
:101AF800A0040240BC1500244004024007F590737E
:101B0800A3F58E731B681B685E4A934240F0C88039
:101B18004FF002024FF00003C7E912230023C7F871
:101B2800C03007F1480318460EF09CFE0346002B10
:101B380001D0FEF739FE544BD3F8E830524A43F04F
:101B48000043C2F8E830504BD3F8E83003F00043C4
:101B5800FB62FB6A4C4BD3F8E0304B4A43F010036E
:101B6800C2F8E030484BD3F8E03003F01003BB6212
:101B7800BB6A0323C7F80C310223C7F810310023CE
:101B8800C7F814310023C7F818310823C7F81C31E7
:101B980007F5867319463D4810F090FC3C4B3D4ACA
:101BA8001A603B4B51225A60394B00229A60384BDD
:101BB8000022DA60364B4FF480621A61344B0022FF
:101BC8005A61334B00229A61314B0022DA61304B63
:101BD80000221A622E4B00225A622D4810F050FE45
:101BE8000346002B01D0FEF7DFFD07F59073A3F540
:101BF8008E731B68264AC3F88020254A07F5907320
:101C0800A3F58E731B689363234B244A1A60224BF7
:101C180052225A60204B40229A601F4B0022DA6001
:101C28001D4B4FF480621A611B4B00225A611A4BFC
:101C380000229A61184B0022DA61174B00221A62BF
:101C4800154B00225A62144810F01AFE0346002B66
:101C580001D0FEF7A9FD07F59073A3F58E731B68F5
:101C68000D4ADA670C4A07F59073A3F58E731B6863
:101C780093630022012153200CF00BFC53200CF03D
:101C880022FC84E3007C0040004402580010025803
:101C98003416002488000240AC1600248804024050
:101CA80007F59073A3F58E731B681B68644A93420B
:101CB80040F0D4804FF001024FF00003C7E912232F
:101CC8000023C7F8C43007F1480318460EF0CAFDD0
:101CD8000346002B01D0FEF767FD5A4BD3F8F030CE
:101CE800584A43F01003C2F8F030564BD3F8F0309E
:101CF80003F010037B627B6A524BD3F8E030514A01
:101D080043F00103C2F8E0304E4BD3F8E03003F063
:101D1800010207F59073A3F580731A6007F59073B5
:101D2800A3F580731B684FF4C063C7F80C31022316
:101D3800C7F810310123C7F814310023C7F8183148
:101D48000723C7F81C3107F5867319463E4810F07B
:101D5800B5FB3E4B3E4A1A603C4B29225A603B4B2E
:101D680000229A60394B0022DA60384B4FF48062C7
:101D78001A61364B00225A61344B00229A61334B68
:101D88004FF48072DA61314B4FF400321A622F4BF4
:101D980000225A622D4810F073FD0346002B01D033
:101DA800FEF702FD07F59073A3F58E731B68274AAB
:101DB800C3F88020254A07F59073A3F58E731B6836
:101DC8009363244B244A1A60224B2A225A60214BDF
:101DD80040229A601F4B0022DA601E4B4FF480624B
:101DE8001A611C4B00225A611A4B00229A61194B46
:101DF8000022DA61174B4FF400321A62154B0022A9
:101E08005A62144810F03CFD0346002B01D0FEF73F
:101E1800CBFC07F59073A3F58E731B680D4ADA6740
:101E28000C4A07F59073A3F58E731B689363002221
:101E3800002125200CF02DFB25200CF044FBA6E208
:101E480000100140004402580000025824170024E2
:101E5800100002409C170024A000024007F5907370
:101E6800A3F58E731B681B68664A934240F0D880BE
:101E78004FF002024FF00003C7E912230023C7F80E
:101E8800C03007F1480318460EF0ECFC0346002B5F
:101E980001D0FEF789FC5C4BD3F8E8305A4A43F48A
:101EA8000033C2F8E830584BD3F8E83003F4003276
:101EB80007F59073A3F582731A6007F59073A3F57D
:101EC80082731B68504BD3F8E0304F4A43F001034C
:101ED800C2F8E0304C4BD3F8E03003F0010207F5CC
:101EE8009073A3F584731A6007F59073A3F5847350
:101EF8001B680C23C7F80C310223C7F810310023E4
:101F0800C7F814310023C7F818310723C7F81C3164
:101F180007F5867319463D4810F0D0FA3C4B3D4A08
:101F28001A603B4B2B225A60394B00229A60384B7F
:101F38000022DA60364B4FF480621A61344B00227B
:101F48005A61334B00229A61314B0022DA61304BDF
:101F580000221A622E4B00225A622D4810F090FC83
:101F68000346002B01D0FEF71FFC07F59073A3F57D
:101F78008E731B68264AC3F88020254A07F590739C
:101F8800A3F58E731B689363234B244A1A60224B74
:101F98002C225A60204B40229A601F4B0022DA60A4
:101FA8001D4B4FF480621A611B4B00225A611A4B79
:101FB80000229A61184B0022DA61174B00221A623C
:101FC800154B00225A62144810F05AFC0346002BA5
:101FD80001D0FEF7E9FB07F59073A3F58E731B6834
:101FE8000D4ADA670C4A07F59073A3F58E731B68E0
:101FF80093630022002126200CF04BFA26200CF0D7
:1020080062FAC4E10044004000440258000002584B
:1020180014180024700002408C1800245800024054
:1020280007F59073A3F58E731B681B68674A934284
:1020380040F0DA804FF002024FF00003C7E91223A4
:102048000023C7F8C03007F1480318460EF00AFC11
:102058000346002B01D0FEF7A7FB5D4BD3F8E83011
:102068005B4A43F48023C2F8E830594BD3F8E83090
:1020780003F4802207F59073A3F586731A6007F5B9
:102088009073A3F586731B68514BD3F8E030504A20
:1020980043F00803C2F8E0304D4BD3F8E03003F0CA
:1020A800080207F59073A3F588731A6007F5907313
:1020B800A3F588731B684FF44073C7F80C310223EB
:1020C800C7F810310023C7F814310023C7F81831B6
:1020D8000723C7F81C3107F5867319463D4810F0E9
:1020E800EDF93D4B3D4A1A603B4B2D225A603A4B65
:1020F80000229A60384B0022DA60374B4FF4806236
:102108001A61354B00225A61334B00229A61324BD7
:102118000022DA61304B00221A622F4B00225A62E9
:102128002D4810F0ADFB0346002B01D0FEF73CFB19
:1021380007F59073A3F58E731B68274AC3F88020B0
:10214800254A07F59073A3F58E731B689363244B98
:10215800244A1A60224B2E225A60214B40229A6050
:102168001F4B0022DA601E4B4FF480621A611C4B31
:1021780000225A611A4B00229A61194B0022DA6137
:10218800174B00221A62164B00225A62144810F0AC
:1021980077FB0346002B01D0FEF706FB07F590738B
:1021A800A3F58E731B680E4ADA670D4A07F590731C
:1021B800A3F58E731B6893630022002127200CF07F
:1021C80068F927200CF07FF9E1E000BF00480040E3
:1021D80000440258000C0258041900242800024048
:1021E8007C1900244000024007F59073A3F58E7314
:1021F8001B681B68684A934240F0C9804FF001028F
:102208004FF00003C7E912230023C7F8C43007F1D1
:10221800480318460EF026FB0346002B01D0FEF7B4
:10222800C3FA5E4BD3F8F0305C4A43F02003C2F89F
:10223800F0305A4BD3F8F03003F0200207F59073D2
:10224800A3F58A731A6007F59073A3F58A731B6860
:10225800524BD3F8E030514A43F00403C2F8E0305F
:102268004E4BD3F8E03003F0040207F59073A3F562
:102278008C731A6007F59073A3F58C731B68C023E1
:10228800C7F80C310223C7F810310023C7F81431FE
:102298000023C7F818310723C7F81C3107F58673E0
:1022A80019463F4810F00AF93E4B3F4A1A603D4B29
:1022B80048225A603B4B40229A603A4B0022DA602F
:1022C800384B4FF480621A61364B00225A61354B05
:1022D80000229A61334B0022DA61324B00221A62E3
:1022E800304B00225A622F4810F0CAFA0346002BDE
:1022F80001D0FEF759FA07F59073A3F58E731B68A2
:10230800284ADA67274A07F59073A3F58E731B6886
:102318009363264B264A1A60244B47225A60234B64
:1023280000229A60214B0022DA60204B4FF4806231
:102338001A611E4B00225A611C4B00229A611B4BEA
:102348000022DA61194B00221A62184B00225A62E5
:10235800164810F095FA0346002B01D0FEF724FA30
:1023680007F59073A3F58E731B68104AC3F8802095
:102378000E4A07F59073A3F58E731B6893630022CA
:10238800002147200CF085F847200CF09CF800BF8E
:1023980007F59077BD4680BD0014014000440258FF
:1023A80000080258F4190024B80002406C1A0024EE
:1023B800B804024080B400AF00BFFDE780B400AFAE
:1023C80000BFFDE780B400AF00BFFDE780B400AFF9
:1023D80000BFFDE780B400AF00BFFDE780B400AFE9
:1023E80000BFBD465DF8047B704780B400AF00BFF6
:1023F800BD465DF8047B704780B400AF00BFBD46A2
:102408005DF8047B704780B500AF13F02DF900BF6D
:1024180080BD000080B500AF024811F05BFD00BF31
:1024280080BD00BF2417002480B500AF024811F01A
:1024380051FD00BF80BD00BF0419002480B500AF66
:10244800024811F047FD00BF80BD00BF7C19002481
:1024580080B500AF024811F03DFD00BF80BD00BF50
:102468008C18002480B500AF024811F033FD00BF7E
:1024780080BD00BF1418002480B500AF024811F0D9
:1024880029FD00BF80BD00BF3416002480B500AF11
:10249800024811F01FFD00BF80BD00BF9C1700243B
:1024A80080B500AF02480CF0E9FC00BF80BD00BF5A
:1024B8009C0C002480B500AF02480CF0DFFC00BF84
:1024C80080BD00BF3C0D002480B500AF044905481D
:1024D80008F0B3FD044814F055FC00BF80BD00BFF0
:1024E80008000024141E00241411002480B500AF35
:1024F8000449054808F0A1FD044814F043FC00BF56
:1025080080BD00BF240100241C1E0024A811002443
:1025180080B500AF024814F035FC00BF80BD00BF95
:102528003C12002480B500AF024813F047FA00BF00
:1025380080BD00BF780E002480B500AF024811F0BE
:10254800C9FC00BF80BD00BFF419002480B500AFEE
:102558000449054808F071FD044814F013FC00BF55
:1025680080BD00BF680100242C1E0024C40E002476
:1025780080B500AF0449054808F05FFD044814F031
:1025880001FC00BF80BD00BF78010024341E002478
:10259800580F002480B500AF024811F09BFC00BF23
:1025A80080BD00BF6413002480B500AF024811F05D
:1025B80091FC00BF80BD00BFDC13002480B500AFD4
:1025C800024811F087FC00BF80BD00BFBC15002485
:1025D80080B500AF024811F07DFC00BF80BD00BF90
:1025E8005414002480B500AF024811F073FC00BFFA
:1025F80080BD00BFCC14002480B500AF024811F0A4
:1026080069FC00BF80BD00BFAC16002480B500AFD8
:10261800024811F05FFC00BF80BD00BF44150024D4
:1026280080B500AF024811F055FC00BF80BD00BF67
:102638006C1A002480B500AF0449054808F0FDFC79
:10264800044814F09FFB00BF80BD00BF8001002438
:102658003C1E0024D012002480B500AF0449054870
:1026680008F0EBFC044814F08DFB00BF80BD00BFF0
:1026780070010024441E0024EC0F002480B500AF34
:102688000449054808F0D9FC044814F07BFB00BF56
:1026980080BD00BF880100244C1E00248010002447
:1026A80080B483B000AF0A4BD3F8F430084A43F043
:1026B8000203C2F8F430064BD3F8F43003F00203F7
:1026C8007B607B6800BF0C37BD465DF8047B7047B4
:1026D8000044025880B400AF294BD3F88830284A08
:1026E80043F47003C2F88830264B1B68254A43F030
:1026F80001031360234B00221A61224B1A682149F7
:10270800214B13400B601F4B00229A611D4B002286
:10271800DA611C4B00221A621A4B00229A62194B8A
:102728000022DA62174B00221A63164B00225A6302
:10273800144B00229A63134B0022DA63114B0022D8
:102748001A64104B00225A640E4B1B680D4A23F47E
:10275800802313600B4B00221A660C4B1A680C4B33
:102768001340B3F1005F02D20A4B01221A60044BF6
:102778004FF000629A6000BFBD465DF8047B704769
:1027880000ED00E0004402587FEDF6EA0010005C1E
:102798000000FFFF0881005180B483B000AF78606B
:1027A8007B684FF480625A807B684FF480629A801D
:1027B8007B684FF48062DA807B684FF480621A810C
:1027C8007B6803229A727B680322DA727B684FF473
:1027D80080621A807B680022DA817B6800221A8274
:1027E8007B6800225A827B680022A3F8E8207B6875
:1027F800002283F832207B68002283F833207B682C
:10280800002283F838207B68002283F835207B6813
:10281800002283F836207B68002283F83A207B6800
:10282800002283F83B207B68002283F837207B68EE
:10283800002283F834207B68002283F839207B68E3
:102848004FF00002C3F8F0207B684FF00002C3F895
:10285800F4207B68092283F8FC207B68002283F837
:10286800FE2000BF0C37BD465DF8047B70470000B2
:1028780080B582B000AF78600B467B807B881A46B3
:102888007968074800F010F8054800F0B7FA054BDA
:1028980000221A80002318460837BD4680BD00BFB5
:1028A800E41A00243C1C002480B586B000AFF86010
:1028B800B9601346FB800023FB75BB681B781A467A
:1028C800BB6801331B781B021343C3F30A0340F2AE
:1028D800946293420FDCBB681B781A46BB680133CD
:1028E8001B781B021343C3F30A03B3F5B67F02DB5D
:1028F800FB7D0133FB75BB6801331B78DB08DBB25A
:102908001A46BB6802331B785B011343C3F30A03FF
:1029180040F29462934212DCBB6801331B78DB08F7
:10292800DBB21A46BB6802331B785B011343C3F35F
:102938000A03B3F5B67F02DBFB7D0133FB75BB6889
:1029480002331B789B09DBB21A46BB6803331B783A
:102958009B001A43BB6804331B789B021343C3F3E1
:102968000A0340F29462934217DCBB6802331B7877
:102978009B09DBB21A46BB6803331B789B001A43DA
:10298800BB6804331B789B021343C3F30A03B3F5F4
:10299800B67F02DBFB7D0133FB75BB6804331B7814
:1029A8005B08DBB21A46BB6805331B78DB011343AF
:1029B800C3F30A0340F29462934212DCBB68043307
:1029C8001B785B08DBB21A46BB6805331B78DB0152
:1029D8001343C3F30A03B3F5B67F02DBFB7D013370
:1029E800FB75BB6805331B781B09DBB203F00C03CE
:1029F800042B11D0BB6805331B781B09DBB203F02D
:102A08000C03082B08D0BB6805331B781B09DBB205
:102A180003F00C030C2B02D1FB7D0133FB75BB6863
:102A280005331B781B09DBB203F00303012B11D01C
:102A3800BB6805331B781B09DBB203F00303022BC9
:102A480008D0BB6805331B781B09DBB203F003030E
:102A5800032B02D1FB7D0133FB75FB7D062B40F078
:102A6800C781BB681B781AB2BB6801331B781BB2DD
:102A78001B021BB213431BB29BB2C3F30A039AB2E5
:102A8800FB685A80BB6801331B78DB08DBB21AB2DB
:102A9800BB6802331B781BB25B011BB213431BB22A
:102AA8009BB2C3F30A039AB2FB689A80BB680233ED
:102AB8001B789B09DBB21AB2BB6803331B781BB2C5
:102AC8009B001BB213431AB2BB6804331B781BB2BA
:102AD8009B021BB213431BB29BB2C3F30A039AB205
:102AE800FB68DA80BB6804331B785B08DBB21AB278
:102AF800BB6805331B781BB2DB011BB213431BB247
:102B08009BB2C3F30A039AB2FB681A81BB68053308
:102B18001B781B09DBB29B10DBB203F00303DAB2AC
:102B2800FB689A72BB6805331B781B09DBB203F09C
:102B38000303DAB2FB68DA72BB6810331B781AB287
:102B4800BB6811331B781BB21B021BB213431BB2A9
:102B58009BB2C3F30A039AB2FB681A80FB685B88CE
:102B6800B3F57F7F09D9FB685B8840F20342934243
:102B780003D8FB684FF480625A80FB689B88B3F5E2
:102B88007F7F09D9FB689B8840F20342934203D8B0
:102B9800FB684FF480629A80FB68DB88B3F57F7F1F
:102BA80009D9FB68DB8840F20342934203D8FB68EB
:102BB8004FF48062DA80FB681B89B3F57F7F09D9FF
:102BC800FB681B8940F20342934203D8FB684FF429
:102BD80080621A81BB6806331B781AB2BB68073358
:102BE8001B781BB21B021BB213431AB2FB68DA81B3
:102BF800BB6808331B781AB2BB6809331B781BB251
:102C08001B021BB213431AB2FB681A82BB680A3351
:102C18001B781AB2BB680B331B781BB21B021BB2A2
:102C280013431AB2FB685A82BB681A7BFB681A7591
:102C3800BB685A7BFB685A75FB68B3F90E3046F2DD
:102C4800A812934203DDFB6846F2A812DA81FB68FA
:102C5800B3F90E30684A934203DAFB6849F65862C2
:102C6800DA81FB68B3F9103046F2A812934203DD0B
:102C7800FB6846F2A8121A82FB68B3F910305E4A64
:102C8800934203DAFB6849F658621A82BB680E332E
:102C98001B781AB2BB680F331B781BB21B021BB21E
:102CA80013431BB29AB2FB681A83BB680E331B78B6
:102CB80003F00103DAB2FB689A76BB680E331B781F
:102CC8005B08DBB203F00103DAB2FB681A77BB6872
:102CD8000E331B789B08DBB203F00103DAB2FB6802
:102CE800DA76BB680E331B78DB08DBB203F001032E
:102CF800DAB2FB685A77BB680F331B78DB09DAB2A4
:102D0800FB6883F82720BB680F331B789B09DBB26D
:102D180003F00103DAB2FB6883F82220BB680F33A3
:102D28001B785B09DBB203F00103DAB2FB6883F8B6
:102D38002520BB680F331B781B09DBB203F00103A6
:102D4800DAB2FB6883F82920BB680F331B78DB08ED
:102D5800DBB203F00103DAB2FB6883F82820BB6812
:102D68000F331B789B08DBB203F00103DAB2FB6870
:102D780083F82420BB680F331B785B08DBB203F0B1
:102D88000103DAB2FB6883F82320BB680F331B7892
:102D980003F00103DAB2FB6883F82620BB680E3320
:102DA8001B78DB09DAB2FB6883F82120BB680E3395
:102DB8001B789B09DBB203F00103DAB2FB6883F8E6
:102DC8002020BB680E331B785B09DBB203F00103DC
:102DD800DAB2FB68DA77BB680E331B781B09DBB203
:102DE80003F00103DAB2FB689A77F86800F082F919
:102DF80000BF1837BD4680BD589EFFFF80B483B022
:102E080000AF78607B685B8840F22C52934203D90C
:102E18007B6801225A770DE07B685B8840F22C5270
:102E2800934207D87B685B88B3F5806F02D97B68CB
:102E380000225A777B685B88B3F5357F03D27B68BD
:102E48000122DA760CE07B685B88B3F5357F07D31F
:102E58007B685B88B3F5806F02D27B680022DA76E4
:102E68007B689B8840F22C52934203D97B680122ED
:102E78009A760DE07B689B8840F22C52934207D8E3
:102E88007B689B88B3F5806F02D97B6800229A76AD
:102E98007B689B88B3F5357F03D27B6801221A775C
:102EA8000CE07B685B88B3F5357F07D37B685B886C
:102EB800B3F5806F02D27B6800221A777B689A7E0E
:102EC8007B681B7F9A423ED17B68D3ED3C7AF5EE56
:102ED800C07AF1EE10FA16DB7B68D3ED3C7AB0EEDF
:102EE800007A77EEC77A7B68C3ED3C7A7B68D3EDCE
:102EF8003C7AF5EEC07AF1EE10FA04D57B684FF013
:102F08000002C3F8F0207B68D3ED3C7AF5EEC07A76
:102F1800F1EE10FA46D57B68D3ED3C7AB0EE007A34
:102F280077EE877A7B68C3ED3C7A7B68D3ED3C7A91
:102F3800F5EEC07AF1EE10FA34DD7B684FF000024E
:102F4800C3F8F0202EE07B6893ED3C7A7B689B7E8B
:102F58001A467B681B7FD31A5B0007EE903AF8EE9F
:102F6800E77A77EE277A7B68C3ED3C7A7B68D3ED06
:102F78003C7A9FED5A7AF4EEC77AF1EE10FA03DD47
:102F88007B68574AC3F8F0207B68D3ED3C7A9FED05
:102F9800557AF4EEC77AF1EE10FA03D57B68524AF7
:102FA800C3F8F0207B68DA7E7B685B7F9A423ED16B
:102FB8007B68D3ED3D7AF5EEC07AF1EE10FA16DBB8
:102FC8007B68D3ED3D7AB0EE007A77EEC77A7B68FE
:102FD800C3ED3D7A7B68D3ED3D7AF5EEC07AF1EE2C
:102FE80010FA04D57B684FF00002C3F8F4207B6820
:102FF800D3ED3D7AF5EEC07AF1EE10FA46D57B684E
:10300800D3ED3D7AB0EE007A77EE877A7B68C3ED30
:103018003D7A7B68D3ED3D7AF5EEC07AF1EE10FA91
:1030280034DD7B684FF00002C3F8F4202EE07B68A3
:1030380093ED3D7A7B685B7F1A467B68DB7ED31A0B
:103048005B0007EE903AF8EEE77A77EE277A7B682E
:10305800C3ED3D7A7B68D3ED3D7A9FED207AF4EE9F
:10306800C77AF1EE10FA03DD7B681D4AC3F8F42035
:103078007B68D3ED3D7A9FED1B7AF4EEC77AF1EECB
:1030880010FA03D57B68184AC3F8F4207B681B88BC
:10309800B3F5AF6F03D97B68144AC3F8F8207B688F
:1030A8001B88B3F5487F03D27B68114AC3F8F82020
:1030B8007B681B88B3F5487F09D37B681B88B3F509
:1030C800AF6F04D87B684FF00002C3F8F82000BF48
:1030D8000C37BD465DF8047B704700BF0000C8424E
:1030E8000000C8420000C8C20000C8C2000096C460
:1030F8000000964480B483B000AF78607B689B7E04
:10310800012B0ED1994B1B8801339AB2974B1A8029
:10311800964B1B88052B0BD17B68012283F82C204A
:1031280006E07B68002283F82C20904B00221A804E
:103138007B68DB7E012B0ED18D4B1B8801339AB245
:103148008B4B1A808A4B1B88052B0BD17B6801227D
:1031580083F82D2006E0864B00221A807B68002227
:1031680083F82D207B681B7F012B0ED1814B1B8898
:1031780001339AB27F4B1A807E4B1B88052B0BD1EB
:103188007B68012283F82E2006E07A4B00221A8001
:103198007B68002283F82E207B685B7F012B0ED191
:1031A800754B1B8801339AB2734B1A80724B1B887C
:1031B800052B0BD17B68012283F82F2006E06E4B8C
:1031C80000221A807B68002283F82F207B6893F8FE
:1031D8002730012B1ED1694B1B8801339AB2674BEC
:1031E8001A80664B1B88052B1BD17B68012283F84C
:1031F80039207B6893F857300133DAB27B6883F85B
:1032080057207B6893F85A300133DAB27B6883F829
:103218005A2006E0594B00221A807B68002283F866
:1032280039207B6893F82530012B16D1544B1B8825
:1032380001339AB2524B1A80514B1B88032B13D17E
:103248007B68012283F837207B6893F85530013377
:10325800DAB27B6883F8552006E0494B00221A80D1
:103268007B68002283F837207B6893F82630012B8F
:1032780016D1444B1B8801339AB2424B1A80414BFA
:103288001B88052B13D17B6893F838300133DAB2E9
:103298007B6883F838207B68012283F8562006E093
:1032A800384B00221A807B68002283F856207B68FE
:1032B80093F82330012B0ED1334B1B8801339AB27C
:1032C800314B1A80304B1B88052B0BD17B680122B0
:1032D80083F8352006E02C4B00221A807B680022F8
:1032E80083F835207B6893F82930012B16D1274BBA
:1032F8001B8801339AB2254B1A80244B1B88052B57
:1033080013D17B68012283F83B207B6893F85930FE
:103318000133DAB27B6883F8592006E01B4B0022A0
:103328001A807B68002283F83B207B6893F824305E
:10333800012B2FD1164B1B8801339AB2144B1A80DC
:10334800134B1B88052B28D17B6893F83630013343
:10335800DAB27B6883F836207B6893F854300133FF
:10336800DAB27B6883F8542017E000BFFA1B002408
:10337800FC1B0024FE1B0024001C0024021C00244B
:10338800041C0024061C0024081C00240A1C002419
:103398000C1C0024964B00221A807B6893F820307E
:1033A800012B12D1934B1B8801339AB2914B1A808F
:1033B800904B1B88052B0BD17B6893F83230013377
:1033C800DAB27B6883F8322002E08A4B00221A8046
:1033D8007B6893F82130012B12D1874B1B8801336E
:1033E8009AB2854B1A80844B1B88052B0BD17B68BE
:1033F80093F833300133DAB27B6883F8332002E084
:103408007D4B00221A807B6893F82830012B16D157
:103418007A4B1B8801339AB2784B1A80774B1B88FA
:10342800052B13D17B68012283F83A207B6893F837
:1034380058300133DAB27B6883F8582006E06F4BC6
:1034480000221A807B68002283F83A207B6893F870
:103458002230012B16D16A4B1B8801339AB2684B74
:103468001A80674B1B88052B13D17B68012283F8D0
:1034780034207B6893F852300133DAB27B6883F8E2
:10348800522006E05E4B00221A807B68002283F8F7
:1034980034207B68DB7F012B11D15A4B1B88013309
:1034A8009AB2584B1A80574B1B88052B0BD17B6857
:1034B800012283F83120534B00221A8003E07B68F5
:1034C800002283F831207B689B7F012B19D14E4B5A
:1034D8001B8801339AB24C4B1A804B4B1B88052B27
:1034E80013D17B68012283F830207B6893F85B3026
:1034F8000133DAB27B6883F85B20434B00221A80E1
:1035080003E07B68002283F830207B681B7D012B59
:103518000DD13E4B1B8801339AB23C4B1A803B4B72
:103528001B88052B09D17B6801229A7505E0374B6A
:1035380000221A807B6800229A757B685B7D012BCC
:1035480010D1334B1B8801339AB2314B1A80304B60
:103558001B88052B09D17B68DB7D0133DAB27B68D8
:10356800DA7502E02A4B00221A807B68DB7F012B88
:103578001BD17B689B7F012B17D17B6893F8283080
:10358800012B12D1234B1B8801339AB2214B1A808D
:10359800204B1B88052B0BD17B6893F83C300133FB
:1035A800DAB27B6883F83C2002E01A4B00221A80CA
:1035B8007B68DB7F012B31D17B689B7F012B2DD171
:1035C8007B6893F82930012B28D1134B1B880133D2
:1035D8009AB2114B1A80104B1B88052B21D17B689E
:1035E80093F83D300133DAB27B6883F83D2018E068
:1035F8000C1C00240E1C0024101C0024121C002487
:10360800141C0024161C0024181C00241A1C002456
:103618001C1C00241E1C0024201C0024774B0022A4
:103628001A807B68DB7F012B1BD17B689B7F012B7A
:1036380017D17B6893F82230012B12D1704B1B886D
:1036480001339AB26E4B1A806D4B1B88052B0BD138
:103658007B6893F83E300133DAB27B6883F83E200A
:1036680002E0674B00221A807B689B7F012B17D1F1
:103678007B6893F82530012B12D1624B1B880133EC
:103688009AB2604B1A805F4B1B88052B0BD17B6865
:1036980093F83F300133DAB27B6883F83F2002E0C9
:1036A800584B00221A807B68DB7F012B1BD17B687B
:1036B8009B7F012B17D17B6893F82630012B12D101
:1036C800514B1B8801339AB24F4B1A804E4B1B88C3
:1036D800052B0BD17B6893F840300133DAB27B6855
:1036E80083F8402002E0484B00221A807B689B7FC9
:1036F800012B17D17B6893F82230012B12D1434B51
:103708001B8801339AB2414B1A80404B1B88052B0A
:103718000BD17B6893F841300133DAB27B6883F8C8
:10372800412002E0394B00221A807B689B7F012BE5
:1037380017D17B6893F82730012B12D1344B1B88A3
:1037480001339AB2324B1A80314B1B88052B0BD1AF
:103758007B6893F842300133DAB27B6883F8422001
:1037680002E02B4B00221A807B689B7F012B1BD128
:103778007B6893F82730012B16D17B68DB7F012B00
:1037880012D1244B1B8801339AB2224B1A80214B49
:103798001B88052B0BD17B6893F843300133DAB2D1
:1037A8007B6883F8432002E01A4B00221A807B686A
:1037B8009B7F012B17D17B6893F82030012B12D106
:1037C800154B1B8801339AB2134B1A80124B1B8876
:1037D800052B0CD17B6893F844300133DAB27B684F
:1037E80083F8442003E00C4B00221A8000BF00BF7E
:1037F8000C37BD465DF8047B704700BF201C0024D1
:10380800221C0024241C0024261C0024281C00241C
:103818002A1C00242C1C00242E1C002480B483B0F5
:1038280000AF78607B68B3F8EA207B68B3F8EC30C7
:103838005B089BB29A421CD27B68B3F900301A46E7
:103848007B68B3F8EA3019467B68B3F8EC305B085C
:103858009BB20B449A4228DD7B68B3F900309AB2D8
:103868007B68B3F8EC30D31A9BB21AB27B681A8023
:103878001BE07B68B3F900301A467B68B3F8EA307E
:1038880019467B68B3F8EC305B089BB2CB1A9A42B6
:103898000BDA7B68B3F900309AB27B68B3F8EC3086
:1038A80013449BB21AB27B681A807B68B3F9003064
:1038B8001A467B68B3F8EA30D31A07EE903AF8EE66
:1038C800E77A9FED067A67EE877A7B68C3ED047A1C
:1038D80000BF0C37BD465DF8047B7047ACFF333D35
:1038E80080B483B000AF78607B68B3F8EA207B6867
:1038F800B3F8EC305B089BB29A421DD27B68B3F9EF
:10390800D0301A467B68B3F8EA3019467B68B3F8BA
:10391800EC305B089BB20B449A422ADD7B68B3F912
:10392800D0309AB27B68B3F8EC30D31A9BB21AB293
:103938007B68A3F8D0201CE07B68B3F9D0301A4626
:103948007B68B3F8EA3019467B68B3F8EC305B085B
:103958009BB2CB1A9A420CDA7B68B3F9D0309AB290
:103968007B68B3F8EC3013449BB21AB27B68A3F8B7
:10397800D0207B68B3F9D0301A467B68B3F8EA30B8
:10398800D31A07EE903AF8EEE77A9FED067A67EEDB
:10399800877A7B68C3ED337A00BF0C37BD465DF884
:1039A800047B7047ACFF333D84B090B484B000AF63
:1039B800044607F11C0080E80E002346FB80002324
:1039C800BB600023FB603B6AFB600DE0FB68F03BDB
:1039D800BB60BB68B3F8E630FA889A4201D1BB688D
:1039E80008E0FB681B68FB607B6A1B68FA689A4200
:1039F800ECD1002318461037BD4690BC04B0704780
:103A0800F0B595B00AAF07F1080484E80F00002369
:103A18003B623B6CFB61FB6998B27B69009307F1E1
:103A280008030ECBFFF7C0FF38623B6A002B00F09B
:103A380096803B6AD3F8F8603B6A7B606D4607F175
:103A48004C040FCC0FC50FCC0FC523682B6007F1B2
:103A580040020ECA7868B0473B6AB3F90020424B6F
:103A68001B6807EE902AF8EEE77A3A6A0A339B0059
:103A780013440433C3ED007A3B6AB3F902203A4B8E
:103A88001B6807EE902AF8EEE77A3A6A1E339B0025
:103A980013440433C3ED007A334B1B680133324AB5
:103AA8001360314B1B68142B02D12F4B00221A6074
:103AB80000237B6224E02C4B1B683A6A0A339B0084
:103AC8001344043393ED007A284BD3ED007A77EE54
:103AD800277A264BC3ED007A234B1B683A6A1E33BC
:103AE8009B001344043393ED007A214BD3ED007A05
:103AF80077EE277A1E4BC3ED007A7B6A01337B622F
:103B08007B6A132BD7DD1A4B93ED007AF3EE046A28
:103B1800C7EE267AFDEEE77A17EE903A1AB23B6ABC
:103B2800A3F8D220114B93ED007AF3EE046AC7EEA6
:103B3800267AFDEEE77A17EE903A1AB23B6AA3F8B6
:103B4800D0200B4B4FF000021A60084B4FF00002D8
:103B58001A60386AFFF762FE386AFFF7C1FE00BFD5
:103B68002C37BD46F0BD00BF301C0024341C002497
:103B7800381C002480B483B000AF78607B681B8851
:103B880001339AB27B681A807B685B8801339AB2EA
:103B98007B685A807B689B8801339AB27B689A80DD
:103BA8007B68DB8801339AB27B68DA807B681B8884
:103BB800642B02D97B6864221A807B685B8840F694
:103BC800B832934203D97B6840F6B8325A807B6892
:103BD800DB88B3F5FA6F03D97B684FF4FA62DA80B1
:103BE80000BF0C37BD465DF8047B704780B584B0D4
:103BF80000AF78600023FB815A4B00221A70594BA2
:103C08001B785A1CD1B2574A11701A46564BFF21DD
:103C18009954544B1B785A1CD1B2524A11701A4607
:103C2800514BFF2199544F4B1B785A1CD1B24D4A26
:103C380011701A467B6819784B4B9954494B1B787D
:103C48005A1CD1B2474A11701A46474B0921995458
:103C5800444B1B785A1CD1B2424A11701A46424B47
:103C6800032199543F4B1B785A1CD1B23D4A11701D
:103C78001A463D4B2A2199547B685988394B1B7841
:103C88005A1CD0B2374A10701A46C9B2364B9954EA
:103C98007B685B881B0A99B2324B1B785A1CD0B2DE
:103CA800304A10701A46C9B22F4B99542D4B1B78C5
:103CB8005A1CD1B22B4A11701A462B4B0021995429
:103CC800284B1B785A1CD1B2264A11701A46264B2B
:103CD800002199547B689988224B1B785A1CD0B2D2
:103CE800204A10701A46C9B21F4B99547B689B88AA
:103CF8001B0A99B21B4B1B785A1CD0B2194A107078
:103D08001A46C9B2184B99540223BB600AE0164AF6
:103D1800BB6813441B781A46FB891344FB81BB68B4
:103D28000133BB60BB680B2BF1DDFB89FF2B02D98C
:103D3800FB89DBB2FB81FB89DB43FB81094B1B78E9
:103D48005A1CD1B2074A11701A46FB89D9B2064BE0
:103D580099540D220449054812F0B2FE00BF1037ED
:103D6800BD4680BD551C0024481C0024580F002463
:103D780080B582B000AF786039602B4B5A682B4B06
:103D880083FB021313449911D317C91A0B461B015D
:103D98005B1ADB00D11A002903D17B681846FFF7AC
:103DA80025FF214B5A68214B83FB021313449911B9
:103DB800D317C91A0B461B015B1ADB00D11A1E293F
:103DC80004D17B6806331846FFF710FF164B5A6874
:103DD800164B83FB021313449911D317C91A0B46C8
:103DE8001B015B1ADB00D11A3C2903D13B6818463A
:103DF800FFF7FCFE0C4B5A680C4B83FB0213134471
:103E08009911D317C91A0B461B015B1ADB00D11A8B
:103E18005A2904D13B6806331846FFF7E7FE00BF6E
:103E28000837BD4680BD00BF541E00248988888895
:103E380080B485B000AF78600023BB810223FB7398
:103E48000AE0FB7B7A6813441B781A46BB89134443
:103E5800BB81FB7B0133FB737B6803331B785A1CE4
:103E6800FB7B9A42EDDABB89DB43BB81BB89FB73E1
:103E7800FB7B18461437BD465DF8047B704700008D
:103E880080B582B000AF0346FB800B46BB8013466B
:103E98007B801B4B55225A70194B5A78184B1A7055
:103EA800FB88DAB2164B9A70154B0722DA70144B5E
:103EB80001221A717B88DAB2114B5A71B7F90230B4
:103EC8001B121BB2DAB20E4B9A71BB88DAB20C4BDA
:103ED800DA71BB881B0A9BB2DAB2094B1A7208481E
:103EE800FFF7A6FF03461A46054B5A720A220449F1
:103EF800044812F0E5FD00BF0837BD4680BD00BF8D
:103F0800581C0024EC0F002480B483B000AF034693
:103F1800FB800B46BB8013467B80B7F90620B7F9B8
:103F280004309A4202DABB88FB8007E0B7F9062022
:103F3800B7F902309A4201DD7B88FB80B7F9063079
:103F480018460C37BD465DF8047B704780B582B0D3
:103F580000AF786039607A681B4B83FB0213134407
:103F68009911D317C91A0B461B015B1ADB00D11A2A
:103F780000290AD13B681B7818463B6899883B683A
:103F8800B3F902301A46FFF77BFF7A680E4B83FBC2
:103F9800021313449911D317C91A0B461B015B1A54
:103FA800DB00D11A3C290AD13B681B7C18463B68C8
:103FB800998A3B68B3F912301A46FFF761FF00BFD0
:103FC8000837BD4680BD00BF8988888880B483B023
:103FD80000AF78607B685A687B68C3F834217B68D7
:103FE800D3F834217B68C3F838217B68D3ED017A94
:103FF8009FED5C7A67EE877A7B68C3ED507A7B68C1
:10400800D3ED017A9FED577A67EE877A7B68C3ED27
:10401800527A7B68DA697B68C3F8D8217B68D3F861
:10402800D8217B68C3F8DC217B68D3ED077A9FED44
:104038004D7A67EE877A7B68C3ED797A7B68D3ED32
:10404800077A9FED487A67EE877A7B68C3ED7B7ABB
:104058007B685A6B7B68C3F87C227B68D3F87C2228
:104068007B68C3F880227B68D3ED0D7A9FED3D7A9B
:1040780067EE877A7B68C3EDA27A7B68D3ED0D7A09
:104088009FED387A67EE877A7B68C3EDA47A7B6800
:10409800DA6C7B68C3F820237B68D3F820237B681D
:1040A800C3F824237B68D3ED137A9FED2E7A67EE4D
:1040B800877A7B68C3EDCB7A7B68D3ED137A9FED63
:1040C800297A67EE877A7B68C3EDCD7A7B685A6E6A
:1040D8007B68C3F8C4237B68D3F8C4237B68C3F820
:1040E800C8237B68D3ED197A9FED1E7A67EE877A2D
:1040F8007B68C3EDF47A7B68D3ED197A9FED197A62
:1041080067EE877A7B68C3EDF67A7B68DA6F7B683F
:1041180003F58D631A607B6803F58D631A687B6805
:1041280003F26C431A607B68D3ED1F7A9FED0D7A1A
:1041380067EE877A7B6803F27443C3ED007A7B6885
:10414800D3ED1F7A9FED077A67EE877A7B6803F2D3
:104158007C43C3ED007A00BF0C37BD465DF8047B95
:10416800704700BF302F654280B584B000AFF8605B
:10417800B9607A60B9683B4B83FB0132CB17D21A1E
:1041880013465B0013445B00CA1A002A04D1FB687B
:104198001946786800F060F9B968324B83FB013240
:1041A800CB17D21A13465B0013445B00CA1A012AC4
:1041B80005D1FB6818331946786800F04DF9B968DD
:1041C800284B83FB0132CB17D21A13465B001344EA
:1041D8005B00CA1A022A05D1FB6830331946786891
:1041E80000F03AF9B9681F4B83FB0132CB17D21A9A
:1041F80013465B0013445B00CA1A032A05D1FB6807
:1042080048331946786800F027F9B968154B83FBDD
:104218000132CB17D21A13465B0013445B00CA1A4B
:10422800042A05D1FB6860331946786800F014F950
:10423800B9680C4B83FB0132CB17D21A13465B00CB
:1042480013445B00CA1A052A05D1FB68783319465E
:10425800786800F001F9F868FFF7B8FE00BF10377A
:10426800BD4680BDABAAAA2A80B487B000AF87ED4F
:10427800030AC7ED020A87ED011A386097ED017A43
:10428800D7ED027A77EE677AC7ED057ABB683B61AE
:1042980097ED037AD7ED047A37EE677A01223B6807
:1042A80002FA03F3013B07EE903AF8EEE77A67EE7D
:1042B800276A97ED057AC6EE877AFDEEE77A17EE5C
:1042C800903A18461C37BD465DF8047B704780B4A9
:1042D80087B000AFF86087ED020AC7ED010A3960C0
:1042E80097ED017AD7ED027A77EE677AC7ED057A0E
:1042F800BB683B61FB6807EE903AB8EEE77AD7ED0A
:10430800057A67EE276A01223B6802FA03F3013B4C
:1043180007EE903AF8EEE77A86EEA77AD7ED047AB8
:1043280077EE277AB0EE670A1C37BD465DF8047B46
:104338007047000080B58CB000AFF861B96187EDB7
:10434800050AC7ED040A87ED031AC7ED021A87EDBF
:10435800012A1020B2EE091AFAEE090A97ED050AA9
:10436800FFF782FF0346FB850C20B3EE0E1AFBEE27
:104378000E0A97ED040AFFF777FF0346BB850C206A
:104388009FED321ADFED320A97ED030AFFF76CFF53
:1043980003467B850C20B1EE041ADFED2D0A97ED5C
:1043A800020AFFF761FF03463B850C20B2EE041AB0
:1043B800FAEE040A97ED010AFFF756FF0346FB845D
:1043C800BB691B781A46234B1A60FB8D1B0A9BB2EC
:1043D800DAB2204B1A71FB8DDAB21E4B5A71BB8DC3
:1043E8001B099BB2DAB21B4B9A71BB8D5BB21B01E6
:1043F8005AB27B8D1B0A9BB25BB213435BB2DAB233
:10440800144BDA717B8DDAB2124B1A723B8D1B0991
:104418009BB2DAB20F4B5A723B8D5BB21B015AB298
:10442800FB8C1B0A9BB25BB213435BB2DAB2094B3B
:104438009A72FB8CDAB2074BDA720649F86906F011
:104448008DFE00BF3037BD4680BD00BF0000FA4377
:1044580000000000641C002480B582B000AF7860C2
:1044680039603B681B781A46104B1A600F4BFF22C5
:104478001A710E4BFF225A710C4BFF229A710B4B8B
:10448800FF22DA71094BFF221A72084BFF225A7277
:10449800064BFF229A72054BFC22DA7203497868B0
:1044A80006F05CFE00BF0837BD4680BD701C0024C6
:1044B80080B584B000AF786039603B681B7803F042
:1044C8000F03DAB27B685A703B681B781B09DAB2B3
:1044D8007B689A703B6802331B781AB23B680133D9
:1044E8001B781BB21B021BB213431BB2FB81FB8957
:1044F8001021F2EE090ABAEE090A1846FFF7E7FE9C
:10450800F0EE407A7B68C3ED017A3B6804331B7890
:104518001A463B6803331B781B0213431B11BB81EC
:10452800BB890C21F3EE0E0ABBEE0E0A1846FFF704
:10453800CEFEF0EE407A7B68C3ED027A3B68053325
:104548001B781AB23B6804331B781BB21B021BB2E0
:1045580003F470631BB213431BB27B817B890C216C
:10456800F2EE040ABAEE040A1846FFF7B0FEF0EEBF
:10457800407A7B68C3ED037A3B6806331B785AB2EE
:104588007B681A743B6807331B785AB27B685A7485
:1045980000BF1037BD4680BD84B0B0B584B000AF51
:1045A800786007F1240080E80E007B6BFB60FB68F5
:1045B800013B152B00F2908001A252F823F000BFB6
:1045C80021460008314600084146000851460008C7
:1045D8006146000871460008E1460008E146000807
:1045E800E1460008E1460008E1460008E146000807
:1045F800E1460008E1460008E1460008E1460008F7
:104608008146000891460008A1460008B146000806
:10461800C1460008D146000807F13403283319467B
:104628003748FFF745FF57E007F1340328331946A9
:104638003448FFF73DFF4FE007F1340328331946AC
:104648003148FFF735FF47E007F1340328331946AF
:104658002E48FFF72DFF3FE007F1340328331946B2
:104668002B48FFF725FF37E007F1340328331946B5
:104678002848FFF71DFF2FE007F1340328331946B8
:104688002548FFF715FF27E007F1340328331946BB
:104698002248FFF70DFF1FE007F1340328331946BE
:1046A8001F48FFF705FF17E007F1340328331946C1
:1046B8001C48FFF7FDFE0FE007F1340328331946C5
:1046C8001948FFF7F5FE07E007F1340328331946C8
:1046D8001648FFF7EDFE00BF7B681D4607F134045E
:1046E8000FCC0FC50FCC0FC594E80F0085E80F005D
:1046F80078681037BD46BDE8B04004B0704700BFC9
:10470800F0010024D801002408020024200200241B
:10471800380200245002002400070024180700244F
:104728003007002448070024600700247807002485
:1047380080B584B000AF786039607B681B781BB2A5
:104748001B021AB27B6801331B781BB213431BB2DE
:10475800FB81FB894AF65312934240F09D813B68E6
:104768009B6C5A1C3B689A647B6802331B781AB2AC
:104778007B6803331B781BB21B021BB213431BB2AB
:104788009BB2C3F30A039AB23B681A807B6803336F
:104798001B78DB08DBB21AB27B6804331B781BB2C8
:1047A8005B011BB213431BB29BB2C3F30A039AB259
:1047B8003B685A807B6804331B789B09DBB21AB2CA
:1047C8007B6805331B781BB29B001BB213431AB2DC
:1047D8007B6806331B781BB29B021BB213431BB2C8
:1047E8009BB2C3F30A039AB23B689A807B6806338C
:1047F8001B785B08DBB21AB27B6807331B781BB2E5
:10480800DB011BB213431BB29BB2C3F30A039AB278
:104818003B68DA807B6807331B781B09DBB203F03F
:104828000303DAB23B689A723B689B7A012B02D980
:104838003B6801229A727B6807331B789B09DBB2BD
:1048480003F00103DAB23B68DA727B6807331B783E
:10485800DB09DAB23B681A737B6808331B7803F00C
:104868000103DAB23B685A737B6808331B785B082C
:10487800DBB21AB27B6809331B781BB2DB011BB2AF
:1048880013431BB29BB2C3F30A039AB23B681A8163
:104898007B6809331B781B09DBB203F00303DAB228
:1048A8003B689A737B680A331B781AB27B680B33B0
:1048B8001B781BB21B021BB213431AB23B681A8245
:1048C8007B680C331B781AB27B680D331B781BB2DC
:1048D8001B021BB213431AB23B685A827B680E3321
:1048E8001B781AB27B680F331B781BB21B021BB2F2
:1048F80013431AB23B689A827B6810331B7803F023
:104908000303DAB23B689A757B6810331B789B08FF
:10491800DBB203F00303DAB23B681A767B68103324
:104928001B781B09DBB203F00303DAB23B68DA75C4
:104938007B685A7C3B681A777B689A7C3B685A7715
:104948007B6811331B7803F00103DAB23B6883F804
:1049580020207B6811331B785B08DBB203F001036E
:10496800DAB23B6883F822207B6811331B789B08F6
:10497800DBB203F00103DAB23B6883F821207B68DD
:1049880011331B78DB08DBB203F00103DAB23B68B2
:1049980083F823207B6811331B781B09DBB203F0F3
:1049A8000103DAB23B6883F824207B6811331B7853
:1049B8005B09DBB203F00103DAB23B6883F8252018
:1049C8007B6811331B789B09DBB203F00103DAB271
:1049D8003B6883F826207B6811331B78DB09DAB241
:1049E8003B6883F827207B6812331B78DB09DAB22F
:1049F8003B6883F82D207B6812331B789B09DBB258
:104A080003F00103DAB23B6883F828207B6812338D
:104A18001B785B09DBB203F00103DAB23B6883F869
:104A28002B207B6812331B781B09DBB203F00103D0
:104A3800DAB23B6883F82F207B6812331B78DB08D7
:104A4800DBB203F00103DAB23B6883F82E207B68FF
:104A580012331B789B08DBB203F00103DAB23B6820
:104A680083F82A207B6812331B785B08DBB203F0DB
:104A78000103DAB23B6883F829207B6812331B787C
:104A880003F00103DAB23B6883F82C20044800F0F5
:104A980071F8034800F098FA00BF1037BD4680BD92
:104AA8007C1C002480B483B000AF78607B684FF42E
:104AB80080621A807B684FF480625A807B684FF46A
:104AC80080629A807B684FF48062DA807B684FF45A
:104AD80080621A817B6800221A827B6800225A82CF
:104AE8007B6800229A827B68002283F838207B68E2
:104AF800002283F839207B68002283F83E207B68F7
:104B0800002283F83B207B68002283F83C207B68E6
:104B1800002283F840207B68002283F841207B68CC
:104B2800002283F83D207B68002283F83A207B68C6
:104B3800002283F83F207B684FF000025A657B68AB
:104B48004FF000021A657B68002283F821207B68F9
:104B5800002283F823207B68002283F820207B68CA
:104B6800002283F8222000BF0C37BD465DF8047B85
:104B78007047000080B483B000AF78607B689B7A90
:104B8800002B00F00A827B6893F82030012B0ED1AD
:104B9800944B1B8801339AB2924B1A80914B1B8815
:104BA800052B0BD17B68012283F8322006E07B6855
:104BB800002283F832208B4B00221A807B6893F8FE
:104BC8002130012B0ED1884B1B8801339AB2864BBA
:104BD8001A80854B1B88052B0BD17B68012283F833
:104BE800332006E0804B00221A807B68002283F87D
:104BF80033207B6893F82230012B0ED17B4B1B8826
:104C080001339AB2794B1A80784B1B88052B0BD14C
:104C18007B68012283F8342006E0744B00221A8056
:104C28007B68002283F834207B6893F82330012BBB
:104C38000ED16F4B1B8801339AB26D4B1A806C4BA7
:104C48001B88052B0BD17B68012283F8352006E0F1
:104C5800674B00221A807B68002283F835207B6826
:104C680093F82D30012B0ED1624B1B8801339AB279
:104C7800604B1A805F4B1B88052B0BD17B68012288
:104C880083F83F2006E05B4B00221A807B680022F5
:104C980083F83F207B6893F82B30012B0ED1564BBD
:104CA8001B8801339AB2544B1A80534B1B88052B2F
:104CB8000BD17B68012283F83D2006E04E4B002291
:104CC8001A807B68002283F83D207B6893F82C309B
:104CD800012B12D1494B1B8801339AB2474B1A80DA
:104CE800464B1B88052B0FD17B6893F83E30013368
:104CF800DAB27B6883F83E2006E07B68002283F8FE
:104D08003E203E4B00221A807B6893F82930012B05
:104D18000ED13B4B1B8801339AB2394B1A80384B62
:104D28001B88052B0BD17B68012283F83B2006E00A
:104D3800334B00221A807B68002283F83B207B6873
:104D480093F82F30012B0ED12E4B1B8801339AB2CA
:104D58002C4B1A802B4B1B88052B0BD17B6801220F
:104D680083F8412006E0274B00221A807B68002246
:104D780083F841207B6893F82A30012B12D1224B0B
:104D88001B8801339AB2204B1A801F4B1B88052BB6
:104D98000FD17B6893F83C300133DAB27B6883F833
:104DA8003C2006E0184B00221A807B68002283F81A
:104DB8003C207B6893F82630012B29D1134B1B88A4
:104DC80001339AB2114B1A80104B1B88052B26D140
:104DD8007B6893F838300133DAB27B6883F838207F
:104DE8001DE000BFD41C0024D61C0024D81C0024BD
:104DF800DA1C0024DC1C0024DE1C0024E01C002437
:104E0800E21C0024E41C0024E61C0024E81C002406
:104E1800654B00221A807B68002283F838207B6863
:104E280093F82730012B12D1604B1B8801339AB2BB
:104E38005E4B1A805D4B1B88052B0FD17B6893F85E
:104E480039300133DAB27B6883F8392006E0574BF2
:104E580000221A807B68002283F839207B6893F847
:104E68002E30012B0ED1524B1B8801339AB2504B76
:104E78001A804F4B1B88052B0BD17B68012283F8C6
:104E8800402006E04A4B00221A807B68002283F803
:104E980040207B6893F82830012B0ED1454B1B88A6
:104EA80001339AB2434B1A80424B1B88052B0BD116
:104EB8007B68012283F83A2006E03E4B00221A80E4
:104EC8007B68002283F83A207B6893F82530012B11
:104ED80011D1394B1B8801339AB2374B1A80364BA4
:104EE8001B88052B0BD17B68012283F83720324BB6
:104EF80000221A8003E07B68002283F837207B6851
:104F080093F82430012B11D12C4B1B8801339AB212
:104F18002A4B1A80294B1B88052B0BD17B68012251
:104F280083F83620254B00221A8003E07B68002294
:104F380083F836207B689B7D012B0DD1204B1B8885
:104F480001339AB21E4B1A801D4B1B88052B09D1C1
:104F58007B6801225A7605E0194B00221A807B688B
:104F680000225A767B681B7E012B10D1154B1B88BB
:104F780001339AB2134B1A80124B1B88052B0CD1A4
:104F88007B68DB7E0133DAB27B68DA7605E07B6822
:104F98000022DA760B4B00221A8000BF0C37BD4680
:104FA8005DF8047B704700BFE81C0024EA1C00245D
:104FB800EC1C0024EE1C0024F01C0024F21C00242D
:104FC800F41C0024F61C002480B483B000AF786081
:104FD8007B689B7A002B0FD17B68002283F8222004
:104FE8007B68002283F820207B68002283F8212038
:104FF8007B68002283F823207B6893F820207B6855
:1050080093F822309A423ED17B68D3ED147AF5EEBC
:10501800C07AF1EE10FA16DB7B6893ED147A764BC2
:10502800D3ED007A77EE677A7B68C3ED147A7B68F4
:10503800D3ED147AF5EEC07AF1EE10FA03D57B6859
:105048004FF000021A657B68D3ED147AF5EEC07A4A
:10505800F1EE10FA4BD57B6893ED147A664BD3EDDD
:10506800007A77EE277A7B68C3ED147A7B68D3EDF4
:10507800147AF5EEC07AF1EE10FA38DD7B684FF05D
:1050880000021A6533E07B6893ED147A7B6893F825
:1050980020301A467B6893F82230D31A5B0007EE5B
:1050A800903AF8EEE76A544BD3ED007A66EEA77AA9
:1050B80077EE277A7B68C3ED147A7B68D3ED147A90
:1050C8009FED4E7AF4EEC77AF1EE10FA02DD7B68B6
:1050D8004B4A1A657B68D3ED147A9FED4A7AF4EE51
:1050E800C77AF1EE10FA02D57B68474A1A657B68E1
:1050F80093F821207B6893F823309A4240D17B684B
:10510800D3ED157AF5EEC07AF1EE10FA16DB7B686E
:1051180093ED157A384BD3ED007A77EE677A7B6892
:10512800C3ED157A7B68D3ED157AF5EEC07AF1EE0A
:1051380010FA03D57B684FF000025A657B68D3EDFF
:10514800157AF5EEC07AF1EE10FA00D44DE07B68DE
:1051580093ED157A284BD3ED007A77EE277A7B68A2
:10516800C3ED157A7B68D3ED157AF5EEC07AF1EECA
:1051780010FA00DC39E07B684FF000025A6534E031
:105188007B6893ED157A7B6893F823301A467B6821
:1051980093F82130D31A5B0007EE903AF8EEE76AED
:1051A800154BD3ED007A66EEA77A77EE277A7B68FF
:1051B800C3ED157A7B68D3ED157A9FED107AF4EE7E
:1051C800C77AF1EE10FA02DD7B680D4A5A657B68F2
:1051D800D3ED157A9FED0B7AF4EEC77AF1EE10FA5B
:1051E80000D402E07B68084A5A6500BF0C37BD4608
:1051F8005DF8047B704700BF400000240000C842EF
:105208000000C8420000C8C20000C8C280B483B011
:1052180000AF87ED010A38603B687A68DA603B685E
:1052280093ED007A3B68D3ED037A27EE277A3B6843
:10523800D3ED007AF7EE006A76EEE76A3B68D3EDC5
:10524800017A66EEA77A77EE277A3B68C3ED027A91
:105258003B689A683B685A603B689B6807EE903ADF
:10526800B0EE670A0C37BD465DF8047B7047000056
:1052780080B485B000AF786039607B6806331B78EE
:105288001BB21B021AB27B6805331B781BB213438F
:105298001BB27B817B8940F20232934240F0E2816B
:1052A800684B0022DA807B6807331B781AB27B6868
:1052B80008331B781BB21B021BB213431AB2624B92
:1052C8001A807B6809331B781AB27B680A331B780B
:1052D8001BB21B021BB213431AB25C4B1A807B68C9
:1052E8000B331B781AB27B680C331B781BB21B027A
:1052F8001BB213431AB2564B1A807B680D331B78C6
:105308001AB27B680E331B781BB21B021BB2134305
:105318001AB2504B1A807B680F331B781AB27B681D
:1053280010331B781BB21B021BB213431AB24A4B31
:105338001A807B6811331B781AB27B6812331B788A
:105348001BB21B021BB213431AB2444B1A807B6870
:1053580013331B781AB27B6814331B781BB21B02F9
:105368001BB213431AB23E4B1A807B6815331B7865
:105378001AB27B6816331B781BB21B021BB213438D
:105388001AB2384B1A807B6817331B781AB27B68BD
:1053980018331B781BB21B021BB213431AB2324BD1
:1053A8001A807B6819331B781AB27B681A331B780A
:1053B8001BB21B021BB213431AB22C4B1A807B6818
:1053C8001B331B781AB27B681C331B781BB21B0279
:1053D8001BB213431AB2264B1A807B681D331B7805
:1053E8001AB27B681E331B781BB21B021BB2134315
:1053F8001AB2204B1A807B681F331B781AB27B685D
:1054080020331B781BB21B021BB213431AB21A4B70
:105418001A807B6821331B781AB27B6822331B7889
:105428001BB21B021BB213431AB2144B1A807B68BF
:1054380093F823307B727B6893F824303B72002307
:10544800FB602EE03C1C00247A1D0024781D0024FB
:105458007C1D00247E1D0024841D0024821D002440
:10546800801D0024881D0024861D00248C1D002416
:105478008A1D0024921D0024901D00248E1D0024E6
:105488007A7AFB6842FA03F3DBB203F00103D9B27C
:105498003A68FB68134470330A461A70FB68013394
:1054A800FB60FB68032BEBDD3B7A03F00103DAB208
:1054B8003B6883F868203B7A5B08DBB203F00103A2
:1054C800DAB23B6883F861207B6820331B7803F0ED
:1054D8000103DAB23B6883F87C20654BB3F90030EE
:1054E80007EE903AF8EEE77A9FED627AC7EE876AA0
:1054F8003B6816EE902ADA625F4BB3F9003007EE8C
:10550800903AF8EEE77A9FED5B7AC7EE876A3B68D8
:1055180016EE902A1A63594BB3F9003007EE903A09
:10552800F8EEE77A9FED537AC7EE876A3B6816EE86
:10553800902A5A63524BB3F9003007EE903AF8EECE
:10554800E77A9FED4C7AC7EE876A3B6816EE902A99
:105558009A634C4BB3F9003007EE903AF8EEE77ACD
:105568009FED447AC7EE876A3B6816EE902ADA63A5
:10557800454BB3F9003007EE903AF8EEE77A9FED25
:105588003D7AC7EE876A3B6816EE902A1A643F4B4D
:10559800B3F900305AB23B6883F844203C4BB3F966
:1055A800003007EE903AF8EEE77A9FED327AC7EED0
:1055B800876A3B6816EE902A9A64364BB3F9003036
:1055C80007EE903AF8EEE77A9FED2A7AC7EE876AF7
:1055D8003B6816EE902ADA642F4BB3F9003007EED9
:1055E800903AF8EEE77A9FED237AC7EE876A3B6830
:1055F80016EE902A1A65294BB3F9003007EE903A57
:10560800F8EEE77A9FED1B7AC7EE876A3B6816EEDD
:10561800902A5A65224BB3F9003007EE903AF8EE1B
:10562800E77A9FED147AC7EE876A3B6816EE902AF0
:105638009A651C4BB3F9003007EE903AF8EEE77A1A
:105648009FED0C7AC7EE876A3B6816EE902ADA65FA
:10565800154BB3F900305AB23B6883F86020134BFE
:1056680000221A8000BF1437BD465DF8047B7047DE
:10567800781D0024000048427A1D00247C1D002467
:105688007E1D0024801D0024821D0024841D00240A
:10569800861D0024881D00248A1D00248C1D0024DA
:1056A8008E1D0024901D0024921D0024381F002404
:1056B80080B582B000AF78600B467B800749786878
:1056C800FFF7D6FD06497868FFF732F8054B002248
:1056D8005A81002318460837BD4680BDF81C0024AF
:1056E8007C1C00243C1C002480B584B000AFF8600A
:1056F800B9607A603B607A68B968F86800F026F8A3
:105708007B683A68B968F86800F0C2F87968386860
:1057180000F076F9B969786800F01AFABB697A6816
:10572800B968F86800F0E6FA786800F099FBBB6998
:105738007A68B968F86800F0B9FB7A68B968F868F7
:1057480000F008FF00BF1037BD4680BD80B584B0AB
:1057580000AFF860B9607A607B681B78002B36D19F
:105768004A4B93F83730002B40F08B80474B93F827
:105778003630002B40F08580444B93F83F30012BA6
:105788007FD17B681B7F002B06D17B6801221A70B2
:105798007B6800225A6074E07B681B7F012B70D104
:1057A8007B6800221A777B6801221A707B680122C5
:1057B80083F834207B6840F2DD525A60FB6800228F
:1057C80083F80C25BB68002283F80C2559E07B6818
:1057D8001B78012B55D17B685B6840F2DB52934202
:1057E80007D87B6801221A727B68012283F834206B
:1057F80035E07B685B6840F2DC52934216D97B68DF
:105808005B6840F6B732934210D8B7EE080AF868DA
:1058180000F07AFEB7EE080AB86800F075FEF8687E
:1058280000F076FDB86800F073FD18E07B685B68EF
:1058380040F6B832934212D97B685B6841F2931202
:1058480093420CD87B6802221A72B7EE000AF868F5
:1058580000F05AFEB7EE000AB86800F055FE7B6803
:105868005B685A1C7B685A607B685B6841F270729F
:10587800934206D17B6800221A707B68002283F865
:10588800342000BF1037BD4680BD00BF7C1C0024FB
:1058980080B584B000AFF860B9607A603B603B685F
:1058A80093F90C30002B2DD1544B93F90130012B77
:1058B80010D13B6801221A733B680022DA817B68A9
:1058C8004FF000029A613B680122DA723B680022BD
:1058D8001A748FE0494B93F90130B3F1FF3F40F060
:1058E80089803B68FF221A733B680022DA817B6853
:1058F8004FF000029A613B680022DA723B6800228E
:105908001A7477E03B6893F90C30012B3ED13B6861
:10591800DB89B3F57A7F0AD87B684FF407725A821D
:10592800F86800F073FDB86800F070FD27E03B6888
:10593800DB89B3F57A7F09D93B68DB8940F6B83251
:10594800934203D87B6864225A8018E03B68DB895D
:1059580040F6B832934209D93B68DB89B3F57A6FD0
:1059680004D87B684FF4CD725A8208E03B68DB8923
:1059780041F28832934202D13B6800221A733B6895
:10598800DB8901339AB23B68DA8133E03B6893F9EB
:105998000C30B3F1FF3F2DD13B68DB89B3F57A7F3B
:1059A8000AD87B684FF407725A82F86800F0B0FC96
:1059B800B86800F0ADFC17E03B68DB89B3F57A7F87
:1059C8000AD93B68DB8940F6B832934204D87B6831
:1059D80040F261325A8007E03B68DB89B3F57A6FA1
:1059E80002D13B6800221A733B68DB8901339AB203
:1059F8003B68DA8100BF1037BD4680BD701E0024A9
:105A080080B582B000AF786039603B6893F90C309C
:105A1800002B40F08D803B6893F90B30002B40F051
:105A28008780474B93F83830012B04D0454B93F8C7
:105A38003230012B25D1424B93F83730002B20D13F
:105A4800404B93F83130002B1BD13D4B93F8363047
:105A5800002B16D13B4B93F83030002B11D13B680B
:105A680000221A747B68D3ED067AB7EEE77A9FEDC9
:105A7800326B37EE067BF7EEC77B7B68C3ED067AA1
:105A88002EE02F4B93F83930012B04D02D4B93F88F
:105A98003330012B24D12A4B93F83730002B1FD1F8
:105AA800284B93F83130002B1AD1254B93F8363018
:105AB800002B15D1234B93F83030002B10D13B68C5
:105AC80000221A747B68D3ED067AB7EEE77A9FED69
:105AD8001A6B37EE467BF7EEC77B7B68C3ED067A19
:105AE8007B68D3ED067A9FED181ADFED180AB0EE41
:105AF800670A06F06BF8F0EE407A7B68C3ED067A29
:105B08007B68D3ED067AFDEEE77A17EE903A1BB282
:105B18009BB203F507739BB21BB24FF407724FF4A5
:105B280096711846FEF7F0F903461A467B685A82C2
:105B380000BF0837BD4680BD9A9999999999B93F90
:105B48007C1C0024E41A002400000000000070C33C
:105B580080B483B000AF786039603B6893F86830F0
:105B6800012B05D13B68DB6E5A1C3B68DA660CE0FA
:105B78003B68002283F86C20002283F86D20002205
:105B880083F86E20002283F86F203B6893F8613019
:105B9800012B05D13B685B6E5A1C3B685A660CE0CA
:105BA8003B68002283F86420002283F865200022E5
:105BB80083F86620002283F867203B6893F87520F5
:105BC8003B6893F871309A4219D03B685B6E142B8E
:105BD80015D93B6893F87A300133DAB23B6883F819
:105BE8007A203B6893F87A30012B0CD17B6893F8C4
:105BF80029300133DAB27B6883F8292003E03B6857
:105C0800002283F87A203B6893F877203B6893F862
:105C180073309A4219D03B68DB6E142B15D93B6858
:105C280093F87B300133DAB23B6883F87B203B681A
:105C380093F87B30012B0CD17B6893F82C3001331F
:105C4800DAB27B6883F82C2003E03B68002283F8F3
:105C58007B203B6893F874203B6893F870309A4235
:105C68000CD03B685B6E142B08D93B6893F87930ED
:105C78000133DAB23B6883F8792003E03B680022FD
:105C880083F879203B6893F876203B6893F8723064
:105C98009A420CD03B68DB6E142B08D93B6893F80A
:105CA80078300133DAB23B6883F8782003E03B6848
:105CB800002283F878203B6893F870203B6883F8CB
:105CC80074203B6893F871203B6883F875203B6823
:105CD80093F872203B6883F876203B6893F873202A
:105CE8003B6883F8772000BF0C37BD465DF8047B1E
:105CF8007047000080B485B000AFF860B9607A6082
:105D08003B60564B93F83730012B1CD1534B93F81B
:105D18003630002B17D1514B93F83C30012B12D160
:105D28007B685B8D01339AB27B685A857B685B8D93
:105D3800052B0BD17B6893F829300133DAB27B68E5
:105D480083F8292002E07B6800225A857B6893F853
:105D5800293003F00103DAB2FB6883F824253F4BAE
:105D680093F83730012B1CD13C4B93F83630002B7D
:105D780017D13A4B93F83B30012B12D17B68DB8D5E
:105D880001339AB27B68DA857B68DB8D052B0BD1F2
:105D98007B6893F82C300133DAB27B6883F82C20C7
:105DA80002E07B680022DA857B6893F82C3003F0E8
:105DB8000103DAB2BB6883F82425FB6893F824351D
:105DC80003F00103DBB2002B0AD0FB6840F2EE229D
:105DD800A3F81A25FB684FF4DC62A3F8202511E02C
:105DE800FB6893F8243503F00103DBB2002B09D1DB
:105DF800FB6840F24C42A3F81A25FB6840F2825235
:105E0800A3F82025BB6893F8243503F00103DBB21F
:105E1800002B0AD0BB6840F2BD62A3F81A25BB6804
:105E280040F27262A3F8202511E0BB6893F824358C
:105E380003F00103DBB2002B09D1BB6840F2915299
:105E4800A3F81A25BB6840F29E72A3F8202500BF6C
:105E58001437BD465DF8047B704700BF7C1C0024E6
:105E680080B483B000AF78607B6893F83430002B3F
:105E780014D10D4B9B88B3F5996F03D37B6801222E
:105E88001A720BE0084B9B88B3F54E7F03D87B68EA
:105E980002221A7202E07B6800221A7200BF0C37D5
:105EA800BD465DF8047B70477C1C002480B584B037
:105EB80000AFF860B9607A603B607B681B7F002B9D
:105EC80025D1834B93F83730012B05D0814B93F8BC
:105ED8003130012B40F0F8807D4B93F83630002BA1
:105EE80040F0F2807A4B93F83F30012B05D0794B84
:105EF80093F83930012B40F0E7807B6801221A774C
:105F08007B6800221A627B680022DA84DCE07B6806
:105F18001B7F012B40F0D8807B681B6AB3F5FA6FB2
:105F280007D87B6801221A727B68012283F8342023
:105F3800C5E07B681B6AB3F5FA6F12D97B681B6AE8
:105F4800B3F57A6F0DD8F86800F01CF9B86800F05E
:105F580019F97B6800221A727B68002283F83420C2
:105F6800ADE07B681B6AB3F57A6FC0F0A8807B68E8
:105F780093F82430002B40F0A280554B93F837302B
:105F8800012B09D1524B93F83630012B04D1504BD9
:105F980093F83C30012B04D03B6893F87930012BFF
:105FA80031D1FB68B3F80E3501339AB2FB68A3F818
:105FB8000E25FB68B3F80E35052B04D03B6893F823
:105FC8007930012B24D1FB6893F80C3503F00103D9
:105FD800DBB2002B03D13968F86807F0C7FDFB680E
:105FE80093F80C350133DAB2FB6883F80C25FB68AB
:105FF80093F80C3503F00103DBB2002B08D1F868E5
:1060080000F0C0F804E0FB680022A3F80E2500E0C9
:1060180000BF2F4B93F83730012B09D12C4B93F845
:106028003630012B04D12A4B93F83B30012B04D096
:106038003B6893F87830012B31D1BB68B3F80E3543
:1060480001339AB2BB68A3F80E25BB68B3F80E35C6
:10605800052B04D03B6893F87830012B24D1BB681A
:1060680093F80C3503F00103DBB2002B03D1396838
:10607800B86807F009FEBB6893F80C350133DAB24B
:10608800BB6883F80C25BB6893F80C3503F0010353
:10609800DBB2002B08D1B86800F074F804E0BB68E4
:1060A8000022A3F80E2500E000BF7A68B968F868F6
:1060B80000F0ACFA7A68B968F86803F0CBFB7B6843
:1060C8001B6A5A1C7B681A6200BF1037BD4680BD28
:1060D8007C1C0024E41A002480B483B000AF7860EC
:1060E8007B68D3ED247A9FED267A67EE877A7B6802
:1060F800C3ED277A7B68D3ED4D7A9FED217A67EE61
:10610800877A7B68C3ED507A7B68D3ED767A9FED0A
:106118001C7A67EE877A7B68C3ED797A7B68D3ED62
:106128009F7A9FED177A67EE877A7B68C3EDA27A2C
:106138007B68D3EDC87A9FED127A67EE877A7B6821
:10614800C3EDCB7A7B68D3EDF17A9FED0D7A67EEDC
:10615800877A7B68C3EDF47A7B6803F58D63D3EDAA
:10616800007A9FED077A67EE877A7B6803F27443BB
:10617800C3ED007A00BF0C37BD465DF8047B70475D
:10618800302F654280B483B000AF78607B68D3ED70
:10619800247A9FED5E7A67EE877A7B68C3ED277A6B
:1061A8007B68D3ED4D7A9FED597A67EE877A7B68E5
:1061B800C3ED507A7B68D3ED767A9FED547A67EE1B
:1061C800877A7B68C3ED797A7B68D3ED9F7A9FEDF8
:1061D8004F7A67EE877A7B68C3EDA27A7B68D3ED46
:1061E800C87A9FED4A7A67EE877A7B68C3EDCB7AE7
:1061F8007B68D3EDF17A9FED457A67EE877A7B6805
:10620800C3EDF47A7B6803F58D63D3ED007A9FEDD7
:106218003F7A67EE877A7B6803F27443C3ED007AAE
:106228007B68D3ED317A9FED397A27EE877A7B68E0
:10623800D3ED297A77EE677A7B68C3ED2A7A7B6893
:10624800D3ED5A7A9FED317A27EE877A7B68D3EDC2
:10625800527A77EE677A7B68C3ED537A7B68D3ED21
:10626800837A9FED2A7A27EE877A7B68D3ED7B7A4B
:1062780077EE677A7B68C3ED7C7A7B68D3EDAC7A7E
:106288009FED227A27EE877A7B68D3EDA47A77EEA2
:10629800677A7B68C3EDA57A7B68D3EDD57A9FEDE5
:1062A8001B7A27EE877A7B68D3EDCD7A77EE677A0B
:1062B8007B68C3EDCE7A7B68D3EDFE7A9FED137AC7
:1062C80027EE877A7B68D3EDF67A77EE677A7B6874
:1062D800C3EDF77A7B6803F29C43D3ED007A9FED18
:1062E8000B7A27EE877A7B6803F27C43D3ED007A3A
:1062F80077EE677A7B6803F59063C3ED007A00BF99
:106308000C37BD465DF8047B704700BF302F6542EF
:1063180080B483B000AF78607B68D3ED347A9FEDAA
:106328003A7A27EE877A7B68D3ED297A77EE677A0F
:106338007B68C3ED2A7A7B68D3ED5D7A9FED327A6C
:1063480027EE877A7B68D3ED527A77EE677A7B6897
:10635800C3ED537A7B68D3ED867A9FED2B7A27EECF
:10636800877A7B68D3ED7B7A77EE677A7B68C3EDB3
:106378007C7A7B68D3EDAF7A9FED237A27EE877A14
:106388007B68D3EDA47A77EE677A7B68C3EDA57A4C
:106398007B68D3EDD87A9FED1C7A27EE877A7B68E5
:1063A800D3EDCD7A77EE677A7B68C3EDCE7A7B68DA
:1063B80003F20443D3ED007A9FED137A27EE877A30
:1063C8007B68D3EDF67A77EE677A7B68C3EDF77A68
:1063D8007B6803F59563D3ED007A9FED0B7A27EE82
:1063E800877A7B6803F27C43D3ED007A77EE677A8D
:1063F8007B6803F59063C3ED007A00BF0C37BD4698
:106408005DF8047B704700BF302F654280B483B0CD
:1064180000AF78607B68D3ED357A9FED3A7A27EE46
:10642800877A7B68D3ED297A77EE677A7B68C3ED44
:106438002A7A7B68D3ED5E7A9FED327A27EE877AE7
:106448007B68D3ED527A77EE677A7B68C3ED537A2F
:106458007B68D3ED877A9FED2B7A27EE877A7B6866
:10646800D3ED7B7A77EE677A7B68C3ED7C7A7B68BD
:10647800D3EDB07A9FED237A27EE877A7B68D3ED48
:10648800A47A77EE677A7B68C3EDA57A7B68D3ED4B
:10649800D97A9FED1C7A27EE877A7B68D3EDCD7A7F
:1064A80077EE677A7B68C3EDCE7A7B6803F5816304
:1064B800D3ED007A9FED137A27EE877A7B68D3EDC8
:1064C800F67A77EE677A7B68C3EDF77A7B6803F232
:1064D800AC43D3ED007A9FED0B7A27EE877A7B6881
:1064E80003F27C43D3ED007A77EE677A7B6803F595
:1064F8009063C3ED007A00BF0C37BD465DF8047B9E
:10650800704700BF302F654280B483B000AF786019
:1065180087ED000A7B683A68C3F884217B683A688B
:10652800C3F828227B683A68C3F8CC227B683A68AB
:10653800C3F870237B6803F214433A681A607B68D7
:1065480003F597633A681A6000BF0C37BD465DF8DB
:10655800047B704780B584B000AFF860B9607A609A
:106568007B6893F83030002B11D1234B1B88B3F58F
:10657800037F04D9214B1B89B3F5037F38D87B6887
:10658800012283F830207B6800225A8630E07B683D
:1065980093F83030012B2BD17B685B8EB3F57A7F73
:1065A8007B685B8EB3F5FA6F13D37B685B8E40F61E
:1065B800AB5293420DD8124B5B68124A1946F868E1
:1065C800FDF7D2FD0E4B5B680F4A1946B868FDF718
:1065D800CBFD7B685B8EB3F57A6F03D17B680022B5
:1065E80083F830207B685B8E01339AB27B685A86C9
:1065F80000BF1037BD4680BDE41A00247C1C00246F
:10660800541E00242C0100243C01002480B584B0D1
:1066180000AFF860B9607A607B6893F93630002B78
:106628006CD1FB6893F80C3503F00103DBB2002B47
:1066380064D1BB6893F80C3503F00103DBB2002B7F
:106648005CD1554B93F83730012B18D1524B93F846
:106658003630002B13D1504B93F83A30012B0ED122
:106668007B68012283F836207B6800221A877B68C2
:10667800012283F83A207B6800229A873DE0464B46
:1066880093F83730002B19D1434B93F83630012B50
:1066980014D1414B93F83A30012B0FD17B6801227A
:1066A80083F836207B6800221A877B68012283F8EA
:1066B80042207B680022A3F844201EE0364B93F862
:1066C8003730012B63D1344B93F83630012B5ED130
:1066D800314B93F83A30012B59D17B68012283F86A
:1066E80036207B6800221A877B68012283F83E20C7
:1066F8007B680022A3F8402049E048E07B6893F9D2
:106708003630012B44D17B681B8F012B29D17B6844
:10671800012283F83420B868FFF7DEFCF868FFF739
:10672800DBFCB868FFF72EFDF868FFF72BFD9FED3F
:106738001B0AF868FFF7E8FE9FED180AB868FFF72C
:10674800E3FE7B68002283F82920FB68002283F897
:1067580024257B68002283F82C20BB68002283F85C
:1067680024257A68B968F86800F01AF87A68B96870
:10677800F86801F01DFA7A68B968F86802F064FBF5
:106788007B681B8F01339AB27B681A8700E000BFD1
:1067980000BF1037BD4680BD7C1C0024CDCC4C3FCB
:1067A80080B584B000AFF860B9607A607B6893F90F
:1067B8004230002B41F0F5817B6893F93E30002B85
:1067C80041F0EF817B6893F93A30012B41F0E98180
:1067D8007B689B8FB3F57A7F16D87B6801221A7283
:1067E800BB6803F27C43D3ED007AB7EEE77A9FEDFE
:1067F800726B36EE477BF7EEC77BBB6803F5906399
:10680800C3ED007A01F0C7B97B689B8FB3F57A7F37
:1068180040F20C817B689B8F40F6C412934200F2D1
:106828000581FB68D3ED297AB7EEE77A9FED646BB3
:1068380036EE477BF7EEC77BFB68C3ED2A7AFB6829
:10684800D3ED527AB7EEE77A9FED5F6B36EE477B72
:10685800F7EEC77BFB68C3ED537AFB68D3ED7B7A11
:10686800B7EEE77A9FED5A6B36EE477BF7EEC77BBC
:10687800FB68C3ED7C7AFB68D3EDA47AB7EEE77AC0
:106888009FED556B36EE477BF7EEC77BFB68C3ED94
:10689800A57AFB68D3EDCD7AB7EEE77A9FED506B1A
:1068A80036EE477BF7EEC77BFB68C3EDCE7AFB6815
:1068B800D3EDF67AB7EEE77A9FED4B6B36EE477B72
:1068C800F7EEC77BFB68C3EDF77AFB6803F27C43FE
:1068D800D3ED007AB7EEE77A9FED456B36EE477B4E
:1068E800F7EEC77BFB6803F59063C3ED007ABB68DE
:1068F800D3ED297AB7EEE77A9FED3F6B36EE477B0B
:10690800F7EEC77BBB68C3ED2A7ABB68D3ED527A32
:10691800B7EEE77A9FED3A6B36EE477BF7EEC77B2B
:10692800BB68C3ED537ABB68D3ED7B7AB7EEE77AE1
:106938009FED356B36EE477BF7EEC77BBB68C3ED43
:106948007C7ABB68D3EDA47AB7EEE77A9FED306B1B
:1069580036EE477BF7EEC77BBB68C3EDA57ABB680D
:10696800D3EDCD7AB7EEE77A9FED2B6B36EE477B0A
:10697800F7EEC77BBB68C3EDCE7ABB68D3EDF67A7A
:106988009FED297A77EE677ABB68C3EDF77ABB6823
:1069980003F27C43D3ED007AB7EEE77A9FED206BE4
:1069A80036EE477BF7EEC77BBB6803F59063C3ED14
:1069B800007A01F0F0B800BF4E6210F8C68056C0E9
:1069C8006666666666660240E6D0220B7FB560C0E2
:1069D80006819503A1E24FC06F128380830A4AC0E3
:1069E800C74B3709D2B138C052B81E857910484014
:1069F800333333A3F418674054E3A59BC418744099
:106A080025068115626C3340E8FBA9E1E52C64405A
:106A180016D9CE77BB3954C046B6F37D039751C01B
:106A280091ED7C9F704D66C0000000007B689B8FD5
:106A380040F6C412934240F2D3807B689B8FB3F533
:106A48007A6F00F2CD807B6800221A72FB68D3ED62
:106A5800297AB7EEE77A9FEDB46B36EE477BF7EE0F
:106A6800C77BFB68C3ED2A7AFB68D3ED527AB7EE91
:106A7800E77A9FEDAF6B36EE477BF7EEC77BFB6897
:106A8800C3ED537AFB68D3ED7B7AB7EEE77A9FEDD7
:106A9800AA6B36EE477BF7EEC77BFB68C3ED7C7AC3
:106AA800FB68D3EDA47AB7EEE77A9FEDA56B36EED7
:106AB800477BF7EEC77BFB68C3EDA57AFB68D3ED90
:106AC800CD7A9FEDC17A77EE677AFB68C3EDCE7A0F
:106AD800FB68D3EDF67AB7EEE77A9FED9B6B36EE5F
:106AE800477BF7EEC77BFB68C3EDF77AFB6803F2D9
:106AF8007C43D3ED007AB7EEE77A9FED956B36EEDF
:106B0800477BF7EEC77BFB6803F59063C3ED007A1C
:106B1800BB68D3ED297AB7EEE77A9FED8F6B36EE37
:106B2800477BF7EEC77BBB68C3ED2A7ABB68D3ED1A
:106B3800527AB7EEE77A9FED8A6B36EE477BF7EE2F
:106B4800C77BBB68C3ED537ABB68D3ED7B7AB7EEDE
:106B5800E77A9FED856B36EE477BF7EEC77BBB6820
:106B6800C3ED7C7ABB68D3EDA47AB7EEE77A9FEDE4
:106B7800806B36EE477BF7EEC77BBB68C3EDA57A23
:106B8800BB68D3EDCD7AB7EEE77A9FED7B6B36EE37
:106B9800477BF7EEC77BBB68C3EDCE7ABB68D3ED06
:106BA800F67AB7EEE77A9FED766B36EE477BF7EE2F
:106BB800C77BBB68C3EDF77ABB6803F27C43D3EDB0
:106BC800007AB7EEE77A9FED706B36EE477BF7EE0B
:106BD800C77BBB6803F59063C3ED007A00F0DBBFA9
:106BE8007B689B8FB3F57A6F17D97B689B8F41F2CF
:106BF8009412934211D87B68012283F82920FB68FC
:106C0800012283F824257B68012283F82C20BB68A5
:106C1800012283F8242500F0BEBF7B689B8F41F2D8
:106C2800941293426DD97B689B8F41F27C529342B8
:106C380067D8FB68D3ED297AB7EEE77A9FED546BF6
:106C480036EE477BF7EEC77BFB68C3ED2A7AFB6815
:106C5800D3ED527AB7EEE77A9FED4F6B36EE477B6E
:106C6800F7EEC77BFB68C3ED537AFB68D3ED7B7AFD
:106C7800B7EEE77A9FED4A6B36EE477BF7EEC77BB8
:106C8800FB68C3ED7C7AFB68D3EDA47AB7EEE77AAC
:106C98009FED456B36EE477BF7EEC77BFB68C3ED90
:106CA800A57AFB68D3EDCD7AB7EEE77A9FED406B16
:106CB80036EE477BF7EEC77BFB68C3EDCE7AFB6801
:106CC800D3EDF67AB7EEE77A9FED3B6B36EE477B6E
:106CD800F7EEC77BFB68C3EDF77AFB6803F27C43EA
:106CE800D3ED007AB7EEE77A9FED356B36EE477B4A
:106CF800F7EEC77BFB6803F59063C3ED007A00F0FD
:106D08004ABF7B689B8F41F27C5293425ED97B6875
:106D18009B8F41F65832934258D87B6802221A72E8
:106D280000F039BFAFF3008021B0726891ED10C058
:106D3800BC74937864E563C0A4703DCAC90F47C0AA
:106D48009BC420B064F033C0EA26310897E83D4080
:106D58005A643BDF219B6740DBF97E6ABC187440AC
:106D6800E4A59B846282434021B072E80DA763408A
:106D780079E926B1920C4DC0999999D9FD7850C0FE
:106D8800355EBA492CABD93FAE47E13A1C7D66C0A7
:106D98003108AC1C5A6412C0180456FED76C61C086
:106DA8003BDF4FCD6DBE45C03D0AD7A3D43509C0E2
:106DB8004E621018E2DF4BC0273108AC85782A40B4
:106DC800560E2DB2CDD56740302F65C27B689B8F9C
:106DD80041F65832934240F2D5807B689B8F42F24D
:106DE8003412934200F2CE80FB68D3ED297AB7EED5
:106DF800E77A9FED796B36EE477BF7EEC77BFB684A
:106E0800C3ED2A7AFB68D3ED527AB7EEE77A9FEDA5
:106E1800746B36EE477BF7EEC77BFB68C3ED537A9E
:106E2800FB68D3ED7B7AB7EEE77A9FED6F6B36EEB2
:106E3800477BF7EEC77BFB68C3ED7C7AFB68D3ED35
:106E4800A47AB7EEE77A9FED6A6B36EE477BF7EEEA
:106E5800C77BFB68C3EDA57AFB68D3EDCD7AB7EEA7
:106E6800E77A9FED656B36EE477BF7EEC77BFB68ED
:106E7800C3EDCE7AFB68D3EDF67AB7EEE77A9FEDED
:106E8800606B36EE477BF7EEC77BFB68C3EDF77A9E
:106E9800FB6803F27C43D3ED007AB7EEE77A9FED07
:106EA8005A6B36EE477BF7EEC77BFB6803F59063BA
:106EB800C3ED007ABB68D3ED297AB7EEE77A9FED88
:106EC800546B36EE477BF7EEC77BBB68C3ED2A7A77
:106ED800BB68D3ED527AB7EEE77A9FED4F6B36EE8B
:106EE800477BF7EEC77BBB68C3ED537ABB68D3ED2E
:106EF8007B7AB7EEE77A9FED4A6B36EE477BF7EE83
:106F0800C77BBB68C3ED7C7ABB68D3EDA47AB7EEC8
:106F1800E77A9FED456B36EE477BF7EEC77BBB689C
:106F2800C3EDA57ABB68D3EDCD7AB7EEE77A9FEDCE
:106F3800406B36EE477BF7EEC77BBB68C3EDCE7A76
:106F4800BB68D3EDF67AB7EEE77A9FED3B6B36EE8A
:106F5800477BF7EEC77BBB68C3EDF77ABB6803F2E4
:106F68007C43D3ED007AB7EEE77A9FED356B36EECA
:106F7800477BF7EEC77BBB6803F59063C3ED007AE8
:106F880000F009BE7B689B8F42F2341293420DD900
:106F98007B689B8F42F21072934207D8F868FFF71C
:106FA800B7F9B868FFF7B4F900F0F5BD7B689B8FB7
:106FB80042F21072934240F2B7807B689B8F42F690
:106FC800EC42934200F2B0807B6801221A7200F012
:106FD800E2BD00BFAFF300803108AC1C5A6412C098
:106FE8008FC2F598DAF061C054E3A59B23F337C04C
:106FF80055E3A51B9D1C3F406DE7FB49BEC854C027
:107008005EBA490C76602740E6D0228BF8DE6740EE
:107018001904560E2D587340CFF753E3001341401F
:10702800D122DB79241F584016D9CE77BB3934C01A
:107038004C3789A1D9325AC0B072689109CB024045
:107048004E6210F8C68056C021B0726891FD434068
:10705800A245B6B31F2D57C0F4FDD4F86F2C36C027
:10706800DCF97E6AF0B54EC01C5A643B330B0B400A
:107078005C8FC275525430C0EA2631881DBF364035
:107088002B8716D9CE636F4021B0726887D02AC08B
:10709800BA490CC218CD5540F6285C2F356E5BC036
:1070A8008195438BC16D25C0DD240681A74510C09D
:1070B800CBA145B69FA01FC0C3F5285C8FE23C401A
:1070C800273108AC85785AC075931804C51D56C079
:1070D800B0726851C65F56C0B29DEF272DD74940A0
:1070E80021B0726887D01A40B81E85EBB15512C01E
:1070F800295C8FC2F5646F40D9CEF7535380F03FB7
:107108001C5A64FBFC4C6040713D0A17B4C362C052
:10711800448B6CE7D2DD48C079E9263119E3254074
:10712800D122DBF9AAF510407B689B8F42F6EC422E
:10713800934240F2D5807B689B8F43F2C8229342EA
:1071480000F2CE80FB68D3ED297AB7EEE77A1FED1F
:10715800426B36EE477BF7EEC77BFB68C3ED2A7AB6
:10716800FB68D3ED527AB7EEE77A1FED476B36EE40
:10717800477BF7EEC77BFB68C3ED537AFB68D3ED1B
:107188007B7AB7EEE77A1FED4C6B36EE477BF7EE6E
:10719800C77BFB68C3ED7C7AFB68D3EDA47AB7EEB6
:1071A800E77A1FED516B36EE477BF7EEC77BFB683E
:1071B800C3EDA57AFB68D3EDCD7AB7EEE77A1FED7C
:1071C800566B36EE477BF7EEC77BFB68C3EDCE7A8E
:1071D800FB68D3EDF67AB7EEE77A1FED5B6B36EE18
:1071E800477BF7EEC77BFB68C3EDF77AFB6803F2D2
:1071F8007C43D3ED007AB7EEE77A1FED616B36EE8C
:10720800477BF7EEC77BFB6803F59063C3ED007A15
:10721800BB68D3ED297AB7EEE77A1FED676B36EED8
:10722800477BF7EEC77BBB68C3ED2A7ABB68D3ED13
:10723800527AB7EEE77A1FED6C6B36EE477BF7EEC6
:10724800C77BBB68C3ED537ABB68D3ED7B7AB7EED7
:10725800E77A1FED716B36EE477BF7EEC77BBB68AD
:10726800C3ED7C7ABB68D3EDA47AB7EEE77A1FED5D
:10727800766B36EE477BF7EEC77BBB68C3EDA57A26
:10728800BB68D3EDCD7AB7EEE77A1FED7B6B36EEB0
:10729800477BF7EEC77BBB68C3EDCE7ABB68D3EDFF
:1072A800F67AB7EEE77A1FED806B36EE477BF7EE9E
:1072B800C77BBB68C3EDF77ABB6803F27C43D3EDA9
:1072C800007AB7EEE77A1FED866B36EE477BF7EE6E
:1072D800C77BBB6803F59063C3ED007A00F05BBC25
:1072E8007B689B8F43F2C822934240F2D4807B682C
:1072F8009B8F43F6A402934200F2CD80FB68D3ED46
:10730800297AB7EEE77A1FED946B36EE477BF7EEF6
:10731800C77BFB68C3ED2A7AFB68D3ED527AB7EED8
:10732800E77A1FED996B36EE477BF7EEC77BFB6874
:10733800C3ED537AFB68D3ED7B7AB7EEE77A1FED9E
:107348009E6B36EE477BF7EEC77BFB68C3ED7C7A16
:10735800FB68D3EDA47AB7EEE77A1FEDA36B36EEA0
:10736800477BF7EEC77BFB68C3EDA57AFB68D3EDD7
:10737800CD7AB7EEE77A1FEDA86B36EE477BF7EECE
:10738800C77BFB68C3EDCE7AFB68D3EDF67AB7EE20
:10739800E77A1FEDAD6B36EE477BF7EEC77BFB68F0
:1073A800C3EDF77AFB6803F27C43D3ED007AB7EEBE
:1073B800E77A1FEDB36B36EE477BF7EEC77BFB68CA
:1073C80003F59063C3ED007ABB68D3ED297AB7EE75
:1073D800E77A1FEDB96B36EE477BF7EEC77BBB68E4
:1073E800C3ED2A7ABB68D3ED527AB7EEE77A1FED80
:1073F800BE6B36EE477BF7EEC77BBB68C3ED537AAF
:10740800BB68D3ED7B7AB7EEE77A1FEDC36B36EE38
:10741800477BF7EEC77BBB68C3ED7C7ABB68D3EDCF
:10742800A47AB7EEE77A1FEDC86B36EE477BF7EE26
:10743800C77BBB68C3EDA57ABB68D3EDCD7AB7EE41
:10744800E77A1FEDCD6B36EE477BF7EEC77BBB685F
:10745800C3EDCE7ABB68D3EDF67AB7EEE77A1FEDC7
:10746800D26B36EE477BF7EEC77BBB68C3EDF77A86
:10747800BB6803F27C43D3ED007AB7EEE77A1FEDE1
:10748800D86B36EE477BF7EEC77BBB6803F5906396
:10749800C3ED007A7FE37B689B8F43F6A402934297
:1074A80040F2D3807B689B8FB3F57A5F00F2CD8082
:1074B800FB68D3ED297AB7EEE77A9FED736B36EE6A
:1074C800477BF7EEC77BFB68C3ED2A7AFB68D3EDF1
:1074D800527AB7EEE77A9FED6E6B36EE477BF7EEA2
:1074E800C77BFB68C3ED537AFB68D3ED7B7AB7EEB5
:1074F800E77A9FED696B36EE477BF7EEC77BFB6853
:10750800C3ED7C7AFB68D3EDA47AB7EEE77A9FEDFA
:10751800646B36EE477BF7EEC77BFB68C3EDA57A55
:10752800FB68D3EDCD7AB7EEE77A9FED5F6B36EE69
:10753800477BF7EEC77BFB68C3EDCE7AFB68D3EDDC
:10754800F67AB7EEE77A9FED5A6B36EE477BF7EEA1
:10755800C77BFB68C3EDF77AFB6803F27C43D3ED86
:10756800007AB7EEE77A9FED546B36EE477BF7EE7D
:10757800C77BFB6803F59063C3ED007ABB68D3ED66
:10758800297AB7EEE77A9FED4E6B36EE477BF7EE3A
:10759800C77BBB68C3ED2A7ABB68D3ED527AB7EED6
:1075A800E77A9FED496B36EE477BF7EEC77BBB6802
:1075B800C3ED537ABB68D3ED7B7AB7EEE77A9FEDDC
:1075C800446B36EE477BF7EEC77BBB68C3ED7C7A2E
:1075D800BB68D3EDA47AB7EEE77A9FED3F6B36EE42
:1075E800477BF7EEC77BBB68C3EDA57ABB68D3EDD5
:1075F800CD7AB7EEE77A9FED3A6B36EE477BF7EE3A
:10760800C77BBB68C3EDCE7ABB68D3EDF67AB7EE1D
:10761800E77A9FED356B36EE477BF7EEC77BBB68A5
:10762800C3EDF77ABB6803F27C43D3ED007AB7EE7B
:10763800E77A9FED2F6B36EE477BF7EEC77BBB688B
:1076480003F59063C3ED007AA5E27B689B8FB3F5E1
:107658007A5F40F2B5807B689B8F44F23C1293427C
:1076680000F2AE807B68002283F82920FB680022A4
:1076780083F824257B68002283F82C20BB6800222D
:1076880083F8242587E200BF355EBA490CE23C4006
:1076980023DBF97E31B35AC0EA2631A8381E5CC014
:1076A8004E6210D8AB2151C0CBA145B6AC4D41407C
:1076B80004560E2D3A6BFCBF8FC2F52868A004C093
:1076C8001B2FDD2406656F40E27A14AEFB0A0040EA
:1076D800BC74934835006340180456CE9BDA5EC0EC
:1076E800D578E926FFBA40C014AE47E18A800BC0BE
:1076F8005EBA490C7660174023DBF95E165455C014
:10770800355EBA492CAB59C0C520B072A1F84FC03C
:10771800295C8FC22F5B1A4055E3A51B9D1C3FC0F7
:10772800A4703D0AD7636F40560E2DB2CDD537C031
:10773800DBF97E2ABAF76340323333539D275FC0A3
:10774800CBA14536267738C04260E5D028FB18C063
:1077580021B0726891FD4340A245B6B31F2D57C0B2
:10776800F4FDD4F86F2C36C0DCF97E6AF0B54EC053
:107778001C5A643B330B0B405C8FC275525430C0AB
:10778800EA2631881DBF36402B8716D9CE636F4055
:1077980021B0726887D02AC0BA490CC218CD5540AA
:1077A800F6285C2F356E5BC08195438BC16D25C073
:1077B800DD240681A74510C0CBA145B69FA01FC0F8
:1077C8007B689B8F44F23C12934240F2D4807B68E2
:1077D8009B8F44F25C42934200F2CD80FB68D3ED6C
:1077E800297AB7EEE77A1FED266B36EE477BF7EE80
:1077F800C77BFB68C3ED2A7AFB68D3ED527AB7EEF4
:10780800E77A1FED436B36EE477BF7EEC77BFB68E5
:10781800C3ED537AFB68D3ED7B7AB7EEE77A1FEDB9
:10782800486B36EE477BF7EEC77BFB68C3ED7C7A87
:10783800FB68D3EDA47AB7EEE77A1FED4D6B36EE11
:10784800477BF7EEC77BFB68C3EDA57AFB68D3EDF2
:10785800CD7AB7EEE77A1FED526B36EE477BF7EE3F
:10786800C77BFB68C3EDCE7AFB68D3EDF67AB7EE3B
:10787800E77A1FED576B36EE477BF7EEC77BFB6861
:10788800C3EDF77AFB6803F27C43D3ED007AB7EED9
:10789800E77A1FED456B36EE477BF7EEC77BFB6853
:1078A80003F59063C3ED007ABB68D3ED297AB7EE90
:1078B800E77A1FED656B36EE477BF7EEC77BBB6853
:1078C800C3ED2A7ABB68D3ED527AB7EEE77A1FED9B
:1078D8006A6B36EE477BF7EEC77BBB68C3ED537A1E
:1078E800BB68D3ED7B7AB7EEE77A1FED6F6B36EEA8
:1078F800477BF7EEC77BBB68C3ED7C7ABB68D3EDEB
:10790800A47AB7EEE77A1FED746B36EE477BF7EE95
:10791800C77BBB68C3EDA57ABB68D3EDCD7AB7EE5C
:10792800E77A1FED796B36EE477BF7EEC77BBB68CE
:10793800C3EDCE7ABB68D3EDF67AB7EEE77A1FEDE2
:107948007E6B36EE477BF7EEC77BBB68C3EDF77AF5
:10795800BB6803F27C43D3ED007AB7EEE77A1FEDFC
:107968006A6B36EE477BF7EEC77BBB6803F590631F
:10797800C3ED007A0FE17B689B8F44F25C4293422F
:1079880040F2D4807B689B8F44F63822934200F201
:10799800CD80FB68D3ED297AB7EEE77A1FED946BBB
:1079A80036EE477BF7EEC77BFB68C3ED2A7AFB68A8
:1079B800D3ED527AB7EEE77A1FED996B36EE477B37
:1079C800F7EEC77BFB68C3ED537AFB68D3ED7B7A90
:1079D800B7EEE77A1FED9E6B36EE477BF7EEC77B77
:1079E800FB68C3ED7C7AFB68D3EDA47AB7EEE77A3F
:1079F8001FEDA36B36EE477BF7EEC77BFB68C3ED45
:107A0800A57AFB68D3EDCD7AB7EEE77A1FEDA86BC0
:107A180036EE477BF7EEC77BFB68C3EDCE7AFB6893
:107A2800D3EDF67AB7EEE77A1FEDAD6B36EE477B0E
:107A3800F7EEC77BFB68C3EDF77AFB6803F27C437C
:107A4800D3ED007AB7EEE77A1FEDB36B36EE477BDE
:107A5800F7EEC77BFB6803F59063C3ED007ABB685C
:107A6800D3ED297AB7EEE77A1FEDB96B36EE477B8F
:107A7800F7EEC77BBB68C3ED2A7ABB68D3ED527AB1
:107A8800B7EEE77A1FEDBE6B36EE477BF7EEC77BA6
:107A9800BB68C3ED537ABB68D3ED7B7AB7EEE77A60
:107AA8001FEDC36B36EE477BF7EEC77BBB68C3EDB4
:107AB8007C7ABB68D3EDA47AB7EEE77A1FEDC86B82
:107AC80036EE477BF7EEC77BBB68C3EDA57ABB688C
:107AD800D3EDCD7AB7EEE77A1FEDCD6B36EE477B67
:107AE800F7EEC77BBB68C3EDCE7ABB68D3EDF67AF9
:107AF800B7EEE77A1FEDD26B36EE477BF7EEC77B22
:107B0800BB68C3EDF77ABB6803F27C43D3ED007A18
:107B1800B7EEE77A1FEDD86B36EE477BF7EEC77BFB
:107B2800BB6803F59063C3ED007A34E07B689B8FF4
:107B380044F6382293420CD97B689B8F45F2140295
:107B4800934206D8F868FEF71DFBB868FEF71AFBE3
:107B580021E07B689B8F45F2140293421BD97B6816
:107B68009B8F45F20822934215D87B68002283F840
:107B78003A20B7EE000AF868FEF7C6FCB7EE000A2E
:107B8800B868FEF7C1FC7B68002283F836207B6862
:107B9800002283F834207B689B8F01339AB27B687C
:107BA8009A8700BF1037BD4680BD00BF00000000A7
:107BB80080B584B000AFF860B9607A607B6893F9EB
:107BC8004230012B41F0F7807B6893F93E30002B5F
:107BD80041F0F1807B6893F93A30002B41F0EB805B
:107BE8007B68B3F8443040F2DC52934200F2CE8016
:107BF800FB68D3ED297AB7EEE77A9FEDD36B36EEC3
:107C0800477BF7EEC77BFB68C3ED2A7AFB68D3EDA9
:107C1800527AB7EEE77A9FEDCE6B36EE477BF7EEFA
:107C2800C77BFB68C3ED537AFB68D3ED7B7AB7EE6D
:107C3800E77A9FEDC96B36EE477BF7EEC77BFB68AB
:107C4800C3ED7C7AFB68D3EDA47AB7EEE77A9FEDB3
:107C5800C46B36EE477BF7EEC77BFB68C3EDA57AAE
:107C6800FB68D3EDCD7AB7EEE77A9FEDBF6B36EEC2
:107C7800477BF7EEC77BFB68C3EDCE7AFB68D3ED95
:107C8800F67AB7EEE77A9FEDBA6B36EE477BF7EEFA
:107C9800C77BFB68C3EDF77AFB6803F27C43D3ED3F
:107CA800007AB7EEE77A9FEDB46B36EE477BF7EED6
:107CB800C77BFB6803F59063C3ED007ABB68D3ED1F
:107CC800297AB7EEE77A9FEDAE6B36EE477BF7EE93
:107CD800C77BBB68C3ED2A7ABB68D3ED527AB7EE8F
:107CE800E77A9FEDA96B36EE477BF7EEC77BBB685B
:107CF800C3ED537ABB68D3ED7B7AB7EEE77A9FED95
:107D0800A46B36EE477BF7EEC77BBB68C3ED7C7A86
:107D1800BB68D3EDA47AB7EEE77A9FED9F6B36EE9A
:107D2800477BF7EEC77BBB68C3EDA57ABB68D3ED8D
:107D3800CD7AB7EEE77A9FED9A6B36EE477BF7EE92
:107D4800C77BBB68C3EDCE7ABB68D3EDF67AB7EED6
:107D5800E77A9FED956B36EE477BF7EEC77BBB68FE
:107D6800C3EDF77ABB6803F27C43D3ED007AB7EE34
:107D7800E77A9FED8F6B36EE477BF7EEC77BBB68E4
:107D880003F59063C3ED007A01F015B87B68B3F88A
:107D9800443040F2DC52934240F2AE817B68B3F843
:107DA800443040F6B832934200F2A681FB68D3ED26
:107DB800297AB7EEE77A9FED806B36EE477BF7EED0
:107DC800C77BFB68C3ED2A7AFB68D3ED527AB7EE1E
:107DD800E77A9FED7B6B36EE477BF7EEC77BFB6858
:107DE800C3ED537AFB68D3ED7B7AB7EEE77A9FED64
:107DF800766B36EE477BF7EEC77BFB68C3ED7C7A84
:107E0800FB68D3EDA47AB7EEE77A9FED716B36EE97
:107E1800477BF7EEC77BFB68C3EDA57AFB68D3ED1C
:107E2800CD7AB7EEE77A9FED6C6B36EE477BF7EECF
:107E3800C77BFB68C3EDCE7AFB68D3EDF67AB7EE65
:107E4800E77A9FED676B36EE477BF7EEC77BFB68FB
:107E5800C3EDF77AFB6803F27C43D3ED007AB7EE03
:107E6800E77A9FED616B36EE477BF7EEC77BFB68E1
:107E780003F59063C3ED007ABB68D3ED297AB7EEBA
:107E8800E77A9FED5B6B36EE477BF7EEC77BBB6807
:107E9800C3ED2A7ABB68D3ED527AB7EEE77A9FED45
:107EA800566B36EE477BF7EEC77BBB68C3ED537A5C
:107EB800BB68D3ED7B7AB7EEE77A9FED516B36EE70
:107EC800477BF7EEC77BBB68C3ED7C7ABB68D3ED15
:107ED800A47AB7EEE77A9FED4C6B36EE477BF7EE68
:107EE800C77BBB68C3EDA57ABB68D3EDCD7AB7EE87
:107EF800E77A9FED476B36EE477BF7EEC77BBB68AB
:107F0800C3EDCE7ABB68D3EDF67AB7EEE77A9FED8C
:107F1800426B36EE477BF7EEC77BBB68C3EDF77A5B
:107F2800BB6803F27C43D3ED007AB7EEE77A9FEDA6
:107F38003C6B36EE477BF7EEC77BBB6803F5906377
:107F4800C3ED007A00F037BFB0726891EDDC32C043
:107F580014AE47A147155FC0CECCCCCC49834FC0E7
:107F6800976E12038A544BC0976E1283102B2440CD
:107F7800759318843E474D40C3F5283CDCB65A40FB
:107F8800D34D6210584D734095438B6C664834400E
:107F98008D976E22D2436040E6D0221B868E5AC04F
:107FA8008716D9CEBF152540D9CEF75353805040F8
:107FB8007D3F358E9C8D66C0F2D24D6210383BC035
:107FC8002DB29D3FDB1162C0C976BEDF38294CC097
:107FD800560E2DB2CDD537C0B072689109CB12407C
:107FE800EC51B85E84364A40CDCCCC4CD059584080
:107FF8009EEFA7C64B4D7340D44D6210482B3F40AF
:108008001283C08A9D325F4016D9CE77BB3954C0DF
:108018006F1283C0C6753640D122DB79241F4840D1
:108028004260E5106C6665C037894160E5303BC049
:10803800FED47879D61F61C0C976BE9F026B41C055
:108048000AD7A3F0BEE934C05A643BDF219B17C0AE
:1080580008AC1CDA140745408B6CE7BBD06F58405E
:108068003333333333D57240CDCCCCCC563031405A
:10807800D678E9C693435D4089416025AD6351C018
:1080880016D9CEF734632B409DEFA74688FC3A40BB
:10809800FCA9F122E9D164C091ED7C3F357E3040E6
:1080A800CFF753B3D12D60C0EC51B81E41CB0DC0F2
:1080B8001A2FDD64CC9347C01C5A647B7676474000
:1080C800E4A59BC498401EC07F6ABC74178B15C07A
:1080D800C74B378941646F40D122DBF9AAF530409C
:1080E8007B14AE07805A49401C5A643B330B0BC0C3
:1080F8004E621058254B18C07B68B3F8443040F6E0
:10810800B832934217D97B68B3F84430B3F57A6F25
:1081180011D87B68012283F82920FB68012283F8A3
:1081280024257B68012283F82C20BB68012283F870
:10813800242500F040BE7B68B3F84430B3F57A6F6D
:1081480040F2D6807B68B3F8443041F27C529342C7
:1081580000F2CE80FB68D3ED297AB7EEE77A1FEDFF
:108168004E6B36EE477BF7EEC77BFB68C3ED2A7A8A
:10817800FB68D3ED527AB7EEE77A1FED536B36EE14
:10818800477BF7EEC77BFB68C3ED537AFB68D3EDFB
:108198007B7AB7EEE77A1FED586B36EE477BF7EE42
:1081A800C77BFB68C3ED7C7AFB68D3EDA47AB7EE96
:1081B800E77A1FED5D6B36EE477BF7EEC77BFB6812
:1081C800C3EDA57AFB68D3EDCD7AB7EEE77A1FED5C
:1081D800626B36EE477BF7EEC77BFB68C3EDCE7A62
:1081E800FB68D3EDF67AB7EEE77A1FED676B36EEEC
:1081F800477BF7EEC77BFB68C3EDF77AFB6803F2B2
:108208007C43D3ED007AB7EEE77A1FED6D6B36EE5F
:10821800477BF7EEC77BFB6803F59063C3ED007AF5
:10822800BB68D3ED297AB7EEE77A1FED736B36EEAC
:10823800477BF7EEC77BBB68C3ED2A7ABB68D3EDF3
:10824800527AB7EEE77A1FED786B36EE477BF7EE9A
:10825800C77BBB68C3ED537ABB68D3ED7B7AB7EEB7
:10826800E77A1FED7D6B36EE477BF7EEC77BBB6881
:10827800C3ED7C7ABB68D3EDA47AB7EEE77A1FED3D
:10828800826B36EE477BF7EEC77BBB68C3EDA57AFA
:10829800BB68D3EDCD7AB7EEE77A1FED876B36EE84
:1082A800477BF7EEC77BBB68C3EDCE7ABB68D3EDDF
:1082B800F67AB7EEE77A1FED8C6B36EE477BF7EE72
:1082C800C77BBB68C3EDF77ABB6803F27C43D3ED89
:1082D800007AB7EEE77A1FED926B36EE477BF7EE42
:1082E800C77BBB6803F59063C3ED007A00F063BDFC
:1082F8007B68B3F8443041F27C52934240F2E48008
:108308007B68B3F8443041F65832934200F2DC807F
:10831800FB68D3ED297AB7EEE77A1FEDA16B36EE4D
:10832800477BF7EEC77BFB68C3ED2A7AFB68D3ED82
:10833800527AB7EEE77A1FEDA66B36EE477BF7EE7B
:10834800C77BFB68C3ED537AFB68D3ED7B7AB7EE46
:10835800E77A1FEDAB6B36EE477BF7EEC77BFB6822
:10836800C3ED7C7AFB68D3EDA47AB7EEE77A1FED0C
:10837800B06B36EE477BF7EEC77BFB68C3EDA57A9B
:10838800FB68D3EDCD7AB7EEE77A1FEDB56B36EE25
:10839800477BF7EEC77BFB68C3EDCE7AFB68D3ED6E
:1083A800F67AB7EEE77A1FEDBA6B36EE477BF7EE53
:1083B800C77BFB68C3EDF77AFB6803F27C43D3ED18
:1083C800007AB7EEE77A1FEDC06B36EE477BF7EE23
:1083D800C77BFB6803F59063C3ED007ABB68D3EDF8
:1083E800297AB7EEE77A1FEDC66B36EE477BF7EED4
:1083F800C77BBB68C3ED2A7ABB68D3ED527AB7EE68
:10840800E77A1FEDCB6B36EE477BF7EEC77BBB6891
:10841800C3ED537ABB68D3ED7B7AB7EEE77A1FEDED
:10842800D06B36EE477BF7EEC77BBB68C3ED7C7A33
:10843800BB68D3EDCD7AB7EEE77A1FEDD56B36EE94
:10844800477BF7EEC77BBB68C3EDCE7ABB68D3ED3D
:10845800F67AB7EEE77A1FEDDA6B36EE477BF7EE82
:10846800C77BBB68C3EDF77ABB6803F27C43D3EDE7
:10847800007AB7EEE77A9FED846B36EE477BF7EE2E
:10848800C77BBB6803F59063C3ED007A7B68B3F8DC
:108498004430B3F5E15F40F28D847B68B3F8443033
:1084A800B3F5FA5F00F28684BB68D3EDA47AB7EE21
:1084B800E77A9FED776B36EE477BF7EEC77BBB68B5
:1084C800C3EDA57A00F076BC7B68B3F8443041F67A
:1084D8005832934240F280817B68B3F8443042F2CC
:1084E8003412934200F27881FB68D3ED297AB7EE13
:1084F800E77A9FED696B36EE477BF7EEC77BFB6843
:10850800C3ED2A7AFB68D3ED527AB7EEE77A9FED8E
:10851800646B36EE477BF7EEC77BFB68C3ED537A97
:10852800FB68D3ED7B7AB7EEE77A9FED5F6B36EEAB
:10853800477BF7EEC77BFB68C3ED7C7AFB68D3ED1E
:10854800A47AB7EEE77A9FED5A6B36EE477BF7EEE3
:10855800C77BFB68C3EDA57AFB68D3EDCD7AB7EE90
:10856800E77A9FED556B36EE477BF7EEC77BFB68E6
:10857800C3EDCE7AFB68D3EDF67AB7EEE77A9FEDD6
:10858800506B36EE477BF7EEC77BFB68C3EDF77A97
:10859800FB6803F27C43D3ED007AB7EEE77A9FEDF0
:1085A8004A6B36EE477BF7EEC77BFB6803F59063B3
:1085B800C3ED007ABB68D3ED297AB7EEE77A9FED71
:1085C800446B36EE477BF7EEC77BBB68C3ED2A7A70
:1085D800BB68D3ED527AB7EEE77A9FED3F6B36EE84
:1085E800477BF7EEC77BBB68C3ED537ABB68D3ED17
:1085F8007B7AB7EEE77A9FED3A6B36EE477BF7EE7C
:10860800C77BBB68C3ED7C7ABB68D3EDA47AB7EEB1
:10861800E77A9FED356B36EE477BF7EEC77BBB6895
:10862800C3EDA57ABB68D3EDCD7AB7EEE77A9FEDB7
:10863800306B36EE477BF7EEC77BBB68C3EDCE7A6F
:10864800BB68D3EDF67AB7EEE77A9FED2B6B36EE83
:10865800477BF7EEC77BBB68C3EDF77ABB6803F2CD
:108668007C43D3ED007AB7EEE77A9FED256B36EEC3
:10867800477BF7EEC77BBB6803F59063C3ED007AD1
:1086880099E300BFAFF300807F6ABC74178B054085
:10869800FCA9F132F0AA5EC05C8FC2F5287C334099
:1086A800EE7C3FD58CE35BC01283C04A677454C02C
:1086B8001804562E075252C089416065E3214C4088
:1086C800E04F8D97447B1E4014AE47E18A800B40F3
:1086D8009CC420B072767040976E1283102B244091
:1086E8008D976E22D243604016D9CEB7F1F75EC09F
:1086F8001804564E22B147C0CBA145B69FA02F40C3
:108708003108AC1CD8E519C0CFF753E3A57B33403B
:1087180079E926B1920C5DC091ED7CBF8BAC5BC052
:10872800894160A5268D48C0D7A370BD22C74740A0
:108738005A643B5FA87130C06F1283C0C67516C0FB
:1087480014AE47E17A767040508D976ECF2D284051
:108758006F1283000AE16240FCA9F112D54B59C09F
:1087680008AC1C1A587241C0E8FBA9F1EC051EC000
:1087780014AE47E18A80FBBF7B14AE47E17A3340F1
:10878800AAF1D26D268258C0BA490CE2332C5BC0DC
:10879800976E12038A544BC0894160A5268D4840C4
:1087A800DE2406819A982EC0DD240681A74510C0D4
:1087B80004560E2DB27770401E85EB51DDED2AC0B0
:1087C800BC74937864E5634016D9CEF734635BC014
:1087D8007F6ABCF490B43CC07B68B3F8443042F282
:1087E8003412934240F2D5807B68B3F8443042F2A9
:1087F8001072934200F2CD80FB68D3ED297AB7EE70
:10880800E77A1FED3F6B36EE477BF7EEC77BFB68D9
:10881800C3ED2A7AFB68D3ED527AB7EEE77A1FEDFB
:10882800446B36EE477BF7EEC77BFB68C3ED537AA4
:10883800FB68D3ED7B7AB7EEE77A1FED496B36EE2E
:10884800477BF7EEC77BFB68C3ED7C7AFB68D3ED0B
:10885800A47AB7EEE77A1FED4E6B36EE477BF7EE5C
:10886800C77BFB68C3EDA57AFB68D3EDCD7AB7EE7D
:10887800E77A1FED536B36EE477BF7EEC77BFB6855
:10888800C3EDCE7AFB68D3EDF67AB7EEE77A1FED43
:10889800586B36EE477BF7EEC77BFB68C3EDF77A7C
:1088A800FB6803F27C43D3ED007AB7EEE77A1FED5D
:1088B8005E6B36EE477BF7EEC77BFB6803F590638C
:1088C800C3ED007ABB68D3ED297AB7EEE77A1FEDDE
:1088D800646B36EE477BF7EEC77BBB68C3ED2A7A3D
:1088E800BB68D3ED527AB7EEE77A1FED696B36EEC7
:1088F800477BF7EEC77BBB68C3ED537ABB68D3ED04
:108908007B7AB7EEE77A1FED6E6B36EE477BF7EEB4
:10891800C77BBB68C3ED7C7ABB68D3EDA47AB7EE9E
:10892800E77A1FED736B36EE477BF7EEC77BBB68C4
:10893800C3EDA57ABB68D3EDCD7AB7EEE77A1FED24
:10894800786B36EE477BF7EEC77BBB68C3EDCE7A14
:10895800BB68D3EDF67AB7EEE77A1FED7D6B36EE9E
:10896800477BF7EEC77BBB68C3EDF77ABB6803F2BA
:108978007C43D3ED007AB7EEE77A1FED836B36EED2
:10898800477BF7EEC77BBB6803F59063C3ED007ABE
:1089980011E27B68B3F8443042F21072934217D95F
:1089A8007B68B3F8443042F6EC42934210D87B68B7
:1089B800002283F82920FB68002283F824257B689D
:1089C800002283F82C20BB68002283F82425F2E1DA
:1089D8007B68B3F8443042F6EC42934240F2D580CB
:1089E8007B68B3F8443043F2C822934200F2CD804A
:1089F800FB68D3ED297AB7EEE77A1FEDA16B36EE67
:108A0800477BF7EEC77BFB68C3ED2A7AFB68D3ED9B
:108A1800527AB7EEE77A1FEDA66B36EE477BF7EE94
:108A2800C77BFB68C3ED537AFB68D3ED7B7AB7EE5F
:108A3800E77A1FEDAB6B36EE477BF7EEC77BFB683B
:108A4800C3ED7C7AFB68D3EDA47AB7EEE77A1FED25
:108A5800B06B36EE477BF7EEC77BFB68C3EDA57AB4
:108A6800FB68D3EDCD7AB7EEE77A1FEDB56B36EE3E
:108A7800477BF7EEC77BFB68C3EDCE7AFB68D3ED87
:108A8800F67AB7EEE77A1FEDBA6B36EE477BF7EE6C
:108A9800C77BFB68C3EDF77AFB6803F27C43D3ED31
:108AA800007AB7EEE77A1FEDC06B36EE477BF7EE3C
:108AB800C77BFB6803F59063C3ED007ABB68D3ED11
:108AC800297AB7EEE77A1FEDC66B36EE477BF7EEED
:108AD800C77BBB68C3ED2A7ABB68D3ED527AB7EE81
:108AE800E77A1FEDCB6B36EE477BF7EEC77BBB68AB
:108AF800C3ED537ABB68D3ED7B7AB7EEE77A1FED07
:108B0800D06B36EE477BF7EEC77BBB68C3ED7C7A4C
:108B1800BB68D3EDA47AB7EEE77A1FEDD56B36EED6
:108B2800477BF7EEC77BBB68C3EDA57ABB68D3ED7F
:108B3800CD7AB7EEE77A1FEDDA6B36EE477BF7EEC4
:108B4800C77BBB68C3EDCE7ABB68D3EDF67AB7EEC8
:108B5800E77A9FED9F6B36EE477BF7EEC77BBB68E6
:108B6800C3EDF77ABB6803F27C43D3ED007AB7EE26
:108B7800E77A9FED996B36EE477BF7EEC77BBB68CC
:108B880003F59063C3ED007A15E17B68B3F84430D0
:108B980043F2C822934240F2D5807B68B3F8443050
:108BA80043F6A402934200F2CD80FB68D3ED297A04
:108BB800B7EEE77A9FED8A6B36EE477BF7EEC77B19
:108BC800FB68C3ED2A7AFB68D3ED527AB7EEE77AF1
:108BD8009FED856B36EE477BF7EEC77BFB68C3EDF1
:108BE800537AFB68D3ED7B7AB7EEE77A9FED806B1B
:108BF80036EE477BF7EEC77BFB68C3ED7C7AFB68F4
:108C0800D3EDA47AB7EEE77A9FED7B6B36EE477B20
:108C1800F7EEC77BFB68C3EDA57AFB68D3EDCD7A89
:108C2800B7EEE77A9FED766B36EE477BF7EEC77BBC
:108C3800FB68C3EDCE7AFB68D3EDF67AB7EEE77A38
:108C48009FED716B36EE477BF7EEC77BFB68C3ED94
:108C5800F77AFB6803F27C43D3ED007AB7EEE77A44
:108C68009FED6B6B36EE477BF7EEC77BFB6803F532
:108C78009063C3ED007ABB68D3ED297AB7EEE77A43
:108C88009FED656B36EE477BF7EEC77BBB68C3EDA0
:108C98002A7ABB68D3ED527AB7EEE77A9FED606B1C
:108CA80036EE477BF7EEC77BBB68C3ED537ABB68EC
:108CB800D3ED7B7AB7EEE77A9FED5B6B36EE477BB9
:108CC800F7EEC77BBB68C3ED7C7ABB68D3EDA47AAB
:108CD800B7EEE77A9FED566B36EE477BF7EEC77B2C
:108CE800BB68C3EDA57ABB68D3EDCD7AB7EEE77A5A
:108CF8009FED516B36EE477BF7EEC77BBB68C3ED44
:108D0800CE7ABB68D3EDF67AB7EEE77A9FED4C6B77
:108D180036EE477BF7EEC77BBB68C3EDF77ABB68D7
:108D280003F27C43D3ED007AB7EEE77A9FED2A6B26
:108D380036EE477BF7EEC77BBB6803F59063C3ED60
:108D4800007A38E07B68B3F8443043F6A4029342D3
:108D58000CD97B68B3F84430B3F57A5F06D8F86865
:108D6800FDF710FAB868FDF70DFA24E07B68B3F850
:108D78004430B3F57A5F1ED97B68B3F8443044F2C7
:108D88007402934217D87B68002283F84220B7EE1A
:108D9800000AF868FDF7B8FBB7EE000AB868FDF7F7
:108DA800B3FB7B68002283F836207B68002283F8B7
:108DB800342000E000BF7B68B3F8443001339AB236
:108DC8007B68A3F8442000BF1037BD4680BD00BFB4
:108DD800C1CAA1455AE021C0BE9F1A2FB0FD21C0CB
:108DE80096438B6CE77B33407B14AE07805A59C09F
:108DF8009BC42030DE193BC0B072681183F449C0AF
:108E0800976E1283102BE43F5EBA490C766017C048
:108E1800DD240681A74510C0C1CAA145B6777040B8
:108E28000C022B87E2F50BC0BC7493D8C2AF554037
:108E38002B8716797B7358C0D122DBF9AAF500403D
:108E4800CFF753E3001321C080B584B000AFF860BA
:108E5800B9607A607B6893F94230002B40F0BB849C
:108E68007B6893F93E30012B40F0B5847B6893F919
:108E78003A30002B40F0AF847B68B3F84030B3F54C
:108E8800487F11D8B7EE080AF868FDF73DFBB7EE42
:108E9800080AB868FDF738FBF868FDF739FAB868CA
:108EA800FDF736FA00F08FBC7B68B3F84030B3F5B5
:108EB800487F30D97B68B3F84030B3F5FA6F2AD8C9
:108EC8007B6802221A729FEDAC0AF868FDF71CFB5A
:108ED8009FEDA90AB868FDF717FBFB68D3ED297A5F
:108EE800B7EEE77A9FED866B36EE477BF7EEC77BEA
:108EF800FB68C3ED2A7ABB68D3ED297AB7EEE77A27
:108F08009FED816B36EE477BF7EEC77BBB68C3ED01
:108F18002A7A00F058BC7B68B3F84030B3F5FA6F92
:108F28000FD97B68B3F8403040F6B832934208D87E
:108F38007B6800221A727B68012283F8352000F0D2
:108F480042BC7B68B3F8403040F6B832934240F2F6
:108F580017817B68B3F8403041F29412934200F2D3
:108F68000F817B68002283F83520FB68D3ED297ACE
:108F7800B7EEE77A9FED666B36EE477BF7EEC77B79
:108F8800FB68C3ED2A7AFB68D3ED527AB7EEE77A2D
:108F98009FED616B36EE477BF7EEC77BFB68C3ED51
:108FA800537AFB68D3ED7B7AB7EEE77A9FED5C6B7B
:108FB80036EE477BF7EEC77BFB68C3ED7C7AFB6830
:108FC800D3EDA47AB7EEE77A9FED576B36EE477B81
:108FD800F7EEC77BFB68C3EDA57AFB68D3EDCD7AC6
:108FE8009FED667A77EE677AFB68C3EDCE7AFB6809
:108FF800D3EDF67AB7EEE77A9FED4D6B36EE477B09
:10900800F7EEC77BFB68C3EDF77AFB6803F27C4396
:10901800D3ED007AB7EEE77A9FED476B36EE477BE4
:10902800F7EEC77BFB6803F59063C3ED007ABB6876
:10903800D3ED297AB7EEE77A9FED416B36EE477BA1
:10904800F7EEC77BBB68C3ED2A7ABB68D3ED527ACB
:10905800B7EEE77A9FED3C6B36EE477BF7EEC77BC2
:10906800BB68C3ED537ABB68D3ED7B7AB7EEE77A7A
:109078009FED376B36EE477BF7EEC77BBB68C3EDDA
:109088007C7ABB68D3EDA47AB7EEE77A9FED326BB2
:1090980036EE477BF7EEC77BBB68C3EDA57ABB68A6
:1090A800D3EDCD7AB7EEE77A9FED2D6B36EE477BA1
:1090B800F7EEC77BBB68C3EDCE7ABB68D3EDF67A13
:1090C800B7EEE77A9FED286B36EE477BF7EEC77B66
:1090D800BB68C3EDF77ABB6803F27C43D3ED007A33
:1090E800B7EEE77A9FED226B36EE477BF7EEC77B4C
:1090F800BB6803F59063C3ED007A64E3AFF30080C7
:1091080077BE9F1A2FDD30C05C8FC2F52870714082
:109118004A0C022B87E643C046B6F3AD327C62C0E8
:1091280004560EED03AD51C0508D97EE550431C075
:1091380039B4C87680704940378941E05C64324070
:10914800560E2DB29DED72405839B4C877B83740E5
:109158003D0AD76391CA5C403108ACFCBC8654C058
:1091680021B0726887D04A401C5A643B330B2B40AD
:109178006DE7FB198FE363C03333333F64E32B425E
:109188007B68B3F8403041F29412934240F2D580A4
:109198007B68B3F8403041F27072934200F2CD80A0
:1091A800FB68D3ED297AB7EEE77A9FEDBD6B36EE13
:1091B800477BF7EEC77BFB68C3ED2A7AFB68D3EDE4
:1091C800527AB7EEE77A9FEDB86B36EE477BF7EE4B
:1091D800C77BFB68C3ED537AFB68D3ED7B7AB7EEA8
:1091E800E77A9FEDB36B36EE477BF7EEC77BFB68FC
:1091F800C3ED7C7AFB68D3EDA47AB7EEE77A9FEDEE
:10920800AE6B36EE477BF7EEC77BFB68C3EDA57AFE
:10921800FB68D3EDCD7AB7EEE77A9FEDA96B36EE12
:10922800477BF7EEC77BFB68C3EDCE7AFB68D3EDCF
:10923800F67AB7EEE77A9FEDA46B36EE477BF7EE4A
:10924800C77BFB68C3EDF77AFB6803F27C43D3ED79
:10925800007AB7EEE77A9FED9E6B36EE477BF7EE26
:10926800C77BFB6803F59063C3ED007ABB68D3ED59
:10927800297AB7EEE77A9FED986B36EE477BF7EEE3
:10928800C77BBB68C3ED2A7ABB68D3ED527AB7EEC9
:10929800E77A9FED936B36EE477BF7EEC77BBB68AB
:1092A800C3ED537ABB68D3ED7B7AB7EEE77A9FEDCF
:1092B8008E6B36EE477BF7EEC77BBB68C3ED7C7AD7
:1092C800BB68D3EDA47AB7EEE77A9FED896B36EEEB
:1092D800477BF7EEC77BBB68C3EDA57ABB68D3EDC8
:1092E800CD7AB7EEE77A9FED846B36EE477BF7EEE3
:1092F800C77BBB68C3EDCE7ABB68D3EDF67AB7EE11
:10930800E77A9FED7F6B36EE477BF7EEC77BBB684E
:10931800C3EDF77ABB6803F27C43D3ED007AB7EE6E
:10932800E77A9FED796B36EE477BF7EEC77BBB6834
:1093380003F59063C3ED007A45E27B68B3F84030EB
:1093480041F27072934221D97B68B3F8403041F6FC
:10935800902293421AD87B68012283F82920FB685F
:10936800012283F824257B68012283F82C20BB681E
:10937800012283F824259FED700AF868FDF7C4F8E8
:109388009FED6D0AB868FDF7BFF81CE27B68B3F87B
:10939800403041F6902293426DD97B68B3F8403053
:1093A80041F64C52934266D8BB68D3ED297AB7EEA2
:1093B800E77A9FED496B36EE477BF7EEC77BBB68D4
:1093C800C3ED2A7ABB68D3ED527AB7EEE77A9FED00
:1093D800506B36EE477BF7EEC77BBB68C3ED537A1D
:1093E800BB68D3ED7B7AB7EEE77A9FED4B6B36EE31
:1093F800477BF7EEC77BBB68C3ED7C7ABB68D3EDD0
:10940800A47AB7EEE77A9FED466B36EE477BF7EE28
:10941800C77BBB68C3EDA57ABB68D3EDCD7AB7EE41
:10942800E77A9FED416B36EE477BF7EEC77BBB686B
:10943800C3EDCE7ABB68D3EDF67AB7EEE77A9FED47
:10944800246B36EE477BF7EEC77BBB68C3EDF77A34
:10945800BB6803F27C43D3ED007AB7EEE77A9FED61
:10946800346B36EE477BF7EEC77BBB6803F590633A
:10947800C3ED007AA7E17B68B3F8403041F64C525F
:1094880093425BD97B68B3F8403042F2283293426A
:1094980054D87B6801221A7295E100BFAFF30080AF
:1094A8002DB29DEFA79647C0B07268C138B063C0AF
:1094B800EC51B8DE0A0D53C0676666661EEB1640AF
:1094C80091ED7CFFCE1748403108AC9C5EBC424011
:1094D8008195438BC16D2540BE9F1A2FDD007440D6
:1094E8008B6CE7FB13DB4440068195A342185E4072
:1094F80048E17AD4E3374CC0F6285CEFFEAF504021
:1095080052B81E8579102840295C8F72E51664C010
:109518004D3789C1F4913F409BC42030DE195B4030
:1095280020B0722844654EC04D3789C1F4914F4030
:1095380079E926D1BA1864C0CDCC0C3F7B68B3F862
:10954800403042F22832934240F2D5807B68B3F82B
:10955800403042F60412934200F2CD80FB68D3ED0E
:10956800297AB7EEE77A9FED9E6B36EE477BF7EEEA
:10957800C77BFB68C3ED2A7AFB68D3ED527AB7EE56
:10958800E77A9FED996B36EE477BF7EEC77BFB6872
:10959800C3ED537AFB68D3ED7B7AB7EEE77A9FED9C
:1095A800946B36EE477BF7EEC77BFB68C3ED7C7A9E
:1095B800FB68D3EDA47AB7EEE77A9FED8F6B36EEB2
:1095C800477BF7EEC77BFB68C3EDA57AFB68D3ED55
:1095D800CD7AB7EEE77A9FED8A6B36EE477BF7EEEA
:1095E800C77BFB68C3EDCE7AFB68D3EDF67AB7EE9E
:1095F800E77A9FED856B36EE477BF7EEC77BFB6816
:10960800C3EDF77AFB6803F27C43D3ED007AB7EE3B
:10961800E77A9FED7F6B36EE477BF7EEC77BFB68FB
:1096280003F59063C3ED007ABB68D3ED297AB7EEF2
:10963800E77A9FED796B36EE477BF7EEC77BBB6821
:10964800C3ED2A7ABB68D3ED527AB7EEE77A9FED7D
:10965800746B36EE477BF7EEC77BBB68C3ED537A76
:10966800BB68D3ED7B7AB7EEE77A9FED6F6B36EE8A
:10967800477BF7EEC77BBB68C3ED7C7ABB68D3ED4D
:10968800A47AB7EEE77A9FED6A6B36EE477BF7EE82
:10969800C77BBB68C3EDA57ABB68D3EDCD7AB7EEBF
:1096A800E77A9FED656B36EE477BF7EEC77BBB68C5
:1096B800C3EDCE7ABB68D3EDF67AB7EEE77A9FEDC5
:1096C800606B36EE477BF7EEC77BBB68C3EDF77A76
:1096D800BB6803F27C43D3ED007AB7EEE77A9FEDDF
:1096E8005A6B36EE477BF7EEC77BBB6803F5906392
:1096F800C3ED007A67E07B68B3F8403042F60412A5
:1097080093421BD97B68B3F8403042F6E06293423B
:1097180014D89FED4F0AF868FCF7F6FE9FED4C0A47
:10972800B868FCF7F1FE7B68022283F83520F868F8
:10973800FCF7EEFDB868FCF7EBFD44E07B68B3F896
:10974800403042F6E06293420ED97B68B3F840306D
:1097580043F2BC42934207D87B68002283F8352045
:109768007B6802221A722EE07B68B3F8403043F21D
:10977800BC42934227D97B68B3F8403043F2B062C9
:10978800934220D87B68002283F83E20B7EE000A77
:10979800F868FCF7B9FEB7EE000AB868FCF7B4FE43
:1097A8007B68002283F836207B68002283F8342007
:1097B8007B6800221A77FB68002283F80C25BB68B7
:1097C800002283F80C257B68B3F8403001339AB245
:1097D8007B68A3F8402000BF1037BD4680BD00BF9E
:1097E800EE7C3F355E7A46C0FA7E6A9CCC9E57C0B6
:1097F800DE2406819A984EC08D976E12BEBD24C095
:1098080085EB51B815334540560E2DB2CDD52740BE
:109818008716D9CEBF15F53FC520B07268C1724012
:1098280052B81E85791018C08D976EF295B15D40BB
:1098380085EB511874FD56C00E2DB21D13AF54C0E0
:10984800FCA9F15218B73540F4FDD478E955AD3F7D
:109858003333333F80B584B000AFF860B9607A60C5
:10986800FB6893F80C3503F00103DBB2002B40F0E2
:10987800CF80BB6893F80C3503F00103DBB2002BF3
:1098880040F0C680FB6893F81035002B53D1FB6875
:1098980093F81435002B4ED15F4B93F83730012BDA
:1098A80022D15D4B93F83630002B1DD15A4B93F8DB
:1098B8003930012B18D1FB68012283F81025FB6889
:1098C8000022A3F812259FED550AF868FCF71CFE44
:1098D800F868FCF701FC7B68002283F82920FB6804
:1098E800002283F8242526E04B4B93F83730002BD1
:1098F80021D1494B93F83630012B1CD1464B93F8B4
:109908003930012B17D1FB68012283F81425FB6835
:109918000022A3F816259FED410AF868FCF7F4FD2C
:10992800F868FCF7D9FB7B68002283F82920FB68DC
:10993800002283F82425BB6893F81035002B53D1F7
:10994800BB6893F81435002B4ED1334B93F837305E
:10995800012B22D1304B93F83630002B1DD12E4BE2
:1099680093F83830012B18D1BB68012283F81025F1
:10997800BB680022A3F812259FED280AB868FCF7F7
:10998800C3FDB868FCF7A8FB7B68002283F82C208D
:10999800BB68002283F8242526E01F4B93F8373054
:1099A800002B21D11C4B93F83630012B1CD11A4BBC
:1099B80093F83830012B17D1BB68012283F814259E
:1099C800BB680022A3F816259FED140AB868FCF7B7
:1099D8009BFDB868FCF780FB7B68002283F82C208D
:1099E800BB68002283F824257A68B968F86800F013
:1099F80017F87A68B968F86800F0AAFA7A68B96856
:109A0800F86800F039FD7A68B968F86800F0D0FFA6
:109A180000BF1037BD4680BD7C1C00243333333F64
:109A280080B584B000AFF860B9607A60FB6893F8DD
:109A38001035012B40F06B82FB6893F81435002B2E
:109A480040F06582FB68B3F8123540F2DC5293426D
:109A580066D8FB68D3ED297AB7EEE77A9FEDB06B4D
:109A680036EE477BF7EEC77BFB68C3ED2A7AFB68C7
:109A7800D3ED527AB7EEE77A9FEDAB6B36EE477BC4
:109A8800F7EEC77BFB68C3ED537AFB68D3ED7B7AAF
:109A9800B7EEE77A9FEDA66B36EE477BF7EEC77B0E
:109AA800FB68C3ED7C7AFB68D3EDA47AB7EEE77A5E
:109AB8009FEDA16B36EE477BF7EEC77BFB68C3EDE6
:109AC800A57AFB68D3EDCD7AB7EEE77A9FED9C6B6C
:109AD80036EE477BF7EEC77BFB68C3EDCE7AFB68B3
:109AE800D3EDF67AB7EEE77A9FED976B36EE477BC4
:109AF800F7EEC77BFB68C3EDF77AFB6803F27C439C
:109B0800D3ED007AB7EEE77A9FED916B36EE477B9F
:109B1800F7EEC77BFB6803F59063C3ED007AEEE1CF
:109B2800FB68B3F8123540F2DC5293426DD9FB68FA
:109B3800B3F8123540F6B832934266D8FB68D3EDD5
:109B4800297AB7EEE77A9FED846B36EE477BF7EE1E
:109B5800C77BFB68C3ED2A7AFB68D3ED527AB7EE70
:109B6800E77A9FED7F6B36EE477BF7EEC77BFB68A6
:109B7800C3ED537AFB68D3ED7B7AB7EEE77A9FEDB6
:109B88007A6B36EE477BF7EEC77BFB68C3ED7C7AD2
:109B9800FB68D3EDA47AB7EEE77A9FED756B36EEE6
:109BA800477BF7EEC77BFB68C3EDA57AFB68D3ED6F
:109BB800CD7AB7EEE77A9FED706B36EE477BF7EE1E
:109BC800C77BFB68C3EDCE7AFB68D3EDF67AB7EEB8
:109BD800E77A9FED6B6B36EE477BF7EEC77BFB684A
:109BE800C3EDF77AFB6803F27C43D3ED007AB7EE56
:109BF800E77A9FED656B36EE477BF7EEC77BFB6830
:109C080003F59063C3ED007A79E1FB68B3F8123588
:109C180040F6B832934269D9FB68B3F8123541F27D
:109C28009412934262D8FB68D3ED297A9FED647A47
:109C380077EE677AFB68C3ED2A7AFB68D3ED527A30
:109C4800B7EEE77A9FED526B36EE477BF7EEC77BB0
:109C5800FB68C3ED537AFB68D3ED7B7AB7EEE77AFE
:109C68009FED4D6B36EE477BF7EEC77BFB68C3ED88
:109C78007C7AFB68D3EDA47AB7EEE77A9FED486B60
:109C880036EE477BF7EEC77BFB68C3EDA57AFB682A
:109C9800D3EDCD7AB7EEE77A9FED436B36EE477B8F
:109CA800F7EEC77BFB68C3EDCE7AFB68D3EDF67A97
:109CB800B7EEE77A9FED3E6B36EE477BF7EEC77B54
:109CC800FB68C3EDF77AFB6803F27C43D3ED007AB7
:109CD800B7EEE77A9FED386B36EE477BF7EEC77B3A
:109CE800FB6803F59063C3ED007A08E1FB68B3F8FD
:109CF800123541F29412934264D9FB68B3F81235D5
:109D080041F2504293425DD87B68012283F82920B2
:109D1800FB68012283F82425F1E000BFAFF300803F
:109D280021B07268917D4240A245B6B31F2D57C03D
:109D3800F4FDD4F86F2C36C0DCF97E6AF0B54EC05D
:109D48001C5A643B330B0B405C8FC275525430C0B5
:109D5800EA2631881DBF36408D976E1283804240B7
:109D6800B29DEF67704256C0180456AE807B59C04A
:109D78003108AC9C5EBC52C039B4C87680702940AA
:109D8800E8FBA9F1EC052EC0CFF753637A3C3840C5
:109D9800B4C8769E35845BC021B07208290659C0C4
:109DA800273108CCAD8451C08716D9CEBF150540E0
:109DB800BC749318061B22C052B81E85791038400F
:109DC80000001442FB68B3F8123541F25042934246
:109DD8006DD9FB68B3F8123541F27072934266D8B8
:109DE800FB68D3ED297AB7EEE77A9FED4B6B36EE39
:109DF800477BF7EEC77BFB68C3ED2A7AFB68D3ED98
:109E0800527AB7EEE77A9FED466B36EE477BF7EE70
:109E1800C77BFB68C3ED537AFB68D3ED7B7AB7EE5B
:109E2800E77A9FED416B36EE477BF7EEC77BFB6821
:109E3800C3ED7C7AFB68D3EDA47AB7EEE77A9FEDA1
:109E48003C6B36EE477BF7EEC77BFB68C3EDA57A24
:109E5800FB68D3EDCD7AB7EEE77A9FED376B36EE38
:109E6800477BF7EEC77BFB68C3EDCE7AFB68D3ED83
:109E7800F67AB7EEE77A9FED326B36EE477BF7EE70
:109E8800C77BFB68C3EDF77AFB6803F27C43D3ED2D
:109E9800007AB7EEE77A9FED2C6B36EE477BF7EE4C
:109EA800C77BFB6803F59063C3ED007A27E0FB6886
:109EB800B3F8123541F2707293420AD9FB68B3F8CD
:109EC800123541F64C52934203D8F868FCF75AF918
:109ED80015E0FB68B3F8123541F64C5293420ED99F
:109EE800FB68B3F81235B3F5FA5F08D8FB680022AF
:109EF80083F81025B7EE000AF868FCF705FBFB6845
:109F0800B3F8123501339AB2FB68A3F8122500BFE3
:109F18001037BD4680BD00BFC3F5285C8FE23940CD
:109F2800273108AC85785AC075931804C51D56C0EA
:109F3800B0726851C65F56C0B29DEF272DD7494011
:109F480021B0726887D01A40B81E85EBB15512C08F
:109F580080B584B000AFF860B9607A60FB6893F8A8
:109F68001035002B40F08182FB6893F81435012BE3
:109F780040F07B82FB68B3F8163540F2DC5293421E
:109F880066D8FB68D3ED297AB7EEE77A9FEDB26B16
:109F980036EE477BF7EEC77BFB68C3ED2A7AFB6892
:109FA800D3ED527AB7EEE77A9FEDAD6B36EE477B8D
:109FB800F7EEC77BFB68C3ED537AFB68D3ED7B7A7A
:109FC800B7EEE77A9FEDA86B36EE477BF7EEC77BD7
:109FD800FB68C3ED7C7AFB68D3EDA47AB7EEE77A29
:109FE8009FEDA36B36EE477BF7EEC77BFB68C3EDAF
:109FF800A57AFB68D3EDCD7AB7EEE77A9FED9E6B35
:10A0080036EE477BF7EEC77BFB68C3EDCE7AFB687D
:10A01800D3EDF67AB7EEE77A9FED996B36EE477B8C
:10A02800F7EEC77BFB68C3EDF77AFB6803F27C4366
:10A03800D3ED007AB7EEE77A9FED936B36EE477B68
:10A04800F7EEC77BFB6803F59063C3ED007A04E283
:10A05800FB68B3F8163540F2DC5293426DD9FB68C1
:10A06800B3F8163540F6B832934266D8FB68D3ED9C
:10A07800297AB7EEE77A9FED786B36EE477BF7EEF5
:10A08800C77BFB68C3ED2A7AFB68D3ED527AB7EE3B
:10A09800E77A9FED7F6B36EE477BF7EEC77BFB6871
:10A0A800C3ED537AFB68D3ED7B7AB7EEE77A9FED81
:10A0B8007A6B36EE477BF7EEC77BFB68C3ED7C7A9D
:10A0C800FB68D3EDA47AB7EEE77A9FED756B36EEB1
:10A0D800477BF7EEC77BFB68C3EDA57AFB68D3ED3A
:10A0E800CD7AB7EEE77A9FED706B36EE477BF7EEE9
:10A0F800C77BFB68C3EDCE7AFB68D3EDF67AB7EE83
:10A10800E77A9FED6B6B36EE477BF7EEC77BFB6814
:10A11800C3EDF77AFB6803F27C43D3ED007AB7EE20
:10A12800E77A9FED656B36EE477BF7EEC77BFB68FA
:10A1380003F59063C3ED007A8FE1FB68B3F8163539
:10A1480040F6B83293426DD9FB68B3F8163541F240
:10A158009412934266D8FB68D3ED297AB7EEE77A72
:10A168009FED3D6B36EE477BF7EEC77BFB68C3ED93
:10A178002A7AFB68D3ED527AB7EEE77A9FED506BF7
:10A1880036EE477BF7EEC77BFB68C3ED537AFB6877
:10A19800D3ED7B7AB7EEE77A9FED4B6B36EE477BD4
:10A1A800F7EEC77BFB68C3ED7C7AFB68D3EDA47A36
:10A1B800B7EEE77A9FED466B36EE477BF7EEC77B47
:10A1C800FB68C3EDA57AFB68D3EDCD7AB7EEE77AE5
:10A1D8009FED416B36EE477BF7EEC77BFB68C3ED1F
:10A1E800CE7AFB68D3EDF67AB7EEE77A9FED3C6B53
:10A1F80036EE477BF7EEC77BFB68C3EDF77AFB6863
:10A2080003F27C43D3ED007AB7EEE77A9FED2A6B31
:10A2180036EE477BF7EEC77BFB6803F59063C3ED2B
:10A22800007A1AE1FB68B3F8163541F294129342AA
:10A2380076D9FB68B3F8163541F2504293426FD88D
:10A248007B68012283F82920FB68012283F82425F2
:10A2580003E100BFAFF3008096438B6CE77B30408F
:10A268007B14AE07805A59C09BC42030DE193BC00E
:10A27800B072681183F449C0976E1283102BE43FC3
:10A288005EBA490C766017C0DD240681A74510C068
:10A2980008AC1C9AD19B58C0355EBAA98A755BC0B8
:10A2A8001E85EB119A824EC091ED7CFFCE17484077
:10A2B800EC51B81E41CB2DC077BE9F1A6F0006C067
:10A2C800F853E3A53D1B5DC0819543ABDCCC5AC078
:10A2D8002FDD24062E034AC016D9CE77BB39444059
:10A2E800BE9F1A2FB0FD21C05C8FC2F5287C30407C
:10A2F800EE7C3FD58CE35BC01283C04A677454C0C0
:10A308001804562E075252C089416065E3214C401B
:10A31800E04F8D97447B1E4014AE47E18A800B4086
:10A32800FB68B3F8163541F2504293426DD9FB6889
:10A33800B3F8163541F27072934266D8FB68D3EDD4
:10A34800297AB7EEE77A1FED186B36EE477BF7EE02
:10A35800C77BFB68C3ED2A7AFB68D3ED527AB7EE68
:10A36800E77A1FED1D6B36EE477BF7EEC77BFB6880
:10A37800C3ED537AFB68D3ED7B7AB7EEE77A1FED2E
:10A38800226B36EE477BF7EEC77BFB68C3ED7C7A22
:10A39800FB68D3EDA47AB7EEE77A1FED276B36EEAC
:10A3A800477BF7EEC77BFB68C3EDA57AFB68D3ED67
:10A3B800CD7AB7EEE77A1FED2C6B36EE477BF7EEDA
:10A3C800C77BFB68C3EDCE7AFB68D3EDF67AB7EEB0
:10A3D800E77A1FED316B36EE477BF7EEC77BFB68FC
:10A3E800C3EDF77AFB6803F27C43D3ED007AB7EE4E
:10A3F800E77A1FED376B36EE477BF7EEC77BFB68D6
:10A4080003F59063C3ED007A27E0FB68B3F81635CF
:10A4180041F2707293420AD9FB68B3F8163541F6D7
:10A428004C52934203D8F868FBF7ACFE15E0FB6882
:10A43800B3F8163541F64C5293420ED9FB68B3F87F
:10A448001635B3F5FA5F08D8FB68002283F814259F
:10A45800B7EE000AF868FCF757F8FB68B3F816354A
:10A4680001339AB2FB68A3F8162500BF1037BD4622
:10A4780080BD00BF0000000080B584B000AFF86068
:10A48800B9607A60BB6893F81035012B40F0898277
:10A49800BB6893F81435002B40F08382BB68B3F88F
:10A4A800123540F2DC52934266D8BB68D3ED297A64
:10A4B800B7EEE77A9FEDB26B36EE477BF7EEC77BD8
:10A4C800BB68C3ED2A7ABB68D3ED527AB7EEE77A58
:10A4D8009FEDAD6B36EE477BF7EEC77BBB68C3EDF0
:10A4E800537ABB68D3ED7B7AB7EEE77A9FEDA86B1A
:10A4F80036EE477BF7EEC77BBB68C3ED7C7ABB685B
:10A50800D3EDA47AB7EEE77A9FEDA36B36EE477BDF
:10A51800F7EEC77BBB68C3EDA57ABB68D3EDCD7AF0
:10A52800B7EEE77A9FED9E6B36EE477BF7EEC77B7B
:10A53800BB68C3EDCE7ABB68D3EDF67AB7EEE77A9F
:10A548009FED996B36EE477BF7EEC77BBB68C3ED93
:10A55800F77ABB6803F27C43D3ED007AB7EEE77A6B
:10A568009FED936B36EE477BF7EEC77BBB6803F531
:10A578009063C3ED007A0CE2BB68B3F8123540F281
:10A58800DC5293426DD9BB68B3F8123540F6B83245
:10A59800934266D8BB68D3ED297AB7EEE77A9FED88
:10A5A800866B36EE477BF7EEC77BBB68C3ED2A7A2E
:10A5B800BB68D3ED527AB7EEE77A9FED816B36EE42
:10A5C800477BF7EEC77BBB68C3ED537ABB68D3ED17
:10A5D8007B7AB7EEE77A9FED7C6B36EE477BF7EE3A
:10A5E800C77BBB68C3ED7C7ABB68D3EDA47AB7EEB2
:10A5F800E77A9FED776B36EE477BF7EEC77BBB6854
:10A60800C3EDA57ABB68D3EDCD7AB7EEE77A9FEDB7
:10A61800726B36EE477BF7EEC77BBB68C3EDCE7A2D
:10A62800BB68D3EDF67AB7EEE77A9FED6D6B36EE41
:10A63800477BF7EEC77BBB68C3EDF77ABB6803F2CD
:10A648007C43D3ED007AB7EEE77A9FED676B36EE81
:10A65800477BF7EEC77BBB6803F59063C3ED007AD1
:10A6680097E1BB68B3F8123540F6B83293426DD91A
:10A67800BB68B3F8123541F29412934266D8BB68AE
:10A68800D3ED297AB7EEE77A9FED4B6B36EE477B31
:10A69800F7EEC77BBB68C3ED2A7ABB68D3ED527A65
:10A6A800B7EEE77A9FED526B36EE477BF7EEC77B46
:10A6B800BB68C3ED537ABB68D3ED7B7AB7EEE77A14
:10A6C8009FED4D6B36EE477BF7EEC77BBB68C3ED5E
:10A6D8007C7ABB68D3EDA47AB7EEE77A9FED486B36
:10A6E80036EE477BF7EEC77BBB68C3EDA57ABB6840
:10A6F800D3EDCD7AB7EEE77A9FED436B36EE477B25
:10A70800F7EEC77BBB68C3EDCE7ABB68D3EDF67AAC
:10A71800B7EEE77A9FED3E6B36EE477BF7EEC77BE9
:10A72800BB68C3EDF77ABB6803F27C43D3ED007ACC
:10A73800B7EEE77A9FED386B36EE477BF7EEC77BCF
:10A74800BB6803F59063C3ED007A22E1BB68B3F8F8
:10A75800123541F2941293427ED9BB68B3F8123590
:10A7680041F25042934277D87B68012283F82C202B
:10A77800BB68012283F824250BE100BFAFF30080FA
:10A788002B8716D9CE636F4021B0726887D02AC054
:10A79800BA490CC218CD5540F6285C2F356E5BC0FF
:10A7A8008195438BC16D25C0DD240681A74510C066
:10A7B800CBA145B69FA01FC0CFF753E3A5636F4059
:10A7C800713D0AD7705826C0FCA9F1C28A076340B8
:10A7D80095438BAC9C065FC0DD240681A74530C03D
:10A7E8005A643B5FA87130C016D9CE77BB3934C0E4
:10A7F800C1CAA1455AE01140CFF753435FDD62401B
:10A808002631086C420D5EC07F6ABC74178B15C078
:10A81800CFF753E3001321C01283C04A677434C0D2
:10A82800295C8FC2F5646F40D9CEF7535380F03F4F
:10A838001C5A64FBFC4C60401E85EB7105FA61C034
:10A84800448B6CE7D2DD48C079E9263119E325400D
:10A85800D122DBF9AAF51040BB68B3F8123541F2F2
:10A86800504293426DD9BB68B3F8123541F2707209
:10A87800934266D8BB68D3ED297AB7EEE77A1FED25
:10A88800186B36EE477BF7EEC77BBB68C3ED2A7AB9
:10A89800BB68D3ED527AB7EEE77A1FED1D6B36EE43
:10A8A800477BF7EEC77BBB68C3ED537ABB68D3ED34
:10A8B8007B7AB7EEE77A1FED226B36EE477BF7EE31
:10A8C800C77BBB68C3ED7C7ABB68D3EDA47AB7EECF
:10A8D800E77A1FED276B36EE477BF7EEC77BBB6841
:10A8E800C3EDA57ABB68D3EDCD7AB7EEE77A1FED55
:10A8F8002C6B36EE477BF7EEC77BBB68C3EDCE7A91
:10A90800BB68D3EDF67AB7EEE77A1FED316B36EE1A
:10A91800477BF7EEC77BBB68C3EDF77ABB6803F2EA
:10A928007C43D3ED007AB7EEE77A1FED376B36EE4E
:10A93800477BF7EEC77BBB6803F59063C3ED007AEE
:10A9480027E0BB68B3F8123541F2707293420AD916
:10A95800BB68B3F8123541F64C52934203D8B86835
:10A96800FBF710FC15E0BB68B3F8123541F64C5202
:10A9780093420ED9BB68B3F81235B3F5FA5F08D81D
:10A98800BB68002283F81025B7EE000AB868FBF709
:10A99800BBFDBB68B3F8123501339AB2BB68A3F8A4
:10A9A800122500BF1037BD4680BD00BF0000000063
:10A9B80080B584B000AFF860B9607A60BB6893F87E
:10A9C8001035002B40F08982BB6893F81435012BB1
:10A9D80040F08382BB68B3F8163540F2DC529342EC
:10A9E80066D8BB68D3ED297AB7EEE77A9FEDB26BEC
:10A9F80036EE477BF7EEC77BBB68C3ED2A7ABB68A8
:10AA0800D3ED527AB7EEE77A9FEDAD6B36EE477B22
:10AA1800F7EEC77BBB68C3ED537ABB68D3ED7B7A8F
:10AA2800B7EEE77A9FEDA86B36EE477BF7EEC77B6C
:10AA3800BB68C3ED7C7ABB68D3EDA47AB7EEE77A3E
:10AA48009FEDA36B36EE477BF7EEC77BBB68C3ED84
:10AA5800A57ABB68D3EDCD7AB7EEE77A9FED9E6B0A
:10AA680036EE477BF7EEC77BBB68C3EDCE7ABB6893
:10AA7800D3EDF67AB7EEE77A9FED996B36EE477B22
:10AA8800F7EEC77BBB68C3EDF77ABB6803F27C437C
:10AA9800D3ED007AB7EEE77A9FED936B36EE477BFE
:10AAA800F7EEC77BBB6803F59063C3ED007A0CE251
:10AAB800BB68B3F8163540F2DC5293426DD9BB68D7
:10AAC800B3F8163540F6B832934266D8BB68D3ED72
:10AAD800297AB7EEE77A9FED866B36EE477BF7EE7D
:10AAE800C77BBB68C3ED2A7ABB68D3ED527AB7EE51
:10AAF800E77A9FED816B36EE477BF7EEC77BBB6845
:10AB0800C3ED537ABB68D3ED7B7AB7EEE77A9FED56
:10AB18007C6B36EE477BF7EEC77BBB68C3ED7C7A70
:10AB2800BB68D3EDA47AB7EEE77A9FED776B36EE84
:10AB3800477BF7EEC77BBB68C3EDA57ABB68D3ED4F
:10AB4800CD7AB7EEE77A9FED726B36EE477BF7EE7C
:10AB5800C77BBB68C3EDCE7ABB68D3EDF67AB7EE98
:10AB6800E77A9FED6D6B36EE477BF7EEC77BBB68E8
:10AB7800C3EDF77ABB6803F27C43D3ED007AB7EEF6
:10AB8800E77A9FED676B36EE477BF7EEC77BBB68CE
:10AB980003F59063C3ED007A97E1BB68B3F8163507
:10ABA80040F6B83293426DD9BB68B3F8163541F216
:10ABB8009412934266D8BB68D3ED297AB7EEE77A48
:10ABC8009FED596B36EE477BF7EEC77BBB68C3ED4D
:10ABD8002A7ABB68D3ED527AB7EEE77A9FED546BC9
:10ABE80036EE477BF7EEC77BBB68C3ED537ABB688D
:10ABF800D3ED7B7AB7EEE77A9FED4F6B36EE477B66
:10AC0800F7EEC77BBB68C3ED7C7ABB68D3EDA47A4B
:10AC1800B7EEE77A9FED4A6B36EE477BF7EEC77BD8
:10AC2800BB68C3EDA57ABB68D3EDCD7AB7EEE77AFA
:10AC38009FED456B36EE477BF7EEC77BBB68C3EDF0
:10AC4800CE7ABB68D3EDF67AB7EEE77A9FED406B24
:10AC580036EE477BF7EEC77BBB68C3EDF77ABB6878
:10AC680003F27C43D3ED007AB7EEE77A9FED386BB9
:10AC780036EE477BF7EEC77BBB6803F59063C3ED01
:10AC8800007A22E1BB68B3F8163541F29412934278
:10AC98007ED9BB68B3F8163541F25042934277D853
:10ACA8007B68012283F82C20BB68012283F82425C5
:10ACB8000BE100BFAFF30080C1CAA145B677704071
:10ACC8000C022B87E2F50BC0BC7493D8C2AF554079
:10ACD8002B8716797B7358C0D122DBF9AAF500407F
:10ACE800CFF753E3001321C0BE9F1A2FB0FD21C038
:10ACF8006F1283C0CA7770404260E5D028FB18C045
:10AD08001804565E36376340AC1C5A448DF95BC054
:10AD1800DD24064164DA43C00E2DB29D8CD82BC0C9
:10AD2800B4C876BE5D9012C0B6F3FDD47877704093
:10AD38001A2FDD2489282B40F853E365075D62400C
:10AD4800E6D0221B868E5AC0F0A7C64B95903DC010
:10AD5800D122DBF9AAF500C09CC420B072767040FD
:10AD6800976E1283102B24408D976E22D243604039
:10AD7800E4A59BC498405EC01804564E22B147C053
:10AD8800CBA145B69FA02F403108AC1CD8E519C00F
:10AD9800BB68B3F8163541F2504293426DD9BB688F
:10ADA800B3F8163541F27072934266D8BB68D3ED9A
:10ADB800297AB7EEE77A1FED186B36EE477BF7EE88
:10ADC800C77BBB68C3ED2A7ABB68D3ED527AB7EE6E
:10ADD800E77A1FED1D6B36EE477BF7EEC77BBB6846
:10ADE800C3ED537ABB68D3ED7B7AB7EEE77A1FEDF4
:10ADF800226B36EE477BF7EEC77BBB68C3ED7C7AE8
:10AE0800BB68D3EDA47AB7EEE77A1FED276B36EE71
:10AE1800477BF7EEC77BBB68C3EDA57ABB68D3ED6C
:10AE2800CD7AB7EEE77A1FED2C6B36EE477BF7EE5F
:10AE3800C77BBB68C3EDCE7ABB68D3EDF67AB7EEB5
:10AE4800E77A1FED316B36EE477BF7EEC77BBB68C1
:10AE5800C3EDF77ABB6803F27C43D3ED007AB7EE13
:10AE6800E77A1FED376B36EE477BF7EEC77BBB689B
:10AE780003F59063C3ED007A27E0BB68B3F8163595
:10AE880041F2707293420AD9BB68B3F8163541F69D
:10AE98004C52934203D8B868FBF774F915E0BB68C5
:10AEA800B3F8163541F64C5293420ED9BB68B3F845
:10AEB8001635B3F5FA5F08D8BB68002283F8142565
:10AEC800B7EE000AB868FBF71FFBBB68B3F8163586
:10AED80001339AB2BB68A3F8162500BF1037BD46E8
:10AEE80080BD00BF80B483B000AF786039607B68F4
:10AEF8001B682E4A934205D12D4A7B6813602C4A61
:10AF08003B6853607B681B682A4A934205D12A4AEA
:10AF18007B681360284A3B6853607B681B68274A34
:10AF2800934205D1264A7B681360254A3B685360E3
:10AF38007B681B68234A934205D1234A7B681360C8
:10AF4800214A3B6853607B681B68204A934205D1BD
:10AF58001F4A7B6813601E4A3B6853607B681B6806
:10AF68001C4A934205D11C4A7B6813601A4A3B6805
:10AF780053607B681B68194A934205D1184A7B685D
:10AF88001360174A3B6853607B681B68154A9342F5
:10AF980005D1154A7B681360134A3B68536000BFAC
:10AFA8000C37BD465DF8047B704700BF00100140B8
:10AFB800141E0024004400401C1E002400480040C9
:10AFC800241E0024004C00402C1E00240050004089
:10AFD800341E0024001401403C1E00240078004068
:10AFE800441E0024007C00404C1E002480B483B022
:10AFF80000AF786039607B681B681B681A687B68DB
:10B008001B681B6842F010021A6000BF0C37BD466F
:10B018005DF8047B704780B582B000AF7860396016
:10B028007B6818683B6819683B689B881A460BF070
:10B03800C7FD00BF0837BD4680BD80B584B000AFEE
:10B04800786039607B681B681B68DB6903F0100354
:10B05800102B2DD17B681B6818460BF0FDFD7B6813
:10B068001B681B6810221A627B681B681B68082211
:10B078001A623B689A887B681B68D3F880301B6823
:10B088005B689BB2D31AFB817B685B68002B06D098
:10B098007B685B683A681268F989104698477B684C
:10B0A80018683B6819683B689B881A460BF088FD4E
:10B0B80000BF1037BD4680BD80B483B000AF786054
:10B0C80039607B681B680D4A934205D10C4A7B683E
:10B0D80013600B4A3B68D3607B681B68094A93423C
:10B0E80005D1094A7B681360074A3B68D36000BFF3
:10B0F8000C37BD465DF8047B704700BF00A00040D8
:10B108002C01002400A400403C01002480B58AB032
:10B1180000AF78600023BB600023FB6002233B6123
:10B1280001237B610023BB610023FB617B681B68F3
:10B1380007F108021146184603F0BEFB7B681B683E
:10B1480000220121184603F01FFE7B681B68184681
:10B1580003F028FC00BF2837BD4680BD80B58CB001
:10B1680000AF786039603B681B68FB6000233B6177
:10B1780000237B610823BB610023FB6100233B6242
:10B1880000237B620023BB620023FB627B68186894
:10B198003B681A1D07F10C03194603F02EFC034601
:10B1A800002B01D0002300E0012318463037BD46AC
:10B1B80080BD000080B58EB000AF786039607B68D4
:10B1C8001B68184A934211D107F10803283307F185
:10B1D80008024021786803F06BFC0346012B05D078
:10B1E800114BDB6807F10802104698477B681B681B
:10B1F8000E4A934211D107F10803283307F10802D8
:10B208004021786803F054FC0346012B05D0084B15
:10B21800DB6807F108021046984700BF3837BD467B
:10B2280080BD00BF00A000402C01002400A4004005
:10B238003C01002480B483B000AF786039607B683B
:10B248001B68074A934205D1064A7B681360054A82
:10B258003B68D36000BF0C37BD465DF8047B704780
:10B2680000200040541E002480B582B000AF7860F2
:10B278007B681B6818460AF07BFA00BF0837BD4692
:10B2880080BD000080B582B000AF78607B68054A59
:10B29800934202D1044BDB68984700BF0837BD468C
:10B2A80080BD00BF780E0024541E0024000000005A
:10B2B80080B582B000AF78603960874BEF221A7092
:10B2C800854BA1225A70854BD3ED3D7A9FED847A48
:10B2D80027EE877A834BD3ED157ADFED816A67EE27
:10B2E800A67A77EE277AFDEEE77A17EE902A7A4B60
:10B2F800C3F80220794BD3ED3C7A9FED797A27EE9B
:10B30800877A784BD3ED147ADFED756A67EEA67A03
:10B3180077EE277AFDEEE77A17EE902A6E4BC3F8A0
:10B328000620704BB3F910301A4613465B001344DD
:10B3380007EE903AB8EEE76B684BDB88A3F58063BD
:10B3480007EE903AB8EEE77B9FED5F5B27EE057B53
:10B3580036EE077BFDEEC77B17EE903A1AB25E4BCE
:10B368005A815E4B1A885C4B9A815C4B9A7A5A4B8D
:10B378009A735A4BDA7A584BDA73584B93F8E120A0
:10B38800554B1A74574B93F837305BB25B015AB27E
:10B39800544B93F836305BB21B015BB213435AB27D
:10B3A800504B93F83E305BB2DB005BB213435AB2AA
:10B3B8004C4B93F840305BB29B005BB213435AB2DC
:10B3C800484B93F841305BB25B005BB213435AB20F
:10B3D800444B93F83D305BB213435BB2DAB23E4B59
:10B3E8005A74404B93F83A305BB21B015AB23D4B4A
:10B3F80093F83B305BB2DB005BB213435AB2394B74
:10B4080093F83C305BB29B005BB213435AB2364BA5
:10B4180093F80C355BB25B005BB203F002035BB2DE
:10B4280013435AB2314B93F80C355BB203F0010366
:10B438005BB213435BB2DAB2274B9A742C4B1B7A7C
:10B448005BB25B005AB2274BDB7E5BB213435BB245
:10B45800DAB2214BDA74274B1A7A1F4B1A75264B2E
:10B468005B6807EE903AB8EEE77B9FED196B27EE25
:10B47800067BFCEEC77B17EE903A9AB2164BA3F800
:10B4880015201C4B93F83520134BDA7520221249EE
:10B4980038680DF0E3FB7B68184A93420FD1184BCC
:10B4A8001B78012B03D0174B1B88022B07D92022AE
:10B4B800154978680BF004FB114B00221A7000BF85
:10B4C8000837BD4680BD00BF333333333333D33FF2
:10B4D8009A9999999999A93F50010024E41A00244E
:10B4E80000007A447C1C002400070024D8010024B2
:10B4F8003C1C0024CC1D0024541E0024C40E00242F
:10B508004C0100246C1E00249C1E002480B485B0CD
:10B5180000AF786039607B681B78EE2B11D17B68AF
:10B5280001331B78A22B0CD17B689B78FB737B685B
:10B5380003331B78BB733B68FA7B1A703B68BA7B92
:10B548005A7000BF1437BD465DF8047B7047000091
:10B5580080B582B000AF78600B467B800749084809
:10B56800FFF7D4FF074B00221A80074B01221A70FD
:10B5780000BF18460837BD4680BD00BF701E0024B6
:10B58800741E00246C1E00244C01002480B582B077
:10B5980000AF78600B467B800449786800F008F8B3
:10B5A800002318460837BD4680BD00BF3C1F002455
:10B5B80080B582B000AF786039607B681B78552B06
:10B5C80040F040827B6801331B78552B40F03A826B
:10B5D8007B680F331B78032B3BD17B681A331B78AE
:10B5E8001BB21B021BB21A467B6819331B78134324
:10B5F80007EE903AF8EEE77AB1EE677ADFEDD46AB3
:10B60800C7EE267A9FEDD37A67EE877A3B6803F513
:10B61800F563C3ED007A7B681C331B781BB21B02F1
:10B628001BB21A467B681B331B78134307EE903A0C
:10B63800F8EEE77AB1EE677ADFEDC56AC7EE267AEB
:10B648009FEDC47A67EE877A3B6803F2AC73C3ED6B
:10B65800007A7B6802331B78022B63D17B68053341
:10B668001B781BB21B021AB27B6804331B781BB20F
:10B6780013431BB207EE903AB8EEE77ADFEDB46AEF
:10B68800C7EE267A3B6803F5F063C3ED007A7B6862
:10B6980007331B781BB21B021AB27B6806331B7870
:10B6A8001BB213431BB207EE903AB8EEE77ADFED10
:10B6B800A86AC7EE267A3B6803F28473C3ED007A62
:10B6C8007B6809331B781BB21B021AB27B680833EC
:10B6D8001B781BB213431BB207EE903AB8EEE77A19
:10B6E800DFED9B6AC7EE267A3B6803F5F163C3ED8D
:10B6F800007A7B680B331B781BB21B021AB27B687B
:10B708000A331B781BB213431BB207EE903AB8EE0C
:10B71800E77ADFED8F6AC7EE267A3B6803F28C730F
:10B72800C3ED007A8C4B03F264731A688A4B03F5F5
:10B73800ED631A603B6803F28473D3ED007A37EE49
:10B74800A77A3B6803F5F163D3ED007A27EE277AF1
:10B758003B6803F5F063D3ED007A77EEA76A3B68A0
:10B7680003F28C73D3ED007A66EEA77A77EE277A28
:10B77800B7EEE77A3B6803F5F163D3ED006AB8EEFC
:10B78800006A26EE866A3B6803F5F163D3ED006A2A
:10B7980026EE266A3B6803F28C73D3ED006A76EED8
:10B7A800A65A3B6803F28C73D3ED006A65EEA66A6D
:10B7B80076EE666AB7EE006A76EE866AB7EEE66AF5
:10B7C800B0EE461BB0EE470B0DF082FAB0EE407BB0
:10B7D800B1EE477B9FED5C6B27EE067BF7EEC77BF0
:10B7E8003B6803F26473C3ED007A3B6803F2847329
:10B7F800D3ED007AB8EE007A27EE877A3B6803F239
:10B808008C73D3ED007A27EE277A3B6803F5F06353
:10B81800D3ED007A77EEA76A3B6803F5F163D3EDC1
:10B82800007A66EEA77A77EE277AB7EEE77AB0EE77
:10B83800470B0DF021FAB0EE407BB1EE477B9FED50
:10B84800426B27EE067BF7EEC77B3B6803F5EE639A
:10B85800C3ED007A3B6803F5F163D3ED007A37EE68
:10B86800A77A3B6803F28C73D3ED007A27EE277A28
:10B878003B6803F5F063D3ED007A77EEA76A3B687F
:10B8880003F28473D3ED007A66EEA77A77EE277A0F
:10B89800B7EEE77A3B6803F28473D3ED006AB8EE3B
:10B8A800006A26EE866A3B6803F28473D3ED006A69
:10B8B80026EE266A3B6803F5F163D3ED006A76EE5F
:10B8C800A65A3B6803F5F163D3ED006A65EEA66AF4
:10B8D80076EE666AB7EE006A76EE866AB7EEE66AD4
:10B8E800B0EE461BB0EE470B0DF0F2F9B0EE407B20
:10B8F8009FED156B27EE067BF7EEC77B3B6803F2DF
:10B908007473C3ED007A154B93F83F3003F00103CD
:10B91800DBB2002B00F096800F4B03F26473D3ED7B
:10B92800007A9FED0F7AF4EEC77AF1EE10FA3BD564
:10B93800094B03F5ED63D3ED007A9FED0A7AF4EE37
:10B94800C77A11E0AFF3008000000000E6A54C4084
:10B95800000000470000FA443C1F0024E41A0024B9
:10B968000000C8C20000C842F1EE10FA1CDD374BD7
:10B9780003F26C7393ED007A344B03F26473D3EDE6
:10B98800007ADFED336A77EEA66A304B03F5ED6394
:10B99800D3ED007A76EEE77A77EE277A2B4B03F22F
:10B9A8006C73C3ED007A4DE0284B03F26473D3ED5A
:10B9B800007A9FED287AF4EEC77AF1EE10FA28DDC6
:10B9C800224B03F5ED63D3ED007A9FED237AF4EE75
:10B9D800C77AF1EE10FA1CD51C4B03F26C7393ED89
:10B9E800007A1A4B03F26473D3ED007ADFED186A1C
:10B9F80077EEE66A154B03F5ED63D3ED007A76EE44
:10BA0800E77A77EE277A114B03F26C73C3ED007A6D
:10BA180018E00E4B03F26C7393ED007A0B4B03F2B4
:10BA28006473D3ED006A094B03F5ED63D3ED007A37
:10BA380076EEE77A77EE277A044B03F26C73C3ED60
:10BA4800007AFFE700BF0837BD4680BD3C1F0024D1
:10BA58000000B4430000C8420000C8C280B584B0EA
:10BA680000AF786087ED000AD7ED007A9FED177A6E
:10BA780067EE877AFDEEE77A17EE903AFB60D7ED2E
:10BA8800007A9FED127A67EE877AFDEEE77A17EE75
:10BA9800902A0F4B1A60FB68DAB20E4BDA74FB6817
:10BAA8001B12DAB20B4B1A75FB681B14DAB2094B7E
:10BAB8005A75FB681B16DAB2064B9A750649786800
:10BAC800FFF74CFB00BF1037BD4680BD00F890451E
:10BAD800D01E0024900100249C01002480B582B06F
:10BAE80000AF786039603B68DAB20E4B83F82020EB
:10BAF8003B681B12DAB20B4B83F821203B681B14FE
:10BB0800DAB2084B83F822203B681B16DAB2054BE1
:10BB180083F8232004497868FFF720FB00BF083723
:10BB2800BD4680BD90010024A801002484B0B0B4B3
:10BB380083B000AF786007F11C0080E80E00FA6A55
:10BB4800FB6D1B689A4204D0FA6AFB6D5B689A42E7
:10BB580033D197F858301AB297F859301BB21B02F4
:10BB68001BB213431BB29AB2FB6D9A8197F85430FB
:10BB78001A4697F855301B021A4397F856301B049B
:10BB88001A4397F857301B06134307EE903AF8EE1E
:10BB9800E77A9FED0D7A67EE877AFB6DC3ED027A3F
:10BBA8007B681D4607F12C040FCC0FC50FCC0FC5C1
:10BBB80094E80F0085E80F0000E000BF78680C37B4
:10BBC800BD46B0BC04B070470509623980B485B081
:10BBD80000AF87ED030AC7ED020A87ED011A97ED5A
:10BBE800037AD7ED017AB4EEE77AF1EE10FA01DDC7
:10BBF8007B68FB6097ED037AD7ED027AB4EEE77ABB
:10BC0800F1EE10FA01D5BB68FB60FB6807EE903ACD
:10BC1800B0EE670A1437BD465DF8047B704780B5FF
:10BC280082B000AF78607B6803F58D63D3ED007A4E
:10BC38007B6803F5946393ED007A7B6803F2A44371
:10BC4800D3ED006AB0EE661AF0EE470AB0EE670A66
:10BC5800FFF7BCFFF0EE407A7B6803F58D63C3ED18
:10BC6800007A00BF0837BD4680BD000080B582B0AD
:10BC780000AF78603960324BB3F90030B3F5617FBB
:10BC880040DA304B93F90030012B3BD17B6893F8B5
:10BC9800D830002B18D100212B48FFF71FFF2B4B62
:10BCA8009A687B68C3F8A4207B68D3F8A4207B68D3
:10BCB800C3F89C207B68D3ED297A9FED257A67EE3F
:10BCC800877A7B68C3ED257A3B6893F8D830002BD8
:10BCD80018D100211F48FFF701FF1F4B9A683B68E6
:10BCE800C3F8A4203B68D3F8A4203B68C3F89C2081
:10BCF8003B68D3ED297A9FED167A67EE877A3B6821
:10BD0800C3ED257A0E4BB3F90030B3F5617F0AD144
:10BD18000C4B00221A707B68012283F8D8203B68FC
:10BD2800012283F8D820064BB3F900309BB20133C7
:10BD38009BB21AB2024B1A8000BF0837BD4680BDBD
:10BD4800D41E0024D50100242C010024B4010024B1
:10BD580003FA8E3C3C010024C401002400000000CA
:10BD680080B582B000AF78604F4B5B8840F2634289
:10BD7800934216D97B6893F80C3503F00103DBB2C4
:10BD8800002B0ED17B68D3ED2A7AB7EEE77A9FEDC8
:10BD9800426B37EE067BF7EEC77B7B68C3ED2A7AEA
:10BDA8001AE0414B5B88B3F5677F15D87B6893F839
:10BDB8000C3503F00103DBB2002B0DD17B68D3ED0A
:10BDC8002A7AB7EEE77A9FED346B37EE467BF7EECB
:10BDD800C77B7B68C3ED2A7A7B6893ED2A7A7B68F8
:10BDE800D3ED297A77EE277AB7EEE76A7B68D3ED49
:10BDF800277AB7EEE77A9FED2A5B37EE057BB4EE3C
:10BE0800C76BF1EE10FA0FDD7B689033184601F02E
:10BE180039FEB0EE407A7B68D3ED277A77EE277A41
:10BE28007B68C3ED277A26E07B6893ED2A7A7B68E6
:10BE3800D3ED297A77EE277AB7EEE76A7B68D3EDF8
:10BE4800277AB7EEE77A9FED165B37EE457BB4EEBF
:10BE5800C76BF1EE10FA0ED57B689033184601F0E7
:10BE680011FEB0EE407A7B68D3ED277A77EEC77A79
:10BE78007B68C3ED277A7B68D3ED277A9FED0B7A31
:10BE880067EE877A7B68C3ED247A00BF0837BD4622
:10BE980080BD00BFAFF30080B81E85EB51B89E3F50
:10BEA8007B14AE47E17A843F7C1C002403FA8E3C65
:10BEB80080B582B000AF78607B6893ED537A7B6879
:10BEC800D3ED527A77EE277AB7EEE76A7B68D3ED3F
:10BED800507AB7EEE77A9FED285B37EE057BB4EE34
:10BEE800C76BF1EE10FA10DD7B6803F59A731846FC
:10BEF80001F0C8FDB0EE407A7B68D3ED507A77EE5A
:10BF0800277A7B68C3ED507A27E07B6893ED537AF4
:10BF18007B68D3ED527A77EE277AB7EEE76A7B68CB
:10BF2800D3ED507AB7EEE77A9FED135B37EE457B9A
:10BF3800B4EEC76BF1EE10FA0FD57B6803F59A7370
:10BF4800184601F09FFDB0EE407A7B68D3ED507A39
:10BF580077EEC77A7B68C3ED507A7B68D3ED507A69
:10BF68009FED077A67EE877A7B68C3ED4D7A00BF4D
:10BF78000837BD4680BD00BF7B14AE47E17A843FD9
:10BF880003FA8E3C0000000080B582B000AF7860F4
:10BF98007B6893ED7C7A7B68D3ED7B7A77EE277AA2
:10BFA800B7EEE76A7B68D3ED797AB7EEE77A9FED6B
:10BFB800285B37EE057BB4EEC76BF1EE10FA10DDA7
:10BFC8007B6803F5EC73184601F05CFDB0EE407A2F
:10BFD8007B68D3ED797A77EE277A7B68C3ED797A37
:10BFE80027E07B6893ED7C7A7B68D3ED7B7A77EEEC
:10BFF800277AB7EEE76A7B68D3ED797AB7EEE77A06
:10C008009FED135B37EE457BB4EEC76BF1EE10FA8C
:10C018000FD57B6803F5EC73184601F033FDB0EEDD
:10C02800407A7B68D3ED797A77EEC77A7B68C3ED7F
:10C03800797A7B68D3ED797A9FED077A67EE877A0C
:10C048007B68C3ED767A00BF0837BD4680BD00BF68
:10C058007B14AE47E17A843F03FA8E3C000000006F
:10C0680080B582B000AF78607B6893EDA57A7B6875
:10C07800D3EDA47A77EE277AB7EEE76A7B68D3ED3B
:10C08800A27AB7EEE77A9FED285B37EE057BB4EE30
:10C09800C76BF1EE10FA10DD7B6803F51F731846C5
:10C0A80001F0F0FCB0EE407A7B68D3EDA27A77EE2F
:10C0B800277A7B68C3EDA27A27E07B6893EDA57A9F
:10C0C8007B68D3EDA47A77EE277AB7EEE76A7B68C8
:10C0D800D3EDA27AB7EEE77A9FED135B37EE457B97
:10C0E800B4EEC76BF1EE10FA0FD57B6803F51F733A
:10C0F800184601F0C7FCB0EE407A7B68D3EDA27A0F
:10C1080077EEC77A7B68C3EDA27A7B68D3EDA27A13
:10C118009FED077A67EE877A7B68C3ED9F7A00BF49
:10C128000837BD4680BD00BF7B14AE47E17A843F27
:10C1380003FA8E3C0000000080B582B000AF786042
:10C148007B6893EDCE7A7B68D3EDCD7A77EE277A4C
:10C15800B7EEE76A7B68D3EDCB7AB7EEE77A9FED67
:10C16800285B37EE057BB4EEC76BF1EE10FA10DDF5
:10C178007B6803F54873184601F084FCB0EE407AFA
:10C188007B68D3EDCB7A77EE277A7B68C3EDCB7AE1
:10C1980027E07B6893EDCE7A7B68D3EDCD7A77EE96
:10C1A800277AB7EEE76A7B68D3EDCB7AB7EEE77A02
:10C1B8009FED135B37EE457BB4EEC76BF1EE10FADB
:10C1C8000FD57B6803F54873184601F05BFCB0EEA9
:10C1D800407A7B68D3EDCB7A77EEC77A7B68C3ED7C
:10C1E800CB7A7B68D3EDCB7A9FED077A67EE877AB7
:10C1F8007B68C3EDC87A00BF0837BD4680BD00BF65
:10C208007B14AE47E17A843F03FA8E3C00000000BD
:10C2180080B582B000AF78607B6893EDF77A7B6871
:10C22800D3EDF67A77EE277AB7EEE76A7B68D3ED37
:10C23800F47AB7EEE77A9FED285B37EE057BB4EE2C
:10C24800C76BF1EE10FA10DD7B6803F571731846C1
:10C2580001F018FCB0EE407A7B68D3EDF47A77EE03
:10C26800277A7B68C3EDF47A27E07B6893EDF77A49
:10C278007B68D3EDF67A77EE277AB7EEE76A7B68C4
:10C28800D3EDF47AB7EEE77A9FED135B37EE457B93
:10C29800B4EEC76BF1EE10FA0FD57B6803F5717336
:10C2A800184601F0EFFBB0EE407A7B68D3EDF47AE4
:10C2B80077EEC77A7B68C3EDF47A7B68D3EDF47ABE
:10C2C8009FED077A67EE877A7B68C3EDF17A00BF46
:10C2D8000837BD4680BD00BF7B14AE47E17A843F76
:10C2E80003FA8E3C0000000080B582B000AF786091
:10C2F800694B93F94430012B23D17B6893F80C35B3
:10C3080003F00103DBB2002B1BD07B6803F59063BD
:10C31800D3ED007AB7EEE76A7B6803F59363D3ED54
:10C32800007AB7EEE77A9FED585B27EE057B36EE8D
:10C33800477BF7EEC77B7B6803F59063C3ED007A14
:10C3480028E0554B93F94430B3F1FF3F22D17B6885
:10C3580093F80C3503F00103DBB2002B1AD07B688D
:10C3680003F59063D3ED007AB7EEE76A7B6803F5CF
:10C378009363D3ED007AB7EEE77A9FED435B27EE40
:10C38800057B36EE077BF7EEC77B7B6803F590638A
:10C39800C3ED007A7B6803F5906393ED007A7B68C0
:10C3A80003F27C43D3ED007A77EE277AB7EEE76A9B
:10C3B8007B6803F27443D3ED007AB7EEE77A9FED1A
:10C3C800345B37EE057BB4EEC76BF1EE10FA14DD83
:10C3D8007B6803F58D63184601F054FBB0EE407A94
:10C3E8007B6803F27443D3ED007A77EE277A7B6893
:10C3F80003F27443C3ED007A31E07B6803F5906380
:10C4080093ED007A7B6803F27C43D3ED007A77EEF4
:10C41800277AB7EEE76A7B6803F27443D3ED007AB4
:10C42800B7EEE77A9FED1A5B37EE457BB4EEC76B44
:10C43800F1EE10FA13D57B6803F58D63184601F009
:10C4480021FBB0EE407A7B6803F27443D3ED007AA7
:10C4580077EEC77A7B6803F27443C3ED007A7B6892
:10C4680003F27443D3ED007A9FED0C7A67EE877A76
:10C478007B6803F58D63C3ED007A00BF0837BD46BE
:10C4880080BD00BFAFF300809A9999999999A93F07
:10C498007B14AE47E17A843FF81C002403FA8E3CF3
:10C4A80080B582B000AF78604F4B1B8840F2634282
:10C4B800934216D97B6893F80C3503F00103DBB27D
:10C4C800002B0ED17B68D3ED2A7AB7EEE77A9FED81
:10C4D800426B37EE067BF7EEC77B7B68C3ED2A7AA3
:10C4E8001AE0414B1B88B3F5677F15D87B6893F832
:10C4F8000C3503F00103DBB2002B0DD17B68D3EDC3
:10C508002A7AB7EEE77A9FED346B37EE467BF7EE83
:10C51800C77B7B68C3ED2A7A7B6893ED2A7A7B68B0
:10C52800D3ED297A77EE277AB7EEE76A7B68D3ED01
:10C53800277AB7EEE77A9FED2A5B37EE057BB4EEF4
:10C54800C76BF1EE10FA0FDD7B689033184601F0E7
:10C5580099FAB0EE407A7B68D3ED277A77EE277A9E
:10C568007B68C3ED277A26E07B6893ED2A7A7B689F
:10C57800D3ED297A77EE277AB7EEE76A7B68D3EDB1
:10C58800277AB7EEE77A9FED165B37EE457BB4EE78
:10C59800C76BF1EE10FA0ED57B689033184601F0A0
:10C5A80071FAB0EE407A7B68D3ED277A77EEC77AD6
:10C5B8007B68C3ED277A7B68D3ED277A9FED0B7AEA
:10C5C80067EE877A7B68C3ED247A00BF0837BD46DB
:10C5D80080BD00BFAFF30080B81E85EB51B89E3F09
:10C5E8007B14AE47E17A843F7C1C002403FA8E3C1E
:10C5F80080B582B000AF78607B6893ED537A7B6832
:10C60800D3ED527A77EE277AB7EEE76A7B68D3EDF7
:10C61800507AB7EEE77A9FED285B37EE057BB4EEEC
:10C62800C76BF1EE10FA10DD7B6803F59A731846B4
:10C6380001F028FAB0EE407A7B68D3ED507A77EEB5
:10C64800277A7B68C3ED507A27E07B6893ED537AAD
:10C658007B68D3ED527A77EE277AB7EEE76A7B6884
:10C66800D3ED507AB7EEE77A9FED135B37EE457B53
:10C67800B4EEC76BF1EE10FA0FD57B6803F59A7329
:10C68800184601F0FFF9B0EE407A7B68D3ED507A96
:10C6980077EEC77A7B68C3ED507A7B68D3ED507A22
:10C6A8009FED077A67EE877A7B68C3ED4D7A00BF06
:10C6B8000837BD4680BD00BF7B14AE47E17A843F92
:10C6C80003FA8E3C0000000080B582B000AF7860AD
:10C6D8007B6893ED7C7A7B68D3ED7B7A77EE277A5B
:10C6E800B7EEE76A7B68D3ED797AB7EEE77A9FED24
:10C6F800285B37EE057BB4EEC76BF1EE10FA10DD60
:10C708007B6803F5EC73184601F0BCF9B0EE407A8B
:10C718007B68D3ED797A77EE277A7B68C3ED797AEF
:10C7280027E07B6893ED7C7A7B68D3ED7B7A77EEA4
:10C73800277AB7EEE76A7B68D3ED797AB7EEE77ABE
:10C748009FED135B37EE457BB4EEC76BF1EE10FA45
:10C758000FD57B6803F5EC73184601F093F9B0EE3A
:10C76800407A7B68D3ED797A77EEC77A7B68C3ED38
:10C77800797A7B68D3ED797A9FED077A67EE877AC5
:10C788007B68C3ED767A00BF0837BD4680BD00BF21
:10C798007B14AE47E17A843F03FA8E3C0000000028
:10C7A80080B582B000AF78607B6893EDA57A7B682E
:10C7B800D3EDA47A77EE277AB7EEE76A7B68D3EDF4
:10C7C800A27AB7EEE77A9FED285B37EE057BB4EEE9
:10C7D800C76BF1EE10FA10DD7B6803F51F7318467E
:10C7E80001F050F9B0EE407A7B68D3EDA27A77EE8B
:10C7F800277A7B68C3EDA27A27E07B6893EDA57A58
:10C808007B68D3EDA47A77EE277AB7EEE76A7B6880
:10C81800D3EDA27AB7EEE77A9FED135B37EE457B4F
:10C82800B4EEC76BF1EE10FA0FD57B6803F51F73F2
:10C83800184601F027F9B0EE407A7B68D3EDA27A6A
:10C8480077EEC77A7B68C3EDA27A7B68D3EDA27ACC
:10C858009FED077A67EE877A7B68C3ED9F7A00BF02
:10C868000837BD4680BD00BF7B14AE47E17A843FE0
:10C8780003FA8E3C0000000080B582B000AF7860FB
:10C888007B6893EDCE7A7B68D3EDCD7A77EE277A05
:10C89800B7EEE76A7B68D3EDCB7AB7EEE77A9FED20
:10C8A800285B37EE057BB4EEC76BF1EE10FA10DDAE
:10C8B8007B6803F54873184601F0E4F8B0EE407A57
:10C8C8007B68D3EDCB7A77EE277A7B68C3EDCB7A9A
:10C8D80027E07B6893EDCE7A7B68D3EDCD7A77EE4F
:10C8E800277AB7EEE76A7B68D3EDCB7AB7EEE77ABB
:10C8F8009FED135B37EE457BB4EEC76BF1EE10FA94
:10C908000FD57B6803F54873184601F0BBF8B0EE05
:10C91800407A7B68D3EDCB7A77EEC77A7B68C3ED34
:10C92800CB7A7B68D3EDCB7A9FED077A67EE877A6F
:10C938007B68C3EDC87A00BF0837BD4680BD00BF1D
:10C948007B14AE47E17A843F03FA8E3C0000000076
:10C9580080B582B000AF78607B6893EDF77A7B682A
:10C96800D3EDF67A77EE277AB7EEE76A7B68D3EDF0
:10C97800F47AB7EEE77A9FED285B37EE057BB4EEE5
:10C98800C76BF1EE10FA10DD7B6803F5717318467A
:10C9980001F078F8B0EE407A7B68D3EDF47A77EE60
:10C9A800277A7B68C3EDF47A27E07B6893EDF77A02
:10C9B8007B68D3EDF67A77EE277AB7EEE76A7B687D
:10C9C800D3EDF47AB7EEE77A9FED135B37EE457B4C
:10C9D800B4EEC76BF1EE10FA0FD57B6803F57173EF
:10C9E800184601F04FF8B0EE407A7B68D3EDF47A40
:10C9F80077EEC77A7B68C3EDF47A7B68D3EDF47A77
:10CA08009FED077A67EE877A7B68C3EDF17A00BFFE
:10CA18000837BD4680BD00BF7B14AE47E17A843F2E
:10CA280003FA8E3C0000000080B582B000AF786049
:10CA3800694B93F96030012B23D17B6893F80C354F
:10CA480003F00103DBB2002B1BD07B6803F5906376
:10CA5800D3ED007AB7EEE76A7B6803F59363D3ED0D
:10CA6800007AB7EEE77A9FED585B27EE057B36EE46
:10CA7800477BF7EEC77B7B6803F59063C3ED007ACD
:10CA880028E0554B93F96030B3F1FF3F22D17B6822
:10CA980093F80C3503F00103DBB2002B1AD07B6846
:10CAA80003F59063D3ED007AB7EEE76A7B6803F588
:10CAB8009363D3ED007AB7EEE77A9FED435B27EEF9
:10CAC800057B36EE077BF7EEC77B7B6803F5906343
:10CAD800C3ED007A7B6803F5906393ED007A7B6879
:10CAE80003F27C43D3ED007A77EE277AB7EEE76A54
:10CAF8007B6803F27443D3ED007AB7EEE77A9FEDD3
:10CB0800345B37EE057BB4EEC76BF1EE10FA14DD3B
:10CB18007B6803F58D63184600F0B4FFB0EE407AE9
:10CB28007B6803F27443D3ED007A77EE277A7B684B
:10CB380003F27443C3ED007A31E07B6803F5906338
:10CB480093ED007A7B6803F27C43D3ED007A77EEAD
:10CB5800277AB7EEE76A7B6803F27443D3ED007A6D
:10CB6800B7EEE77A9FED1A5B37EE457BB4EEC76BFD
:10CB7800F1EE10FA13D57B6803F58D63184600F0C3
:10CB880081FFB0EE407A7B6803F27443D3ED007AFC
:10CB980077EEC77A7B6803F27443C3ED007A7B684B
:10CBA80003F27443D3ED007A9FED0C7A67EE877A2F
:10CBB8007B6803F58D63C3ED007A00BF0837BD4677
:10CBC80080BD00BFAFF300809A9999999999A93FC0
:10CBD8007B14AE47E17A843FF81C002403FA8E3CAC
:10CBE80080B582B000AF78603960CF4B93F87D3064
:10CBF800012B40F09F81CC4A3968786800F078FEB4
:10CC08007B6893F80C3503F00103DBB2002B00F0CE
:10CC1800A0807B68D3ED317A9FEDC47A67EE877A7E
:10CC2800B7EEE76A7B6893ED2D7A7B68D3ED2C7AB3
:10CC380077EE677AB7EEE77ABFEE085B27EE057BFB
:10CC480036EE077BF7EEC77B7B68C3ED277A7B68F8
:10CC5800D3ED5A7AB7EEE76A7B6893ED567A7B682C
:10CC6800D3ED557A77EE677AB7EEE77A9FEDAA5B50
:10CC780027EE057B9FEDAA5B27EE057B36EE077B4B
:10CC8800F7EEC77B7B68C3ED4D7A7B6893ED837ABB
:10CC98007B68D3ED7F6A7B68D3ED7E7A76EEE77AA0
:10CCA800F1EE677ADFEDA26A67EEA67A77EE277A69
:10CCB8007B68C3ED767A7B6893EDAC7A7B68D3EDBD
:10CCC800A86A7B68D3EDA77A76EEE77AF1EE677A01
:10CCD800DFED976A67EEA67A77EE277A7B68C3ED71
:10CCE8009F7A7B6893EDD57A7B68D3EDD16A7B68B0
:10CCF800D3EDD07A76EEE77AF1EE677ADFED8C6ADB
:10CD080067EEA67A77EE277A7B68C3EDC87A7B68E8
:10CD1800D3EDFE7AB7EEE76A7B6893EDFA7A7B6823
:10CD2800D3EDF97A77EE677AB7EEE77ABFEE085B6C
:10CD380027EE057B9FED7A5B27EE057B36EE077BBA
:10CD4800F7EEC77B7B68C3EDF17A7868FFF7CCFA1A
:10CD58001CE07B6893F80C3503F00103DBB2002B71
:10CD680014D17868FEF7FCFF7868FFF7A1F87868B7
:10CD7800FFF70AF97868FFF773F97868FFF7DCF9C5
:10CD88007868FFF745FA7868FFF7AEFA3B6893F8DA
:10CD98000C3503F00103DBB2002B00F09E803B68EA
:10CDA800D3ED317A9FED617A67EE877AB7EEE76A5D
:10CDB8003B6893ED2D7A3B68D3ED2C7A77EE677A52
:10CDC800B7EEE77ABFEE085B27EE057B36EE077B0A
:10CDD800F7EEC77B3B68C3ED277A3B68D3ED5A7AF9
:10CDE800B7EEE76A3B6893ED567A3B68D3ED557A20
:10CDF80077EE677AB7EEE77A9FED475B27EE057B1C
:10CE08009FED475B27EE057B36EE077BF7EEC77B8A
:10CE18003B68C3ED4D7A3B6893ED837A3B68D3ED6D
:10CE28007F6A3B68D3ED7E7A76EEE77AF1EE677A31
:10CE3800DFED3F6A67EEA67A77EE277A3B68C3EDA7
:10CE4800767A3B6893EDAC7A3B68D3EDA86A3B6889
:10CE5800D3EDA77A76EEE77ADFED356A67EEA67A44
:10CE680077EE277A3B68C3ED9F7A3B6893EDD57AD6
:10CE78003B68D3EDD16A3B68D3EDD07A76EEE77A9A
:10CE8800F1EE677ADFED2A6A67EEA67A77EE277AFF
:10CE98003B68C3EDC87A3B68D3EDFE7AB7EEE76A24
:10CEA8003B6893EDFA7A3B68D3EDF97A77EE677AC7
:10CEB800B7EEE77AB7EE085B27EE057B9FED185BC8
:10CEC80027EE057B36EE077BF7EEC77B3B68C3EDA5
:10CED800F17A3868FFF7A8FD5BE03B6893F80C35FA
:10CEE80003F00103DBB2002B53D13868FFF7D8FAFF
:10CEF8003868FFF77DFB3868FFF7E6FB3868FFF70F
:10CF08004FFC3868FFF7B8FC3868FFF721FD386830
:10CF1800FFF78AFD3DE000BF9A9999999999F13FE9
:10CF28000000006040DF913FF81C0024302F65426C
:10CF380003FA8E3CCD4B93F8E130012B29D1786868
:10CF4800FEF70EFF7868FEF7B3FF7868FFF71CF866
:10CF58007868FFF785F87868FFF7EEF87868FFF7E4
:10CF680057F97868FFF7C0F93868FFF799FA386811
:10CF7800FFF73EFB3868FFF7A7FB3868FFF710FCA0
:10CF88003868FFF779FC3868FFF7E2FC3868FFF784
:10CF98004BFD7868FEF743FE3868FEF740FEB44B59
:10CFA8005B68B3F57A6F40F39184B04B93F8E13046
:10CFB800012B40F0A181AF4B1B78002B00F09C8126
:10CFC800AB4B5A68AC4B83FB021313449910D3172D
:10CFD800C91A0B46DB005B1AD11A002923D17A68DB
:10CFE8007B68D3ED4D7AB7EE002AF0EE001A9FED7C
:10CFF800A31ADFEDA30AB0EE670A1146A148F7F7B6
:10D0080099F93A683B68D3ED4D7AB7EE002AF0EE0D
:10D01800001A9FED9A1ADFED9A0AB0EE670A1146D8
:10D028009948F7F787F9924B5A68934B83FB021399
:10D0380013449910D317C91A0B46DB005B1AD11A8F
:10D04800012927D17B6803F118027B68D3ED767A32
:10D058009FED8B2ADFED8D1A9FED8D1ADFED880A83
:10D06800B0EE670A11468748F7F764F93B6803F1A1
:10D0780018023B68D3ED767A9FED812ADFED831A9B
:10D088009FED831ADFED7E0AB0EE670A11467E48EF
:10D09800F7F750F9764B5A68774B83FB0213134422
:10D0A8009910D317C91A0B46DB005B1AD11A02294B
:10D0B80027D17B6803F130027B68D3ED9F7A9FED1F
:10D0C800702ADFED741A9FED741ADFED6D0AB0EE69
:10D0D800670A11466B48F7F72DF93B6803F13002F0
:10D0E8003B68D3ED9F7A9FED662ADFED6A1A9FEDC4
:10D0F8006A1ADFED630AB0EE670A11466248F7F76D
:10D1080019F95B4B5A685C4B83FB02131344991063
:10D11800D317C91A0B46DB005B1AD11A032927D18A
:10D128007B6803F148027B68D3EDC87A9FED542AE7
:10D13800DFED561AB3EE0E1ADFED510AB0EE670AAC
:10D1480011465048F7F7F6F83B6803F148023B6888
:10D15800D3EDC87A9FED4A2ADFED4C1AB3EE0E1ACA
:10D16800DFED470AB0EE670A11464748F7F7E2F8DD
:10D178003F4B5A68404B83FB021313449910D31753
:10D18800C91A0B46DB005B1AD11A042927D17B6820
:10D1980003F160027B68D3EDF17A9FED392ADFED68
:10D1A8003B1AB3EE0E1ADFED360AB0EE670A1146E7
:10D1B8003448F7F7BFF83B6803F160023B68D3EDEA
:10D1C800F17A9FED2F2ADFED311AB3EE0E1ADFED5B
:10D1D8002C0AB0EE670A11462B48F7F7ABF8244B38
:10D1E8005A68254B83FB021313449910D317C91AA5
:10D1F8000B46DB005B1AD11A05292BD17B6803F19A
:10D2080078027B6803F58D63D3ED007A9FED1C2AC5
:10D21800DFED1E1AB3EE0E1ADFED190AB0EE670A3B
:10D2280011461848F7F786F83B6803F178023B681F
:10D2380003F58D63D3ED007A9FED112ADFED131A04
:10D24800B3EE0E1ADFED0E0AB0EE670A11460E486D
:10D25800F7F770F8064B5A68074B83FB0213134421
:10D268009910D317C91A0B4618E000BFE41A002416
:10D27800541E0024D40100249324499200006143E1
:10D28800000000002C0100243C0100249A99193F59
:10D298000000FA42CDCCCC3F0000C842DB005B1A4C
:10D2A800D11A062919D14FF4FA711148FEF716FC64
:10D2B8007B68D3ED277AB0EE670A0D48FEF7CEFB00
:10D2C8004FF4FA710B48FEF709FC3B68D3ED277A57
:10D2D800B0EE670A0748FEF7C1FB7B6803F5A36257
:10D2E8003B6803F5A36319461046F6F741FDEDE2E6
:10D2F8002C0100243C010024C74B93F8E130002B9B
:10D3080004D0C64B1B78002B40F0E082C44B5A680F
:10D31800C44B83FB021313449910D317C91A0B4645
:10D32800DB005B1AD11A002927D10021BE48FEF77D
:10D33800D5FBBE4B9A687B68C3F89C20BB4B93ED2A
:10D34800027A7B68D3ED297A77EE677A7B68C3ED3A
:10D358002A7A0021B648FEF7C1FBB64B9A683B68AB
:10D36800C3F89C20B34B93ED027A3B68D3ED297A3E
:10D3780077EE677A3B68C3ED2A7AA94B5A68A94BBE
:10D3880083FB021313449910D317C91A0B46DB0009
:10D398005B1AD11A012959D17B689FEDA92ADFEDC3
:10D3A800A71A9FEDA71ADFEDA60A9FEDA50A194651
:10D3B8009D48F6F7BFFF7B685A687B68C3F834213D
:10D3C8007B68D3ED4D7A9FED9C7A67EE877A7B6810
:10D3D800C3ED507A7B68D3ED017A9FED977A27EEFB
:10D3E800877A7B68D3ED527A77EE677A7B68C3EDEC
:10D3F800537A3B689FED922ADFED901A9FED901AC1
:10D40800DFED8F0A9FED8E0A19468948F6F792FFDD
:10D418003B685A683B68C3F834213B68D3ED4D7AC2
:10D428009FED857A67EE877A3B68C3ED507A3B6853
:10D43800D3ED017A9FED807A27EE877A3B68D3EDAA
:10D44800527A77EE677A3B68C3ED537A744B5A6821
:10D45800744B83FB021313449910D317C91A0B4654
:10D46800DB005B1AD11A02295BD17B6818339FED68
:10D47800742ADFED721A9FED721ADFED710A9FEDC3
:10D48800700A19466848F6F755FF7B68DA697B68C1
:10D49800C3F8D8217B68D3ED767A9FED677A67EE7B
:10D4A800877A7B68C3ED797A7B68D3ED077A9FED3D
:10D4B800627A27EE877A7B68D3ED7B7A77EE677A94
:10D4C8007B68C3ED7C7A3B6818339FED5D2ADFEDFE
:10D4D8005B1A9FED5B1ADFED5A0A9FED590A194650
:10D4E8005348F6F727FF3B68DA693B68C3F8D82149
:10D4F8003B68D3ED767A9FED507A67EE877A3B6882
:10D50800C3ED797A3B68D3ED077A9FED4B7A27EE26
:10D51800877A3B68D3ED7B7A77EE677A3B68C3ED11
:10D528007C7A3F4B5A683F4B83FB02131344991094
:10D53800D317C91A0B46DB005B1AD11A03295BD132
:10D548007B6830339FED3E2AF7EE081A9FED3C1AB0
:10D55800DFED3B0A9FED3A0A19463348F6F7EAFE33
:10D568007B685A6B7B68C3F87C227B68D3ED9F7A13
:10D578009FED317A67EE877A7B68C3EDA27A7B6884
:10D58800D3ED0D7A9FED2C7A27EE877A7B68D3ED61
:10D59800A47A77EE677A7B68C3EDA57A3B68303367
:10D5A8009FED272AF7EE081A9FED251ADFED240ACA
:10D5B8009FED230A19461E48F6F7BCFE3B685A6BD6
:10D5C8003B68C3F87C223B68D3ED9F7A9FED1A7ABB
:10D5D80067EE877A3B68C3EDA27A3B68D3ED0D7A94
:10D5E8009FED157A27EE877A3B68D3EDA47A77EE1C
:10D5F800677A3B68C3EDA57A094B5A68094B83FBE8
:10D60800021313449910D317C91A0B46DB005B1A8F
:10D61800D11A042972D115E0E41A0024D401002497
:10D62800541E0024932449922C010024B4010024A0
:10D638003C010024C4010024302F65429A99993E88
:10D64800000000007B6848331FED032A5FED051AD0
:10D658001FED051A5FED060A1FED070A19469D48DA
:10D66800F6F768FE7B68DA6C7B68C3F820237B6872
:10D67800D3EDC87A9FED987A67EE877A7B68C3ED19
:10D68800CB7A7B68D3ED137A9FED937A27EE877A6E
:10D698007B68D3EDCD7A77EE677A7B68C3EDCE7A77
:10D6A8003B6848339FED8D2ADFED8D1A9FED8B1A6D
:10D6B800DFED8A0A9FED890A19468A48F6F73AFE8D
:10D6C8003B68DA6C3B68C3F820233B68D3EDC87A23
:10D6D8009FED817A67EE877A3B68C3EDCB7A3B682A
:10D6E800D3ED137A9FED7C7A27EE877A3B68D3EDEA
:10D6F800CD7A77EE677A3B68C3EDCE7A7A4B5A6873
:10D708007A4B83FB021313449910D317C91A0B469B
:10D71800DB005B1AD11A05295BD17B6860339FED6A
:10D728006F2ADFED6F1A9FED6D1ADFED6C0A9FED22
:10D738006B0A19466748F6F7FDFD7B685A6E7B68E9
:10D74800C3F8C4237B68D3EDF17A9FED637A67EE63
:10D75800877A7B68C3EDF47A7B68D3ED197A9FEDFD
:10D768005E7A27EE877A7B68D3EDF67A77EE677A6A
:10D778007B68C3EDF77A3B6860339FED582ADFED8D
:10D78800581A9FED561ADFED550A9FED540A1946AF
:10D798005448F6F7CFFD3B685A6E3B68C3F8C4237C
:10D7A8003B68D3EDF17A9FED4C7A67EE877A3B6858
:10D7B800C3EDF47A3B68D3ED197A9FED477A27EEEB
:10D7C800877A3B68D3EDF67A77EE677A3B68C3EDE4
:10D7D800F77A454B5A68454B83FB0213134499105B
:10D7E800D317C91A0B46DB005B1AD11A06296DD16B
:10D7F8007B6878339FED392ADFED391A9FED371AA8
:10D80800DFED360A9FED350A19463248F6F792FDE4
:10D818007B68DA6F7B6803F58D631A607B6803F5B4
:10D828008D63D3ED007A9FED2C7A67EE877A7B685B
:10D8380003F27443C3ED007A7B68D3ED1F7A9FED42
:10D84800267A27EE877A7B6803F27C43D3ED007A49
:10D8580077EE677A7B6803F59063C3ED007A3B68DF
:10D8680078339FED1E2ADFED1E1A9FED1C1ADFED9F
:10D878001B0A9FED1A0A19461A48F6F75BFD3B6822
:10D88800DA6F3B6803F58D631A603B6803F58D63B7
:10D89800D3ED007A9FED107A67EE877A3B6803F242
:10D8A8007443C3ED007A3B68D3ED1F7A9FED0A7A83
:10D8B80027EE877A3B6803F27C43D3ED007A77EE54
:10D8C800677A3B6803F59063C3ED007A00BF0837B9
:10D8D800BD4680BD2C010024302F654200000000A9
:10D8E8009A99993E3C010024541E0024932449929D
:10D8F80080B584B000AFF860B9607A607B68DB6A95
:10D90800544800EE103AF7F781FCF0EE407AFB68D5
:10D91800C3ED2D7A7B681B6B4F4800EE103AF7F782
:10D9280075FCF0EE407AFB68C3ED567A7B685B6B5A
:10D938004A4800EE103AF7F769FCF0EE407AFB68C7
:10D94800C3ED7F7A7B689B6B454800EE103AF7F78A
:10D958005DFCF0EE407AFB68C3EDA87A7B68DB6B70
:10D96800404800EE103AF7F751FCF0EE407AFB68B9
:10D97800C3EDD17A7B681B6C3B4800EE103AF7F791
:10D9880045FCF0EE407AFB68C3EDFA7A7B6893F9C0
:10D99800443007EE903AF8EEE77AFB6803F28C43DE
:10D9A800C3ED007A7B689B6C304800EE103AF7F7BD
:10D9B8002DFCF0EE407ABB68C3ED2D7A7B68DB6CFA
:10D9C8002B4800EE103AF7F721FCF0EE407ABB68DE
:10D9D800C3ED567A7B681B6D264800EE103AF7F7C0
:10D9E80015FCF0EE407ABB68C3ED7F7A7B685B6D0F
:10D9F800214800EE103AF7F709FCF0EE407ABB68D0
:10DA0800C3EDA87A7B689B6D1C4800EE103AF7F7C7
:10DA1800FDFBF0EE407ABB68C3EDD17A7B68DB6D25
:10DA2800174800EE103AF7F7F1FBF0EE407ABB68C2
:10DA3800C3EDFA7A7B6893F9603007EE903AF8EE16
:10DA4800E77ABB6803F28C43C3ED007A00BF103756
:10DA5800BD4680BD44000024540000246400002416
:10DA6800740000248400002494000024B4000024DE
:10DA7800C4000024D4000024E4000024F40000249E
:10DA88000401002480B483B000AF78607B6893ED14
:10DA9800067A7B68D3ED057A37EE277A7B68D3ED73
:10DAA800037A77EE677AF0EEE77AB2EE047AF4EE6C
:10DAB800C77AF1EE10FA0BDB7B6893ED077A7B6887
:10DAC800D3ED137A77EE277A7B68C3ED077A20E0E7
:10DAD8007B6893ED067A7B68D3ED057A37EE277A73
:10DAE8007B68D3ED037A77EE677AF0EEE77AB2EEE9
:10DAF800047AF4EEC77AF1EE10FA0AD57B6893ED52
:10DB0800077A7B68D3ED137A77EE677A7B68C3ED83
:10DB1800077A7B6893ED077A7B68D3ED0A7AB4EECF
:10DB2800E77AF1EE10FA03DD7B689A6A7B68DA61BE
:10DB38007B6893ED077A7B68D3ED0B7AB4EEE77ACE
:10DB4800F1EE10FA03D57B68DA6A7B68DA617B68E4
:10DB580093ED077A7B68D3ED147A67EE277AB0EEF7
:10DB6800670A0C37BD465DF8047B704780B483B004
:10DB780000AF786039603B68DB6A7A68C2F8B43015
:10DB88007B68D3F8B4207B68C3F8B0203B68DB6AB5
:10DB9800364A53603B681B6B7A68C2F804317B686D
:10DBA800D3F804217B68C3F800213B681B6B304A1B
:10DBB80053603B685B6B7A68C2F854317B68D3F872
:10DBC80054217B68C3F850213B685B6B294A53603A
:10DBD8003B689B6B7A68C2F8A4317B68D3F8A421B0
:10DBE8007B68C3F8A0213B689B6B234A53603B6862
:10DBF800DB6B7A68C2F8F4317B68D3F8F4217B6870
:10DC0800C3F8F0213B68DB6B1C4A53603B681B6C14
:10DC18007A68C2F844327B68D3F844227B68C3F838
:10DC280040223B681B6C164A53603B6893F94430AA
:10DC380007EE903AF8EEE77A7B68C3EDA57A7B6841
:10DC4800D3F894227B68C3F890223B6893F9443058
:10DC580007EE903AF8EEE77A0A4BC3ED017A00BF77
:10DC68000C37BD465DF8047B704700BF44000024B4
:10DC7800540000246400002474000024840000245C
:10DC880094000024A400002480B483B000AF78601E
:10DC980039603B689B6C7A68C2F8B4307B68D3F80B
:10DCA800B4207B68C3F8B0203B689B6C364A53604D
:10DCB8003B68DB6C7A68C2F804317B68D3F80421CE
:10DCC8007B68C3F800213B68DB6C304A53603B68D3
:10DCD8001B6D7A68C2F854317B68D3F854217B688D
:10DCE800C3F850213B681B6D294A53603B685B6D44
:10DCF8007A68C2F8A4317B68D3F8A4217B68C3F89A
:10DD0800A0213B685B6D234A53603B689B6D7A6832
:10DD1800C2F8F4317B68D3F8F4217B68C3F8F021AA
:10DD28003B689B6D1C4A53603B68DB6D7A68C2F8A0
:10DD380044327B68D3F844227B68C3F840223B68AE
:10DD4800DB6D164A53603B6893F9603007EE903AF2
:10DD5800F8EEE77A7B68C3EDA57A7B68D3F894225E
:10DD68007B68C3F890223B6893F9603007EE903ADD
:10DD7800F8EEE77A0A4BC3ED017A00BF0C37BD46CF
:10DD88005DF8047B704700BFB4000024C400002481
:10DD9800D4000024E4000024F4000024040100243A
:10DDA8001401002480B500AF3048F5F7E3FE0221E6
:10DDB8002F4804F033FD03461A462C4B1A722B4B9E
:10DDC8001B7A002B0CD02B4B93F83030012B07D04B
:10DDD800294B9B7A002B17D1244B1B88322B13D944
:10DDE800264B002283F8E120224B00221A77214B90
:10DDF800002283F83520224B002283F80C25214B82
:10DE0800002283F80C2514E0184B1B7A012B10D143
:10DE1800184B93F83030002B0BD1144B1B88322B46
:10DE280003D9154B9B7A002B03D0144B012283F89E
:10DE3800E1200E4B5B8901339AB20C4B5A81124B8D
:10DE48001B8801339AB2104B1A800F4B1B88B3F50D
:10DE5800E17F04D20D4B012283F8662003E00B4BCF
:10DE6800002283F8662000BF80BD00BF3C1C002450
:10DE780000040258CC1D00247C1C0024E41A002451
:10DE8800D801002400070024381F0024F81C0024AF
:10DE980080B582B002AF4E4B5B6801334C4A536089
:10DEA800FFF780FF4A4B5B68B3F5FA6F28DC484BF5
:10DEB8005B68484A19464848F6F756F9444B5B6888
:10DEC800464A19464648F6F74FF9414B5A68454BBA
:10DED80083FB021313449911D317C91A0B461B016C
:10DEE8005B1ADB00D11A3C290AD13F4B1B7C184630
:10DEF8003D4B9B8A3C4AB2F912201946F5F7C0FF00
:10DF0800334B5B68B3F5FA6F2BDD314B5B68B3F5C8
:10DF18007A6F26DC32493048FDF7A8FE33492E488F
:10DF2800FFF724FE31492E48FFF7AEFE284B5A680A
:10DF38002C4B83FB021313449911D317C91A0B46B0
:10DF48001B015B1ADB00D11A00290AD1264B1B786A
:10DF58001846254B9B88244AB2F902201946F5F742
:10DF68008FFF1B4B5B68B3F57A6F2DDD184B5B6831
:10DF780001931E4B00931C4B1D4A19491648F7F78D
:10DF8800B3FB17491448FEF72BFE114B5B68164983
:10DF98001846F5F7DBFF0E4B5A68164B83FB021346
:10DFA80013449910D317C91A0B46DB005B1AD11A10
:10DFB800002909D110491148FDF77AF9104B1B883F
:10DFC80001339AB20E4B1A8000BFBD4680BD00BF18
:10DFD800541E00242C010024D80100243C010024F4
:10DFE800000700248988888810000024F81C002471
:10DFF800CC1D0024932449929C1E0024C40E0024A6
:10E008006C1E0024F0B59FB00EAFF863264EFB6B74
:10E018006C461D460FCD0FC40FCD0FC495E80F00F9
:10E0280084E80F0096E80F00F5F7EAFC07F1080C02
:10E038001D4EFB6B01AC1D460FCD0FC40FCD0FC499
:10E0480095E80F0084E80F00F368009396E80E0047
:10E058006046F6F7A1FA154B7B6007F1080C124EE3
:10E06800134B0D93FB6B01AC1D460FCD0FC40FCDA9
:10E078000FC495E80F0084E80F00F368009396E852
:10E088000E006046FDF752FD7D6807F108040FCCCD
:10E098000FC50FCC0FC594E80F0085E80F000023CB
:10E0A80018464437BD46F0BD2C010024D81E002474
:10E0B800B4010024F0B59FB00EAFF863264EFB6B99
:10E0C8006C461D460FCD0FC40FCD0FC495E80F0049
:10E0D80084E80F0096E80F00F5F792FC07F1080CAA
:10E0E8001D4EFB6B01AC1D460FCD0FC40FCD0FC4E9
:10E0F80095E80F0084E80F00F368009396E80E0097
:10E108006046F6F749FA154B7B6007F1080C124E8A
:10E11800134B0D93FB6B01AC1D460FCD0FC40FCDF8
:10E128000FC495E80F0084E80F00F368009396E8A1
:10E138000E006046FDF7FAFC7D6807F108040FCC75
:10E148000FC50FCC0FC594E80F0085E80F0000231A
:10E1580018464437BD46F0BD3C010024081F002482
:10E16800C401002480B500AF3848F4F715FB3848DF
:10E17800F6F798FC37493848FCF7B4FE3749384871
:10E18800FCF734FF35493648FCF745FF3549364832
:10E19800FCF7A8FE35493648FCF728FF33493448D0
:10E1A800FCF739FF33493448FCF79CFE33493448BF
:10E1B800FCF71CFF31493248FCF72DFF3149324842
:10E1C800FCF790FE31493248FCF710FF2F493048E0
:10E1D800FCF721FF2B492F48FCF784FE2E492F48D6
:10E1E800FCF704FF2C492D48FCF715FF25492C485E
:10E1F800FCF778FE2B492C48FCF7F8FE29492A48F9
:10E20800FCF709FF1F492948FCF76CFE28492948F3
:10E21800FCF7ECFE26492748FCF7FDFE264927486F
:10E22800FCF74AFF2648FCF771FF26492648FCF709
:10E2380043FF2648FCF76AFF25492648FCF7FAFF02
:10E248002548FDF711F800BF80BD00BFE41A00247F
:10E258007C1C0024792800081411002408000024DC
:10E26800141E0024B9560008A81100242401002413
:10E278001C1E002459B50008C40E0024680100249F
:10E288002C1E002495B50008580F0024780100249E
:10E29800341E0024D0120024800100243C1E0024D7
:10E2A800EC0F002470010024441E00248010002478
:10E2B800880100244C1E00240DE000089C0C00245A
:10E2C8002C010024BDE000083C0D00243C01002482
:10E2D80099DE0008780E0024541E002480B485B00E
:10E2E80000AF78607B6803F00703FB600B4BDB68CB
:10E2F800BB60BA684FF6FF031340BB60FB681A02A5
:10E30800BB681A43064B1343BB60044ABB68D3601F
:10E3180000BF1437BD465DF8047B704700ED00E090
:10E328000000FA0580B400AF044BDB681B0A03F059
:10E3380007031846BD465DF8047B704700ED00E012
:10E3480080B483B000AF0346FB80B7F90630002BDA
:10E358000BDBFB8803F01F020749B7F906305B099E
:10E36800012000FA02F241F8232000BF0C37BD4615
:10E378005DF8047B704700BF00E100E080B483B023
:10E3880000AF03463960FB80B7F90630002B0ADB83
:10E398003B68DAB20C49B7F906301201D2B20B4425
:10E3A80083F800230AE03B68DAB20849FB8803F0E7
:10E3B8000F03043B1201D2B20B441A7600BF0C378C
:10E3C800BD465DF8047B704700E100E000ED00E029
:10E3D80080B489B000AFF860B9607A60FB6803F078
:10E3E8000703FB61FB69C3F10703042B28BF042360
:10E3F800BB61FB690433062B02D9FB69033B00E0D0
:10E4080000237B614FF0FF32BB6902FA03F3DA4362
:10E41800BB681A407B699A404FF0FF317B6901FA6B
:10E4280003F3D9437B680B40134318462437BD4692
:10E438005DF8047B7047000080B582B000AF78605B
:10E448007B68013BB3F1807F01D301230FE00A4AC7
:10E458007B68013B53600F214FF0FF30FFF78EFFC1
:10E46800054B00229A60044B07221A6000231846C5
:10E478000837BD4680BD00BF10E000E080B582B01F
:10E4880000AF78607868FFF729FF00BF0837BD46FE
:10E4980080BD80B586B000AF0346B9607A60FB8165
:10E4A800FFF740FF78617A68B9687869FFF790FFED
:10E4B8000246B7F90E3011461846FFF75FFF00BF56
:10E4C8001837BD4680BD80B582B000AF0346FB80DB
:10E4D800B7F906301846FFF733FF00BF0837BD46C7
:10E4E80080BD80B582B000AF78607868FFF7A4FF80
:10E4F800034618460837BD4680BD000080B598B071
:10E5080000AF7860844A07F10C0311464C22184684
:10E518000AF0A4FB7B68002B01D10123C6E17B68CC
:10E528001B687E4A934206D17B681B6803F580739B
:10E538001A467B685A607B6893F89830DBB2002BE8
:10E5480006D17B68002283F899207868F2F75EFB91
:10E558007B681B689A697B681B6822F010029A61C5
:10E5680007F096F8F86514E007F092F80246FB6D9C
:10E57800D31A0A2B0DD97B68D3F89C3043F00102DB
:10E588007B68C3F89C207B68032283F898200123CA
:10E598008CE17B681B689B6903F00803082BE3D0B8
:10E5A8007B681B689A697B681B6842F001029A6164
:10E5B80007F06EF8F86514E007F06AF80246FB6D9C
:10E5C800D31A0A2B0DD97B68D3F89C3043F001028B
:10E5D8007B68C3F89C207B68032283F8982001237A
:10E5E80064E17B681B689B6903F00103002BE3D09F
:10E5F8007B681B689A697B681B6842F002029A6113
:10E608007B681B7C012B08D17B681B689A697B6837
:10E618001B6822F040029A6107E07B681B689A69D0
:10E628007B681B6842F040029A617B685B7C012B27
:10E6380008D17B681B689A697B681B6842F4804232
:10E648009A6107E07B681B689A697B681B6822F4FB
:10E6580080429A617B689B7C012B08D17B681B6890
:10E668009A697B681B6822F480529A6107E07B688C
:10E678001B689A697B681B6842F480529A617B68C0
:10E688001B689B6923F440717B689A687B681B68E8
:10E698000A439A617B681B689A697B681B6822F049
:10E6A800A4029A617B681B681A697B681B6822F060
:10E6B80010021A617B68DB68012B08D17B681B6834
:10E6C8009A697B681B6842F004029A6130E07B68B3
:10E6D800DB68002B2CD07B68DB68022B20D07B68A2
:10E6E8001B689A697B681B6842F080029A617B68A4
:10E6F8001B681A697B681B6842F010021A617B6804
:10E70800DB68032B14D17B681B689A697B681B68DC
:10E7180042F020029A610BE02093010800A000401B
:10E728007B681B689A697B681B6842F020029A61C3
:10E738007B689B69013B5A067B68DB69013B1B02CE
:10E748001A437B681B6A013B42EA03017B685B69E9
:10E75800013B1A047B681B680A43DA617B689B6883
:10E76800B3F5407F15D17B689B6A5A1E7B68DB6ACC
:10E77800013B1B021A437B681B6B013B1B0142EAEE
:10E7880003017B685B6A013B1A047B681B680A43C8
:10E79800DA607B681B6E002B0AD07B681B68D3F895
:10E7A800C0107B685A6E7B681B680A43C3F8C02098
:10E7B8007B68DA6D7B681B6E1344002B11D07B6875
:10E7C8001B68D3F8C83023F007017B689B6E9B0059
:10E7D80060333B4453F8542C7B681B680A43C3F8E6
:10E7E800C8207B681B6C002B11D07B681B68D3F892
:10E7F800BC3023F007017B685B6C9B0060333B44B3
:10E8080053F8542C7B681B680A43C3F8BC207B6808
:10E818009B6C002B12D07B681B68D3F8BC3023F0AC
:10E8280070017B68DB6C9B0060333B4453F8543CBD
:10E838001A017B681B680A43C3F8BC207B681B6D00
:10E84800002B12D07B681B68D3F8BC3023F4E0613E
:10E858007B685B6D9B0060333B4453F8543C1A0261
:10E868007B681B680A43C3F8BC207B681B68114A95
:10E87800934207D17B685B689A687B685B6822F083
:10E8880003029A607B680022C3F894207B68002208
:10E89800C3F89C207B68012283F89820786800F0F0
:10E8A800F7FD034687F85B3097F85B30184660370A
:10E8B800BD4680BD00A0004080B487B000AF78603E
:10E8C80039607B6893F89830FB73FB7B012B02D08F
:10E8D800FB7B022B57D13B681B68002B2BD13B6875
:10E8E800DB68072B0DD13B681B691A043B68DB69A1
:10E8F8001B021A433B689B69134343F060537B61D7
:10E908000EE03B689B689A073B68DB68DB061A43A6
:10E918003B681B691B041A433B685B6913437B61B3
:10E928007B68DA6E3B685B689B001344BB60BB681E
:10E938007A691A6025E03B68DB685A073B681B69FF
:10E9480013437B613B68DB68072B03D13B689B69FA
:10E958003B6106E03B689B689A073B685B69134329
:10E968003B617B681A6F3B685B68DB001344BB60E4
:10E97800BB687A691A60BB680433BB60BB683A69D4
:10E988001A60002308E07B68D3F89C3043F0020249
:10E998007B68C3F89C20012318461C37BD465DF8E8
:10E9A800047B704780B483B000AF78607B6893F8CD
:10E9B8009830DBB2012B11D17B68022283F89820B2
:10E9C8007B681B689A697B681B6822F001029A6160
:10E9D8007B680022C3F89C20002308E07B68D3F8FA
:10E9E8009C3043F004027B68C3F89C20012318463E
:10E9F8000C37BD465DF8047B704780B586B000AF24
:10EA0800F860B9607A60FB6893F89830DBB2022B43
:10EA180041D1FB681B68D3F8C03003F07C53002B4E
:10EA280009D1FB68D3F89C3043F02002FB68C3F897
:10EA38009C20012338E0FB681B68D3F8C43003F43A
:10EA48000013002B09D0FB68D3F89C3043F4007204
:10EA5800FB68C3F89C20012326E0FB681B68D3F8F9
:10EA6800C4301B0C03F01F037B617B697A68B968AB
:10EA7800F86800F093FEFB681B6801217A6901FAC7
:10EA880002F2C3F8D02001227B699A40FB68C3F8E0
:10EA98009420002308E0FB68D3F89C3043F0080278
:10EAA800FB68C3F89C20012318461837BD4680BD73
:10EAB80080B48BB000AFF860B9607A603B60002327
:10EAC800FB61FB6893F89830FB76FB7E022B40F0E5
:10EAD8004981BB68402B4CD1FB681B68D3F8A03038
:10EAE80003F4FE03002B09D1FB68D3F89C3043F0F4
:10EAF8002002FB68C3F89C2001233CE1FB681B68EB
:10EB0800D3F8A43003F07F03002B09D1FB68D3F8B6
:10EB18009C3043F48072FB68C3F89C2001232AE1EF
:10EB2800FB681B68D3F8A43003F08073B3F1807FCF
:10EB38000AD1FB681B68D3F8A03003F00043B3F197
:10EB4800004F01D10123FB61FB681B68D3F8A43097
:10EB58001B0A03F03F03FA691344FB61FB685A6F11
:10EB6800FB685B6CF96901FB03F39B0013447B6250
:10EB780068E0BB68412B4CD1FB681B68D3F8B03008
:10EB880003F4FE03002B09D1FB68D3F89C3043F053
:10EB98002002FB68C3F89C200123ECE0FB681B689B
:10EBA800D3F8B43003F07F03002B09D1FB68D3F806
:10EBB8009C3043F48072FB68C3F89C200123DAE0A0
:10EBC800FB681B68D3F8B43003F08073B3F1807F1F
:10EBD8000AD1FB681B68D3F8B03003F00043B3F1E7
:10EBE800004F01D10123FB61FB681B68D3F8B430E7
:10EBF8001B0A03F03F03FA691344FB61FB689A6F31
:10EC0800FB68DB6CF96901FB03F39B0013447B622F
:10EC180018E0FB681B6DBA689A4209D3FB68D3F801
:10EC28009C3043F02002FB68C3F89C200123A2E03B
:10EC3800FB68DA6FFB685B6DB96801FB03F39B0047
:10EC480013447B627B6A1B6803F080427B685A60CE
:10EC58007B685B68002B07D17B6A1B689B0CC3F33E
:10EC68000A027B681A6005E07B6A1B6823F0604231
:10EC78007B681A607B6A1B6803F000527B689A60A5
:10EC88007B6A1B6803F000427B681A617B6A043365
:10EC98007B627B6A1B689AB27B68DA617B6A1B6855
:10ECA8001B0C03F00F027B68DA607B6A1B6803F4B5
:10ECB80080127B685A617B6A1B6803F400127B68C8
:10ECC8009A617B6A1B681B0E03F07F027B681A62DD
:10ECD8007B6A1B68DA0F7B685A627B6A04337B6243
:10ECE8007B6A7B6100233B620AE07A693B6A1A44CB
:10ECF80039683B6A0B4412781A703B6A01333B62ED
:10ED08007B68DB681F4AD35C1A463B6A9342ECD3A4
:10ED1800BB68402B05D1FB681B68FA69C3F8A820BB
:10ED28001EE0BB68412B05D1FB681B68FA69C3F874
:10ED3800B82015E0BB681F2B08D8FB681B680121A9
:10ED4800BA6801FA02F2C3F8982009E0BB6803F038
:10ED58001F02FB681B68012101FA02F2C3F89C201C
:10ED6800002308E0FB68D3F89C3043F00802FB68F6
:10ED7800C3F89C20012318462C37BD465DF8047B58
:10ED8800704700BF7C93010880B487B000AFF8607B
:10ED9800B9607A60FB6893F89830FB75FB7D012BAE
:10EDA80002D0FB7D022B55D1FB681B689A6DBB68AE
:10EDB8001340002B08D1FB681B68DA6DFB681B68E1
:10EDC80042F00102DA6514E0FB681B689A6DBB68C3
:10EDD8001340BA689A4208D1FB681B68DA6DFB6871
:10EDE8001B6842F00202DA6503E0FB681B68032235
:10EDF800DA65BB6803F40073002B09D0FB681B6855
:10EE0800D3F8E010FB681B687A680A43C3F8E0206F
:10EE1800BB6803F48063002B09D0FB681B68D3F838
:10EE2800E410FB681B687A680A43C3F8E420FB68AF
:10EE38001B68596DBA680F4B1340FA6812680B4388
:10EE480053650D4B5A69BB689B0F0B4913434B61C4
:10EE5800002308E0FB68D3F89C3043F00202FB680B
:10EE6800C3F89C20012318461C37BD465DF8047B77
:10EE7800704700BFFFFFCF3F00A8004080B596B0A5
:10EE880000AF78609A4B1B699B077B65984B5B6961
:10EE98009B077A6D13407B657B681B681B6D03F4C9
:10EEA80070433B657B681B685B6D3A6D13403B653F
:10EEB8007B681B681B6D03F00F03FB647B681B6892
:10EEC8005B6DFA6C1340FB647B681B681B6D03F079
:10EED800F003BB647B681B685B6DBA6C1340BB6452
:10EEE8007B681B681B6D03F071537B647B681B6830
:10EEF8005B6D7A6C13407B647B681B681B6D03F049
:10EF080060733B647B681B685B6D3A6C13403B64C1
:10EF18007B681B685B6DFB637B681B681B6DBB6351
:10EF2800FB6B1B0A03F00103002B10D0BB6B1B0A01
:10EF380003F00103002B0AD07B681B684FF4807232
:10EF48001A656B4B00221A61786800F054FAFB6B63
:10EF58009B0A03F00103002B1DD0BB6B9B0A03F037
:10EF68000103002B17D07B681B68D3F8DC307B6368
:10EF78007B681B68D3F8E4307A6B13407B637B684B
:10EF88001B684FF480621A65594B00221A61796B2D
:10EF9800786800F007FA7B6D002B0DD07B681A6843
:10EFA800796D544B0B401365514A7B6D9B0F136170
:10EFB800796D786800F0C0F93B6D002B0DD07B6847
:10EFC8001A68396D4B4B0B401365494A3B6D9B0FD3
:10EFD8001361396D786800F0BAF9FB6C002B0DD01D
:10EFE8007B681A68F96C434B0B401365404AFB6C0D
:10EFF8009B0F1361F96C7868FCF7DCF8BB6C002B8D
:10F008000DD07B681A68B96C3A4B0B401365384AC7
:10F01800BB6C9B0F1361B96C786800F0A3F9FB6BAC
:10F02800DB0A03F00103002B10D0BB6BDB0A03F0F3
:10F038000103002B0AD07B681B684FF400621A6535
:10F048002B4B00221A61786800F097F9FB6B5B0A7A
:10F0580003F00103002B1DD0BB6B5B0A03F0010317
:10F06800002B17D07B681B68D3F8D8303B637B68CC
:10F078001B68D3F8E0303A6B13403B637B681B682E
:10F088004FF400721A651A4B00221A61396B7868BE
:10F0980000F07DF9FB6BDB0C03F00103002B10D0B3
:10F0A800BB6BDB0C03F00103002B0AD07B681B68E9
:10F0B8004FF400221A650E4B00221A61786800F09E
:10F0C8007CF9FB6B1B0C03F00103002B16D0BB6B08
:10F0D8001B0C03F00103002B10D07B681B684FF456
:10F0E80080321A65024B00221A61786804E000BF7A
:10F0F80000A80040FFFFCF3F00F069F9FB6B9B0CB5
:10F1080003F00103002B10D0BB6B9B0C03F0010331
:10F11800002B0AD07B681B684FF480221A65834B4A
:10F1280000221A61786800F05CF9FB6B5B0C03F055
:10F138000103002B15D0BB6B5B0C03F00103002B04
:10F148000FD07B681B684FF400321A65774B00229A
:10F158001A617B68D3F89C3043F080027B68C3F85F
:10F168009C203B6C002B0DD07B681A68396C704B67
:10F178000B4013656D4A3B6C9B0F1361396C7868C3
:10F1880000F04DF97B6C002B11D07B681A68796C04
:10F19800674B0B401365654A7B6C9B0F13617B685B
:10F1A800D3F89C207B6C1A437B68C3F89C207B684F
:10F1B8001B68604A934240F0AC807B685B689B6840
:10F1C80003F00303002B00F0A4807B685B681B6AD4
:10F1D80003F00F03FB627B685B685B6AFA6A1340A3
:10F1E800FB627B685B681B6A03F03003BB627B6869
:10F1F8005B685B6ABA6A1340BB627B685B681B6AC0
:10F2080003F4C0737B627B685B685B6A7A6A13404D
:10F218007B627B685B681B6A03F4FC433B627B6828
:10F228005B685B6A3A6A13403B627B685B681B6A8F
:10F2380003F4F023FB617B685B685B6AFA6913403F
:10F24800FB617B685B685B6ABB617B685B681B6AA8
:10F258007B61FB6A002B07D07B685B68FA6A1A62DD
:10F26800F96A786800F0E6F8BB6A002B07D07B687B
:10F278005B68BA6A1A62B96A786800F0E6F8BB692E
:10F288009B0903F00103002B1AD07B699B0903F04B
:10F298000103002B14D07B685B68DB6B1B0C9BB2F3
:10F2A8003B617B685B68DB6B03F03F03FB607B685B
:10F2B8005B6840221A62FA683969786800F0D0F809
:10F2C8007B6A002B07D07B685B687A6A1A62796A66
:10F2D800786800F0D1F83B6A002B0BD07B685B683C
:10F2E8003A6A1A627B68D3F89C203B6A1A437B68A7
:10F2F800C3F89C20FB69002B0BD07B685B68FA691C
:10F308001A627B68D3F89C20FB691A437B68C3F8B0
:10F318009C207B68D3F89C30002B02D0786800F0E2
:10F3280074F800BF5837BD4680BD00BF00A8004034
:10F33800FFFFCF3F00A0004080B483B000AF7860EB
:10F34800396000BF0C37BD465DF8047B704780B458
:10F3580083B000AF7860396000BF0C37BD465DF8F8
:10F36800047B704780B483B000AF7860396000BF19
:10F378000C37BD465DF8047B704780B483B000AF9E
:10F38800786000BF0C37BD465DF8047B704780B4D9
:10F3980083B000AF7860396000BF0C37BD465DF8B8
:10F3A800047B704780B483B000AF7860396000BFD9
:10F3B8000C37BD465DF8047B704780B483B000AF5E
:10F3C800786000BF0C37BD465DF8047B704780B499
:10F3D80083B000AF786000BF0C37BD465DF8047B92
:10F3E800704780B483B000AF786000BF0C37BD466B
:10F3F8005DF8047B704780B483B000AF786000BFCD
:10F408000C37BD465DF8047B704780B483B000AF0D
:10F41800786000BF0C37BD465DF8047B704780B448
:10F4280083B000AF7860396000BF0C37BD465DF827
:10F43800047B704780B483B000AF7860396000BF48
:10F448000C37BD465DF8047B704780B483B000AFCD
:10F458007860396000BF0C37BD465DF8047B7047A3
:10F4680080B485B000AFF860B9607A6000BF143727
:10F47800BD465DF8047B704780B483B000AF786008
:10F48800396000BF0C37BD465DF8047B704700004B
:10F4980080B485B000AF78607B685B6BBB607B68CD
:10F4A8001B68D3F88420A74B1340BA6891007A6888
:10F4B80012680B43C2F884307B681B68D3F8843029
:10F4C80023F47F017B689B6B1A047B681B680A43E3
:10F4D800C3F884207B689B6BBA681344BB607B6865
:10F4E8001B68D3F88820974B1340BA6891007A6854
:10F4F80012680B43C2F888307B681B68D3F88830E1
:10F5080023F4FE017B68DB6B1A047B681B680A43E3
:10F51800C3F888207B68DB6B5B00BA681344BB6068
:10F528007B681B68D3F8A020864B1340BA6891000B
:10F538007A6812680B43C2F8A0307B681B68D3F85E
:10F54800A03023F4FE017B681B6C1A047B681B68DF
:10F558000A43C3F8A0207B681B6C7A68526C02FBD4
:10F5680003F3BA681344BB607B681B68D3F8B02008
:10F57800744B1340BA6891007A6812680B43C2F85A
:10F58800B0307B681B68D3F8B03023F4FE017B6889
:10F598009B6C1A047B681B680A43C3F8B0207B681D
:10F5A8009B6C7A68D26C02FB03F3BA681344BB60A5
:10F5B8007B681B68D3F8AC20624B1340BA68910093
:10F5C8007A6812680B43C2F8AC307B681B6D7A68A6
:10F5D800526D02FB03F3BA681344BB607B681B6877
:10F5E800D3F8F020574B1340BA6891007A68126834
:10F5F8000B43C2F8F0307B681B68D3F8F03023F473
:10F608007C117B689B6D1A047B681B680A43C3F8EE
:10F61800F0207B689B6D5B00BA681344BB607B6815
:10F628001B68D3F8C020474B1340BA6891007A682A
:10F6380012680B43C2F8C0307B681B68D3F8C0302F
:10F6480023F47C117B68DB6D1A047B681B680A4312
:10F65800C3F8C0207B681B68D3F8C03023F07C5106
:10F668007B681B6E1A067B681B680A43C3F8C020B8
:10F678007B685A6B344B13449A007B68DA667B6864
:10F68800DA6E7B689B6B9B001A447B681A677B6801
:10F698001A6F7B68DB6BDB001A447B685A677B68F0
:10F6A8005A6F7B681B6C7968496C01FB03F39B00FC
:10F6B8001A447B689A677B689A6F7B689B6C796849
:10F6C800C96C01FB03F39B001A447B68DA677B680B
:10F6D800DA6F7B681B6D7968496D01FB03F39B004A
:10F6E8001A447B68C3F880207B68D3F880207B6845
:10F6F8009B6DDB001A447B68C3F884207B68D3F8D1
:10F7080084207B68DB6D7968896E01FB03F39B00BD
:10F718001A447B68C3F888207B68D3F888207B6804
:10F728001B6E7968896E01FB03F39B001A447B68A2
:10F73800C3F890207B68D3F89030044A934215D9D7
:10F7480006E000BF0300FFFF002B0010FCD30040C1
:10F758007B68D3F89C3043F020027B68C3F89C2078
:10F768007B68032283F89820012310E07B68DB6E16
:10F77800FB6005E0FB6800221A60FB680433FB604D
:10F788007B68D3F89030FA689A42F3D3002318467E
:10F798001437BD465DF8047B704700BF80B489B05C
:10F7A80000AFF860B9607A603B60BB685B68002BAB
:10F7B8000AD1BB681A69BB689B681A43BB681B6897
:10F7C8009B041343FB610AE0BB681A69BB689B682A
:10F7D8001A43BB681B68134343F08043FB61BB6853
:10F7E8001B6A1A06BB68DB691A43BB689B691A4324
:10F7F800BB685B691A43BB68DB681B0413433B6146
:10F80800FB68D3F88420FB689B6E396801FB03F31F
:10F818009B001344BB61BB69FA691A60BB69043376
:10F82800BB61BB693A691A60BB690433BB610023D9
:10F838007B6120E07B6903337A6813441B781A06DE
:10F848007B69023379680B441B781B041A437B6974
:10F85800013379680B441B781B02134379687A6972
:10F868000A4412781A43BB691A60BB690433BB6146
:10F878007B6904337B61BB68DB68064AD35C1A4644
:10F888007B699342D6D300BF00BF2437BD465DF8DD
:10F89800047B70477C93010880B58CB000AF78601A
:10F8A8007B68002B02D1012300F048BC7B681B68F1
:10F8B80003F00103002B00F08880994B1B6903F0CB
:10F8C8003803FB62964B9B6ABB62FB6A102B07D01E
:10F8D800FB6A182B11D1BB6A03F00303022B0CD16E
:10F8E8008F4B1B6803F40033002B6DD07B685B687B
:10F8F800002B69D1012300F021BC7B685B68B3F55C
:10F90800803F06D1864B1B68854A43F480331360D9
:10F918002EE07B685B68002B0CD1814B1B68804A0A
:10F9280023F4803313607E4B1B687D4A23F48023C5
:10F9380013601DE07B685B68B3F5A02F0CD1784B92
:10F948001B68774A43F480231360754B1B68744A1D
:10F9580043F4803313600BE0714B1B68704A23F447
:10F96800803313606E4B1B686D4A23F48023136049
:10F978007B685B68002B13D005F08AFE786208E08C
:10F9880005F086FE02467B6AD31A642B01D903234D
:10F99800D4E3634B1B6803F40033002BF0D014E06E
:10F9A80005F076FE786208E005F072FE02467B6A92
:10F9B800D31A642B01D90323C0E3594B1B6803F402
:10F9C8000033002BF0D100E000BF7B681B6803F018
:10F9D8000203002B00F0CA80514B1B6903F0380367
:10F9E8003B624F4B9B6AFB613B6A002B07D03B6A2B
:10F9F800182B56D1FB6903F00303002B51D1484B58
:10FA08001B6803F00403002B05D07B68DB68002B20
:10FA180001D1012392E3424B1B6823F019027B6852
:10FA2800DB683F4913430B6005F032FE786208E05B
:10FA380005F02EFE02467B6AD31A022B01D9032356
:10FA48007CE3374B1B6803F00403002BF0D005F070
:10FA58002BFE034641F20302934217D87B681B69C9
:10FA6800402B08D12E4B5B6823F47C332C4A43F49B
:10FA7800003353607AE02A4B5B6823F47C327B685E
:10FA88001B691B03264913434B606FE0244B5B68DB
:10FA980023F0FE427B681B691B06214913434B6018
:10FAA80064E07B68DB68002B47D01D4B1B6823F0A4
:10FAB80019027B68DB681A4913430B6005F0E8FDFF
:10FAC800786208E005F0E4FD02467B6AD31A022B4F
:10FAD80001D9032332E3124B1B6803F00403002B04
:10FAE800F0D005F0E1FD034641F20302934219D834
:10FAF8007B681B69402B08D1094B5B6823F47C3376
:10FB0800074A43F40033536030E0054B5B6823F445
:10FB18007C327B681B691B03014913434B6025E05A
:10FB2800004402589A4B5B6823F0FE427B681B69CD
:10FB38001B06974913434B6018E0954B1B68944A82
:10FB480023F00103136005F0A3FD786208E005F0D7
:10FB58009FFD02467B6AD31A022B01D90323EDE2EB
:10FB68008B4B1B6803F00403002BF0D17B681B68E8
:10FB780003F01003002B00F0A980854B1B6903F0EC
:10FB88003803BB61824B9B6A7B61BB69082B07D03A
:10FB9800BB69182B3AD17B6903F00303012B35D1DC
:10FBA8007B4B1B6803F48073002B05D07B68DB69F3
:10FBB800802B01D00123C1E205F076FD034641F216
:10FBC8000302934217D87B681B6A202B08D1704B1D
:10FBD8005B6823F0F8436E4A43F08043536075E056
:10FBE8006B4B5B6823F0F8427B681B6A9B0668498D
:10FBF80013434B606AE0664BDB6823F07C527B68FA
:10FC08001B6A1B0662491343CB605FE07B68DB69B4
:10FC1800002B42D05E4B1B685D4A43F080031360A3
:10FC280005F036FD786208E005F032FD02467B6A91
:10FC3800D31A022B01D9032380E2554B1B6803F426
:10FC48008073002BF0D005F02FFD034641F203022C
:10FC5800934217D87B681B6A202B08D14C4B5B68F2
:10FC680023F0F8434A4A43F0804353602EE0484B60
:10FC78005B6823F0F8427B681B6A9B064449134380
:10FC88004B6023E0424BDB6823F07C527B681B6AA5
:10FC98001B063F491343CB6018E03D4B1B683C4AA9
:10FCA80023F08003136005F0F3FC786208E005F0A8
:10FCB800EFFC02467B6AD31A022B01D903233DE2EB
:10FCC800334B1B6803F48073002BF0D17B681B68EF
:10FCD80003F00803002B36D07B685B69002B19D032
:10FCE8002B4B5B6F2A4A43F00103536705F0D0FCA6
:10FCF800786208E005F0CCFC02467B6AD31A022B36
:10FD080001D903231AE2224B5B6F03F00203002B95
:10FD1800F0D018E01E4B5B6F1D4A23F001035367B8
:10FD280005F0B6FC786208E005F0B2FC02467B6A92
:10FD3800D31A022B01D9032300E2154B5B6F03F0A2
:10FD48000203002BF0D17B681B6803F02003002B13
:10FD580039D07B689B69002B1CD00D4B1B680C4A63
:10FD680043F48053136005F093FC786208E005F0D3
:10FD78008FFC02467B6AD31A022B01D90323DDE1EB
:10FD8800034B1B6803F40053002BF0D01BE000BFAB
:10FD9800004402589B4B1B689A4A23F48053136013
:10FDA80005F076FC786208E005F072FC02467B6A92
:10FDB800D31A022B01D90323C0E1924B1B6803F429
:10FDC8000053002BF0D17B681B6803F00403002B61
:10FDD80000F081808C4B1B688B4A43F4807313605E
:10FDE80005F056FC786208E005F052FC02467B6A92
:10FDF800D31A642B01D90323A0E1834B1B6803F4B6
:10FE08008073002BF0D07B689B68012B06D17D4B5B
:10FE18001B6F7C4A43F0010313672DE07B689B68E6
:10FE2800002B0CD1774B1B6F764A23F00103136725
:10FE3800744B1B6F734A23F0040313671CE07B6841
:10FE48009B68052B0CD16F4B1B6F6E4A43F0040364
:10FE580013676C4B1B6F6B4A43F0010313670BE08E
:10FE6800684B1B6F674A23F001031367654B1B6FD1
:10FE7800644A23F0040313677B689B68002B15D042
:10FE880005F006FC78620AE005F002FC02467B6A8F
:10FE9800D31A41F28832934201D903234EE1594BD8
:10FEA8001B6F03F00203002BEED014E005F0F0FB0B
:10FEB80078620AE005F0ECFB02467B6AD31A41F24D
:10FEC8008832934201D9032338E14E4B1B6F03F06C
:10FED8000203002BEED17B685B6A002B00F02D81BA
:10FEE800484B1B6903F03803182B00F0BD807B6872
:10FEF8005B6A022B40F09E80424B1B68414A23F00C
:10FF08008073136005F0C4FB786208E005F0C0FB5D
:10FF180002467B6AD31A022B01D903230EE1394B1F
:10FF28001B6803F00073002BF0D1364B9A6A374BED
:10FF380013407A68916A7A68D26A12010A43314991
:10FF480013438B627B681B6B013BC3F308027B681E
:10FF58005B6B013B5B029BB21A437B689B6B013B6B
:10FF68001B0403F4FE031A437B68DB6B013B1B068F
:10FF780003F0FE43234913430B63224BDB6A214AF8
:10FF880023F00103D3621F4B5A6B214B13407A684D
:10FF9800926CD2001B4913434B631A4BDB6A23F064
:10FFA8000C027B681B6C17491343CB62154BDB6A49
:10FFB80023F002027B685B6C12491343CB62114B3E
:10FFC800DB6A104A43F48033D3620E4BDB6A0D4A76
:10FFD80043F40033D3620B4BDB6A0A4A43F48023B1
:10FFE800D362084BDB6A074A43F00103D362054B2F
:08FFF8001B68044A43F080730A
:020000040801F1
:10000000136005F049FB786211E000BF004402581C
:10001000004802580CFCFFFF0700FFFF05F03CFB07
:1000200002467B6AD31A022B01D903238AE0474B8D
:100030001B6803F00073002BF0D082E0434B1B6879
:10004000424A23F08073136005F026FB786208E0D3
:1000500005F022FB02467B6AD31A022B01D9032347
:1000600070E03A4B1B6803F00073002BF0D168E09E
:10007000364B9B6A3B61354B1B6BFB607B685B6A55
:10008000012B31D03B6903F003027B689B6A9A42E3
:100090002AD13B691B0903F03F027B68DB6A9A4265
:1000A00022D1FB68C3F308027B681B6B013B9A42B9
:1000B0001AD1FB685B0A03F07F027B685B6B013B34
:1000C0009A4211D1FB681B0C03F07F027B689B6B8B
:1000D000013B9A4208D1FB681B0E03F07F027B684C
:1000E000DB6B013B9A4201D001232BE0174B5B6B8A
:1000F000DB08C3F30C033B617B689B6C3A699A4253
:100100001FD0124BDB6A114A23F00103D36205F0C2
:10011000C3FA786200BF05F0BFFA02467B6A9342D9
:10012000F9D00A4B5A6B0A4B13407A68926CD20092
:10013000064913434B63054BDB6A044A43F0010352
:10014000D362002318463037BD4680BD00440258B4
:100150000700FFFF80B586B000AF786039607B682C
:10016000002B01D101239CE18A4B1B6803F00F0394
:100170003A689A4210D9874B1B6823F00F028549D1
:100180003B6813430B60834B1B6803F00F033A6813
:100190009A4201D0012384E17B681B6803F00403C9
:1001A000002B10D07B681A697B4B9B6903F07003AE
:1001B0009A4208D9784B9B6923F070027B681B69CF
:1001C000754913438B617B681B6803F00803002BA0
:1001D00010D07B685A69704BDB6903F070039A4258
:1001E00008D96D4BDB6923F070027B685B696A4953
:1001F0001343CB617B681B6803F01003002B10D006
:100200007B689A69644BDB6903F4E0639A4208D91E
:10021000614BDB6923F4E0627B689B695E491343B1
:10022000CB617B681B6803F02003002B10D07B6838
:10023000DA69594B1B6A03F070039A4208D9564B8E
:100240001B6A23F070027B68DB69534913430B621E
:100250007B681B6803F00203002B10D07B68DA6810
:100260004D4B9B6903F00F039A4208D94A4B9B6997
:1002700023F00F027B68DB68474913438B617B687F
:100280001B6803F00103002B55D0434B9B6923F4FB
:1002900070627B689B68404913438B617B685B6835
:1002A000022B07D13C4B1B6803F40033002B21D1F8
:1002B0000123F6E07B685B68032B07D1364B1B6894
:1002C00003F00073002B15D10123EAE07B685B6823
:1002D000012B07D1304B1B6803F48073002B09D12D
:1002E0000123DEE02C4B1B6803F00403002B01D13B
:1002F0000123D6E0284B1B6923F007027B685B686B
:10030000254913430B6105F0C7F978610AE005F050
:10031000C3F902467B69D31A41F28832934201D96C
:100320000323BEE01C4B1B6903F038027B685B684B
:10033000DB009A42EBD17B681B6803F00203002BC1
:1003400010D07B68DA68144B9B6903F00F039A4264
:1003500008D2114B9B6923F00F027B68DB680E49C2
:1003600013438B610B4B1B6803F00F033A689A42EF
:1003700014D2084B1B6823F00F0206493B68134355
:100380000B60044B1B6803F00F033A689A4205D0D8
:10039000012386E000200052004402587B681B685D
:1003A00003F00403002B10D07B681A693F4B9B6954
:1003B00003F070039A4208D23C4B9B6923F0700211
:1003C0007B681B69394913438B617B681B6803F0A9
:1003D0000803002B10D07B685A69344BDB6903F0AB
:1003E00070039A4208D2314BDB6923F070027B68BC
:1003F0005B692E491343CB617B681B6803F01003D4
:10040000002B10D07B689A69284BDB6903F4E0630A
:100410009A4208D2254BDB6923F4E0627B689B6932
:1004200022491343CB617B681B6803F02003002B38
:1004300010D07B68DA691D4B1B6A03F070039A4287
:1004400008D21A4B1B6A23F070027B68DB691749DC
:1004500013430B6200F034F80246144B9B691B0AED
:1004600003F00F031249CB5C03F01F0322FA03F3DE
:100470003B610E4B9B6903F00F030D4AD35C03F005
:100480001F033A6922FA03F30A4A13600A4A3B69D6
:1004900013600A4B1B68184605F0B4F80346FB735B
:1004A000FB7B18461837BD4680BD00BF004402588C
:1004B0006C9301080400002400000024280C002490
:1004C00080B489B000AFB34B1B6903F03803182B1D
:1004D00000F2558101A252F823F000BF4105010846
:1004E0007F0701087F0701087F0701087F070108D0
:1004F0007F0701087F0701087F07010867050108DA
:100500007F0701087F0701087F0701087F070108AF
:100510007F0701087F0701087F0701086D050108B3
:100520007F0701087F0701087F0701087F0701088F
:100530007F0701087F0701087F070108730501088D
:10054000944B1B6803F02003002B09D0914B1B68D0
:10055000DB0803F00303904A22FA03F3BB6111E1C5
:100560008D4BBB610EE18D4BBB610BE18C4BBB61D5
:1005700008E1884B9B6A03F003037B61854B9B6A10
:100580001B0903F03F033B61824BDB6A03F001036D
:10059000FB60804B5B6BDB08C3F30C03FA6802FB68
:1005A00003F307EE903AF8EE677AC7ED027A3B69FB
:1005B000002B00F0E1807B69022B00F083807B69D7
:1005C000022B00F2A1807B69002B03D07B69012BF9
:1005D00056D099E06F4B1B6803F02003002B2DD001
:1005E0006C4B1B68DB0803F003036B4A22FA03F32E
:1005F0007B607B6807EE903AF8EE676A3B6907EE2E
:10060000903AF8EE677A86EEA77A624B1B6BC3F3DB
:10061000080307EE903AF8EE676A97ED026ADFED9D
:10062000615AC6EE257A76EEA77AF7EE006A77EE83
:10063000A67A67EE277AC7ED077A87E03B6907EE6F
:10064000903AF8EE677ADFED586A86EEA77A514B5A
:100650001B6BC3F3080307EE903AF8EE676A97ED59
:10066000026ADFED505AC6EE257A76EEA77AF7EEEB
:10067000006A77EEA67A67EE277AC7ED077A65E01B
:100680003B6907EE903AF8EE677ADFED486A86EE4E
:10069000A77A404B1B6BC3F3080307EE903AF8EEC2
:1006A000676A97ED026ADFED3F5AC6EE257A76EE6D
:1006B000A77AF7EE006A77EEA67A67EE277AC7ED9B
:1006C000077A43E03B6907EE903AF8EE677ADFED90
:1006D000386A86EEA77A2F4B1B6BC3F3080307EE2D
:1006E000903AF8EE676A97ED026ADFED2E5AC6EE91
:1006F000257A76EEA77AF7EE006A77EEA67A67EEAD
:10070000277AC7ED077A21E03B6907EE903AF8EEC9
:10071000677ADFED266A86EEA77A1E4B1B6BC3F362
:10072000080307EE903AF8EE676A97ED026ADFED8C
:100730001D5AC6EE257A76EEA77AF7EE006A77EEB6
:10074000A67A67EE277AC7ED077A00BF114B1B6BBD
:100750005B0A03F07F0301333B603B6807EE903A8E
:10076000B8EE677AD7ED076AC6EE877AFCEEE77ACD
:1007700017EE903ABB6105E00023BB6102E0074B36
:10078000BB6100BFBB6918462437BD465DF8047BDA
:10079000704700BF004402580090D00300093D009C
:1007A00000127A00000000460024744C0024744AB1
:1007B0000024F44A80B582B000AFFFF781FE024604
:1007C000104B9B691B0A03F00F030F49CB5C03F02E
:1007D0001F0322FA03F37B600A4B9B6903F00F03AC
:1007E000094AD35C03F01F037A6822FA03F3074A2D
:1007F0001360074A7B681360044B1B681846083770
:10080000BD4680BD004402586C93010804000024DA
:100810000000002480B500AFFFF7CCFF0246064B76
:10082000DB691B0903F007030449CB5C03F01F03DA
:1008300022FA03F3184680BD004402586C93010865
:1008400080B500AFFFF7B6FF0246064BDB691B0A17
:1008500003F007030449CB5C03F01F0322FA03F300
:10086000184680BD004402586C9301082DE9B04F32
:10087000CAB000AFC7F81401002387F8273100235E
:1008800087F82631D7F81431D3E9002302F0006449
:10089000002554EA050349D0D7F814319B6EB3F50F
:1008A000401F2FD0B3F5401F28D8B3F5001F1AD032
:1008B000B3F5001F22D8002B03D0B3F5801F07D05B
:1008C0001CE0B84BDB6AB74A43F40033D3621AE04A
:1008D000D7F8143108330221184601F08FFC034683
:1008E00087F827310FE0D7F8143128330221184652
:1008F00001F036FD034687F8273104E0012387F82D
:10090000273100E000BF97F82731002B0AD1A54B13
:100910001B6D23F44011D7F814319B6EA14A0B4391
:10092000136503E097F8273187F82631D7F814319B
:10093000D3E9002302F480784FF0000958EA090354
:1009400047D0D7F814319B6D042B2AD801A252F856
:1009500023F000BF69090108770901088D09010822
:10096000AB090108AB0901088E4BDB6A8D4A43F4E1
:100970000033D3621AE0D7F8143108330021184647
:1009800001F03CFC034687F827310FE0D7F814311B
:1009900028330021184601F0E3FC034687F827318D
:1009A00004E0012387F8273100E000BF97F82731E2
:1009B000002B0AD17B4B1B6D23F00701D7F81431B4
:1009C0009B6D784A0B43136503E097F8273187F84E
:1009D0002631D7F81431D3E9002302F4007A4FF01E
:1009E000000B5AEA0B034CD0D7F81431DB6DB3F58A
:1009F000807F30D0B3F5807F29D8C02B2DD0C02B7D
:100A000025D8802B18D0802B21D8002B02D0402B4A
:100A100007D01CE0634BDB6A624A43F40033D362C5
:100A20001CE0D7F8143108330021184601F0E6FB2A
:100A3000034687F8273111E0D7F814312833002115
:100A4000184601F08DFC034687F8273106E00123A4
:100A500087F8273102E000BF00E000BF97F8273198
:100A6000002B0AD14F4B1B6D23F4E071D7F81431E2
:100A7000DB6D4C4A0B43136503E097F8273187F889
:100A80002631D7F81431D3E9002302F48063C7F884
:100A900008310023C7F80C31D7E942120B46134343
:100AA00053D0D7F81431D3F8A830B3F5000F35D0B0
:100AB000B3F5000F2ED8B3F5C00F31D0B3F5C00F8A
:100AC00028D8B3F5800F1AD0B3F5800F22D8002BA9
:100AD00003D0B3F5001F07D01CE0324BDB6A314A6C
:100AE00043F40033D3621CE0D7F8143108330021FB
:100AF000184601F083FB034687F8273111E0D7F849
:100B0000143128330021184601F02AFC034687F8E7
:100B1000273106E0012387F8273102E000BF00E01B
:100B200000BF97F82731002B0BD11E4B9B6D23F490
:100B30006001D7F81431D3F8A8301A4A0B439365F3
:100B400003E097F8273187F82631D7F81431D3E935
:100B5000002302F40063C7F800310023C7F8043112
:100B6000D7E940120B46134356D0D7F81431D3F8C7
:100B7000AC30B3F1806F38D0B3F1806F31D8B3F1BE
:100B8000407F34D0B3F1407F2BD8B3F1007F1DD02C
:100B9000B3F1007F25D8002B06D0B3F1807F0AD0B7
:100BA0001FE000BF00440258A24BDB6AA14A43F495
:100BB0000033D3621CE0D7F8143108330021184603
:100BC00001F01CFB034687F8273111E0D7F81431F8
:100BD00028330021184601F0C3FB034687F827316C
:100BE00006E0012387F8273102E000BF00E000BFE4
:100BF00097F82731002B0BD18E4B9B6D23F0E061D2
:100C0000D7F81431D3F8AC308A4A0B43936503E02C
:100C100097F8273187F82631D7F81431D3E9002324
:100C200002F00073C7F8F8300023C7F8FC30D7E9AA
:100C30003E120B4613433AD0D7F81431DB6C302BFD
:100C40001FD0302B19D8202B0CD0202B15D8002BDF
:100C500019D0102B11D1774BDB6A764A43F400335D
:100C6000D36211E0D7F8143108330221184601F09D
:100C7000C5FA034687F8273106E0012387F82731B4
:100C800002E000BF00E000BF97F82731002B0AD137
:100C9000684BDB6C23F03001D7F81431DB6C654A0C
:100CA0000B43D36403E097F8273187F82631D7F850
:100CB0001431D3E9002302F48053C7F8F030002345
:100CC000C7F8F430D7E93C120B46134351D0D7F89C
:100CD00014311B6EB3F5804F35D0B3F5804F2ED84D
:100CE000B3F5405F31D0B3F5405F28D8B3F5005F6E
:100CF0001AD0B3F5005F22D8002B03D0B3F5805F84
:100D000007D01CE04B4BDB6A4A4A43F40033D36202
:100D10001CE0D7F8143108330021184601F06EFAB0
:100D2000034687F8273111E0D7F814312833002122
:100D3000184601F015FB034687F8273106E001232A
:100D400087F8273102E000BF00E000BF97F82731A5
:100D5000002B0AD1374B1B6D23F4E041D7F8143137
:100D60001B6E344A0B43136503E097F8273187F86D
:100D70002631D7F81431D3E9002302F40053C7F821
:100D8000E8300023C7F8EC30D7E93A120B4613439A
:100D900056D0D7F814315B6EB3F5A02F33D0B3F52E
:100DA000A02F2CD8B3F5802F2FD0B3F5802F26D8C5
:100DB000B3F5403F2BD0B3F5403F20D8B3F5003F0B
:100DC00012D0B3F5003F1AD8002B22D0B3F5803FE4
:100DD00015D1D7F8143108330121184601F00EFA65
:100DE000034687F8273115E0D7F81431283301215D
:100DF000184601F0B5FA034687F827310AE00123C7
:100E000087F8273106E000BF04E000BF02E000BF22
:100E100000E000BF97F82731002B0DD1054B1B6D6B
:100E200023F4E021D7F814315B6E024A0B431365BB
:100E300006E000BF0044025897F8273187F82631B2
:100E4000D7F81431D3E9002302F48043C7F8E03027
:100E50000023C7F8E430D7E938120B46134355D0C6
:100E6000D7F81431D3F8B030B3F1A04F33D0B3F189
:100E7000A04F2CD8B3F1804F2FD0B3F1804F26D89C
:100E8000B3F1405F2BD0B3F1405F20D8B3F1005FE6
:100E900012D0B3F1005F1AD8002B22D0B3F1805FDB
:100EA00015D1D7F8143108330121184601F0A6F9FD
:100EB000034687F8273115E0D7F81431283301218C
:100EC000184601F04DFA034687F827310AE001235E
:100ED00087F8273106E000BF04E000BF02E000BF52
:100EE00000E000BF97F82731002B0BD1A34B9B6D7F
:100EF00023F0E041D7F81431D3F8B0309F4A0B43C8
:100F0000936503E097F8273187F82631D7F8143135
:100F1000D3E9002302F40043C7F8D8300023C7F810
:100F2000DC30D7E936120B46134337D0D7F81431EB
:100F30001B6FB3F1005F0ED0B3F1005F16D8002B2A
:100F400018D0B3F1805F11D18C4BDB6A8B4A43F42C
:100F50000033D3620FE0D7F814310833012118466B
:100F600001F04CF9034687F8273104E0012387F8A4
:100F7000273100E000BF97F82731002B0AD17F4BC3
:100F80001B6D23F04051D7F814311B6F7B4A0B4384
:100F9000136503E097F8273187F82631D7F8143125
:100FA000D3E9002302F08073C7F8D0300023C7F8DC
:100FB000D430D7E934120B46134339D0D7F8143163
:100FC0009B6C032B1CD801A252F823F009100108D6
:100FD000DD0F0108EB0F010809100108674BDB6A00
:100FE000664A43F40033D3620FE0D7F81431083374
:100FF0000221184601F002F9034687F8273104E080
:10100000012387F8273100E000BF97F82731002B34
:101010000AD15A4BDB6C23F00301D7F814319B6CD7
:10102000564A0B43D36403E097F8273187F82631FB
:10103000D7F81431D3E9002302F48003C7F8C8308D
:101040000023C7F8CC30D7E932120B46134300F027
:101050009F804B4B1B684A4A43F48073136004F033
:101060001BFBC7F820010BE004F016FB0246D7F883
:101070002031D31A642B03D9032387F8273105E0E5
:101080003F4B1B6803F48073002BEDD097F827319A
:10109000002B79D1394B1A6FD7F81431D3F8B4300B
:1010A000534003F44073002B15D0344B1B6F23F4D3
:1010B0004073C7F81C31314B1B6F304A43F4803307
:1010C00013672E4B1B6F2D4A23F4803313672B4A73
:1010D000D7F81C311367D7F81431D3F8B430B3F50F
:1010E000807F18D104F0D8FAC7F820010DE004F091
:1010F000D3FA0246D7F82031D21A41F288339A4205
:1011000003D9032387F8273105E01C4B1B6F03F03D
:101110000203002BEBD097F82731002B29D1D7F809
:101120001431D3F8B43003F44073B3F5407F0ED1DB
:10113000124B1B6923F47C51D7F81431D3F8B43027
:101140001A09104B13400D4A0B43136105E00B4B7A
:101150001B690A4A23F47C531361084B196FD7F8B3
:101160001431D3F8B430C3F30B03044A0B431367B1
:101170000EE097F8273187F8263109E0004402583D
:1011800000480258CFFFFF0097F8273187F8263133
:10119000D7F81431D3E9002302F00103C7F8C030B7
:1011A0000023C7F8C430D7E930120B46134300F0D0
:1011B0008980D7F81431DB6F282B6BD801A252F845
:1011C00023F000BF9D120108951201089512010835
:1011D000951201089512010895120108951201084F
:1011E000951201086912010895120108951201086B
:1011F000951201089512010895120108951201082F
:10120000951201087F120108951201089512010834
:10121000951201089512010895120108951201080E
:10122000951201089D1201089512010895120108F6
:1012300095120108951201089512010895120108EE
:10124000951201089D1201089512010895120108D6
:1012500095120108951201089512010895120108CE
:10126000951201089D120108D7F8143108330121A5
:10127000184600F0C3FF034687F827310FE0D7F880
:10128000143128330121184601F06AF8034687F823
:10129000273104E0012387F8273100E000BF97F8E9
:1012A0002731002B0AD1BF4B5B6D23F03801D7F8F3
:1012B0001431DB6FBB4A0B43536503E097F82731CA
:1012C00087F82631D7F81431D3E9002302F002035E
:1012D000C7F8B8300023C7F8BC30D7E92E120B4648
:1012E000134341D0D7F814319B6F052B24D801A2AA
:1012F00052F823F0411301080D13010823130108CC
:10130000411301084113010841130108D7F81431B2
:1013100008330121184600F071FF034687F8273192
:101320000FE0D7F8143128330121184601F018F8DE
:10133000034687F8273104E0012387F8273100E0CE
:1013400000BF97F82731002B0AD1964B5B6D23F035
:101350000701D7F814319B6F924A0B43536503E0A2
:1013600097F8273187F82631D7F81431D3E90023CD
:1013700002F00403C7F8B0300023C7F8B430D7E94F
:101380002C120B46134344D0D7F81431D3F89430C1
:10139000052B25D801A252F823F000BFE91301085C
:1013A000B5130108CB130108E9130108E91301087B
:1013B000E9130108D7F8143108330121184600F069
:1013C0001DFF034687F827310FE0D7F81431283383
:1013D0000121184600F0C4FF034687F8273104E0D6
:1013E000012387F8273100E000BF97F82731002B51
:1013F0000BD16C4B9B6D23F00701D7F81431D3F858
:101400009430684A0B43936503E097F8273187F8D7
:101410002631D7F81431D3E9002302F02003C7F8AE
:10142000A8300023C7F8AC30D7E92A120B46134383
:1014300055D0D7F81431D3F89030B3F1A04F33D052
:10144000B3F1A04F2CD8B3F1804F2FD0B3F1804F20
:1014500026D8B3F1405F2BD0B3F1405F20D8B3F171
:10146000005F12D0B3F1005F1AD8002B22D0B3F185
:10147000805F15D1D7F8143108330021184600F0E9
:10148000BDFE034687F8273115E0D7F8143128331D
:101490000221184600F064FF034687F827310AE06E
:1014A000012387F8273106E000BF04E000BF02E017
:1014B00000BF00E000BF97F82731002B0BD1394B5C
:1014C0005B6D23F0E041D7F81431D3F89030354A02
:1014D0000B43536503E097F8273187F82631D7F897
:1014E0001431D3E9002302F04003C7F8A0300023F1
:1014F000C7F8A430D7E928120B46134358D0D7F8C1
:101500001431D3F89C30B3F5A05F33D0B3F5A05FAE
:101510002CD8B3F5805F2FD0B3F5805F26D8B3F514
:10152000406F2BD0B3F5406F20D8B3F5006F12D0C9
:10153000B3F5006F1AD8002B22D0B3F5806F15D108
:10154000D7F8143108330021184600F057FE03463F
:1015500087F8273115E0D7F81431283302211846CF
:1015600000F0FEFE034687F827310AE0012387F8E2
:10157000273106E000BF04E000BF02E000BF00E04A
:1015800000BF97F82731002B0ED1064B9B6D23F43B
:10159000E051D7F81431D3F89C30024A0B439365DD
:1015A00006E000BF0044025897F8273187F826313B
:1015B000D7F81431D3E9002302F08003C7F898303C
:1015C0000023C7F89C30D7E926120B46134355D0A9
:1015D000D7F81431D3F8A030B3F5204F33D0B3F59A
:1015E000204F2CD8B3F5004F2FD0B3F5004F26D89D
:1015F000B3F5C04F2BD0B3F5C04F20D8B3F5804F13
:1016000012D0B3F5804F1AD8002B22D0B3F5005F6B
:1016100015D1D7F8143108330021184600F0EEFD3B
:10162000034687F8273115E0D7F814312833022113
:10163000184600F095FE034687F827310AE001239B
:1016400087F8273106E000BF04E000BF02E000BFDA
:1016500000E000BF97F82731002B0BD1A14B9B6D09
:1016600023F46041D7F81431D3F8A0309D4A0B43DE
:10167000936503E097F8273187F82631D7F81431BE
:10168000D3E9002302F00803C7F890300023C7F81D
:101690009430D7E924120B4613431ED0D7F81431E7
:1016A000D3F88430B3F5805F0CD1D7F814312833E8
:1016B0000221184600F054FE0346002B02D00123FD
:1016C00087F82631874B5B6D23F44051D7F81431EE
:1016D000D3F88430834A0B435365D7F81431D3E9E8
:1016E000002302F01003C7F888300023C7F88C30BD
:1016F000D7E922120B4613431ED0D7F81431D3F882
:101700009830B3F5807F0CD1D7F8143128330221FB
:10171000184600F025FE0346002B02D0012387F86F
:101720002631704B9B6D23F44071D7F81431D3F8F8
:1017300098306C4A0B439365D7F81431D3E90023F2
:1017400002F40023C7F880300023C7F88430D7E9BB
:1017500020120B4613433ED0D7F81431D3F8A430EF
:10176000B3F5003F22D0B3F5003F1BD8002B03D0C8
:10177000B3F5803F0BD015E0D7F8143108330021C2
:10178000184600F03BFD034687F827310FE0D7F8F5
:10179000143128330221184600F0E2FD034687F891
:1017A000273104E0012387F8273100E000BF97F8D4
:1017B0002731002B0BD14B4B9B6D23F44031D7F8D5
:1017C0001431D3F8A430474A0B43936503E097F8EC
:1017D000273187F82631D7F81431D3E9002302F4F2
:1017E0008023BB670023FB67D7E91E120B46134318
:1017F0003BD0D7F81431D3F88830B3F5401F1FD051
:10180000B3F5401F18D8B3F5801F03D0B3F5001F00
:1018100007D011E0334BDB6A324A43F40033D36222
:101820000FE0D7F8143128330121184600F098FD55
:10183000034687F8273104E0012387F8273100E0C9
:1018400000BF97F82731002B0BD1264B5B6D23F49B
:101850004011D7F81431D3F88830224A0B4353652E
:1018600003E097F8273187F82631D7F81431D3E908
:10187000002302F480333B6700237B67D7E91C1207
:101880000B46134334D0D7F814311B6D002B03D013
:10189000B3F5803F07D011E0124BDB6A114A43F4E5
:1018A0000033D3620EE0D7F8143108330221184612
:1018B00000F0A4FC034687F8273103E0012387F8F2
:1018C000273100BF97F82731002B0DD1054BDB6C7A
:1018D00023F48031D7F814311B6D024A0B43D364D3
:1018E00006E000BF0044025897F8273187F82631F8
:1018F000D7F81431D3E9002302F00053BB6600236C
:10190000FB66D7E91A120B4613430CD0D7F81431F3
:1019100028330221184600F023FD0346002B02D095
:10192000012387F82631D7F81431D3E9002302F4D4
:1019300000333B6600237B66D7E918120B4613433E
:1019400038D0D7F81431D3F88030B3F5407F18D0B1
:10195000B3F5407F11D8B3F5007F14D0B3F5007F05
:101960000BD8002B11D0B3F5807F06D1C34BDB6AB7
:10197000C24A43F40033D36208E0012387F82731D9
:1019800004E000BF02E000BF00E000BF97F827318D
:10199000002B0BD1B94B5B6D23F44071D7F8143198
:1019A000D3F88030B54A0B43536503E097F82731ED
:1019B00087F82631D7F81431D3E9002302F48013D5
:1019C000BB650023FB65D7E916120B46134309D00C
:1019D000AA4B1B6D23F00041D7F814315B6FA74A67
:1019E0000B431365D7F81431D3E9002302F0805379
:1019F0003B6500237B65D7E914120B4613430AD0DD
:101A00009E4B1B6923F48041D7F81431D3F8B830CA
:101A10009A4A0B431361D7F81431D3E9002302F437
:101A20000013BB640023FB64D7E912120B46134377
:101A300009D0924B1B6D23F08071D7F81431DB6E07
:101A40008E4A0B431365D7F81431D3E9002302F013
:101A500080433B6400237B64D7E910120B46134399
:101A60000ED0864B1B69854A23F400431361834BD8
:101A70001969D7F81431D3F8BC30804A0B4313618D
:101A8000D7F81431D3E9002302F00043BB630023ED
:101A9000FB63D7E90E120B46134309D0774BDB6C7F
:101AA00023F04051D7F814315B6D744A0B43D36473
:101AB000D7F81431D3E9002302F400033B63002379
:101AC0007B63D7E90C120B4613430AD06B4B5B6D5B
:101AD00023F44001D7F81431D3F88C30674A0B4314
:101AE0005365D7F81431D3E900230021B96203F01C
:101AF0000103FB62D7E90A120B46134311D0D7F852
:101B0000143108330021184600F078FB034687F8AB
:101B1000273197F82731002B03D097F8273187F822
:101B20002631D7F81431D3E900230021396203F0BC
:101B300002037B62D7E908120B46134311D0D7F892
:101B4000143108330121184600F058FB034687F88A
:101B5000273197F82731002B03D097F8273187F8E2
:101B60002631D7F81431D3E900230021B96103F0FD
:101B70000403FB61D7E906120B46134311D0D7F8D3
:101B8000143108330221184600F038FB034687F869
:101B9000273197F82731002B03D097F8273187F8A2
:101BA0002631D7F81431D3E900230021396103F03D
:101BB00008037B61D7E904120B46134311D0D7F811
:101BC000143128330021184600F0CAFB034687F879
:101BD000273197F82731002B03D097F8273187F862
:101BE0002631D7F81431D3E900230021B96003F07E
:101BF0001003FB60D7E902120B46134311D0D7F84C
:101C0000143128330121184600F0AAFB034687F857
:101C1000273197F82731002B03D097F8273187F821
:101C20002631D7F81431D3E900230021396003F0BD
:101C300020037B60D7E900120B46134311D0D7F87D
:101C4000143128330221184600F08AFB034687F836
:101C5000273197F82731002B03D097F8273187F8E1
:101C6000263197F82631002B01D1002300E0012313
:101C7000184607F59477BD46BDE8B08F004402587A
:101C800080B500AFFEF796FD0246064B1B6A1B09A6
:101C900003F007030449CB5C03F01F0322FA03F3AC
:101CA000184680BD004402586C93010880B489B086
:101CB00000AF7860A14B9B6A03F00303BB619F4BAD
:101CC0009B6A1B0B03F03F037B619C4BDB6A1B0988
:101CD00003F001033B61994BDB6BDB08C3F30C039F
:101CE0003A6902FB03F307EE903AF8EE677AC7ED24
:101CF000037A7B69002B00F01181BB69022B00F095
:101D00008380BB69022B00F2A180BB69002B03D04A
:101D1000BB69012B56D099E0884B1B6803F0200368
:101D2000002B2DD0854B1B68DB0803F00303844A8E
:101D300022FA03F3BB60BB6807EE903AF8EE676ADD
:101D40007B6907EE903AF8EE677A86EEA77A7B4BCE
:101D50009B6BC3F3080307EE903AF8EE676A97EDC2
:101D6000036ADFED785AC6EE257A76EEA77AF7EEAB
:101D7000006A77EEA67A67EE277AC7ED077A87E0E2
:101D80007B6907EE903AF8EE677ADFED6F6A86EED0
:101D9000A77A6A4B9B6BC3F3080307EE903AF8EE01
:101DA000676A97ED036ADFED675AC6EE257A76EE2D
:101DB000A77AF7EE006A77EEA67A67EE277AC7ED84
:101DC000077A65E07B6907EE903AF8EE677ADFED17
:101DD0005F6A86EEA77A594B9B6BC3F3080307EE45
:101DE000903AF8EE676A97ED036ADFED565AC6EE51
:101DF000257A76EEA77AF7EE006A77EEA67A67EE96
:101E0000277AC7ED077A43E07B6907EE903AF8EE50
:101E1000677ADFED4F6A86EEA77A484B9B6BC3F378
:101E2000080307EE903AF8EE676A97ED036ADFED74
:101E3000455AC6EE257A76EEA77AF7EE006A77EE77
:101E4000A67A67EE277AC7ED077A21E07B6907EE6D
:101E5000903AF8EE677ADFED3D6A86EEA77A374B67
:101E60009B6BC3F3080307EE903AF8EE676A97EDB1
:101E7000036ADFED345AC6EE257A76EEA77AF7EEDE
:101E8000006A77EEA67A67EE277AC7ED077A00BF79
:101E90002A4B9B6B5B0A03F07F0307EE903AF8EE48
:101EA000677AB7EE007A37EE877AD7ED076AC6EE23
:101EB000877AFCEEE77A17EE902A7B681A601F4B50
:101EC0009B6B1B0C03F07F0307EE903AF8EE677AEA
:101ED000B7EE007A37EE877AD7ED076AC6EE877AD3
:101EE000FCEEE77A17EE902A7B685A60134B9B6BE7
:101EF0001B0E03F07F0307EE903AF8EE677AB7EE19
:101F0000007A37EE877AD7ED076AC6EE877AFCEE5D
:101F1000E77A17EE902A7B689A6008E07B680022D7
:101F20001A607B6800225A607B6800229A6000BFBA
:101F30002437BD465DF8047B704700BF004402585B
:101F40000090D003000000460024744C0024744A22
:101F50000024F44A80B489B000AF7860A14B9B6A3A
:101F600003F00303BB619F4B9B6A1B0D03F03F0310
:101F70007B619C4BDB6A1B0A03F001033B61994BBD
:101F80005B6CDB08C3F30C033A6902FB03F307EE57
:101F9000903AF8EE677AC7ED037A7B69002B00F080
:101FA0001181BB69022B00F08380BB69022B00F218
:101FB000A180BB69002B03D0BB69012B56D099E0EF
:101FC000884B1B6803F02003002B2DD0854B1B682A
:101FD000DB0803F00303844A22FA03F3BB60BB6807
:101FE00007EE903AF8EE676A7B6907EE903AF8EEF2
:101FF000677A86EEA77A7B4B1B6CC3F3080307EE68
:10200000903AF8EE676A97ED036ADFED785AC6EE0C
:10201000257A76EEA77AF7EE006A77EEA67A67EE73
:10202000277AC7ED077A87E07B6907EE903AF8EEEA
:10203000677ADFED6F6A86EEA77A6A4B1B6CC3F393
:10204000080307EE903AF8EE676A97ED036ADFED52
:10205000675AC6EE257A76EEA77AF7EE006A77EE33
:10206000A67A67EE277AC7ED077A65E07B6907EE07
:10207000903AF8EE677ADFED5F6A86EEA77A594B01
:102080001B6CC3F3080307EE903AF8EE676A97ED0E
:10209000036ADFED565AC6EE257A76EEA77AF7EE9A
:1020A000006A77EEA67A67EE277AC7ED077A43E0F3
:1020B0007B6907EE903AF8EE677ADFED4F6A86EEBD
:1020C000A77A484B1B6CC3F3080307EE903AF8EE6F
:1020D000676A97ED036ADFED455AC6EE257A76EE1C
:1020E000A77AF7EE006A77EEA67A67EE277AC7ED51
:1020F000077A21E07B6907EE903AF8EE677ADFED28
:102100003D6A86EEA77A374B1B6CC3F3080307EED4
:10211000903AF8EE676A97ED036ADFED345AC6EE3F
:10212000257A76EEA77AF7EE006A77EEA67A67EE62
:10213000277AC7ED077A00BF2A4B1B6C5B0A03F0B6
:102140007F0307EE903AF8EE677AB7EE007A37EE43
:10215000877AD7ED076AC6EE877AFCEEE77A17EE44
:10216000902A7B681A601F4B1B6C1B0C03F07F03CB
:1021700007EE903AF8EE677AB7EE007A37EE877A94
:10218000D7ED076AC6EE877AFCEEE77A17EE902A5B
:102190007B685A60134B1B6C1B0E03F07F0307EE2A
:1021A000903AF8EE677AB7EE007A37EE877AD7ED95
:1021B000076AC6EE877AFCEEE77A17EE902A7B680C
:1021C0009A6008E07B6800221A607B6800225A60EF
:1021D0007B6800229A6000BF2437BD465DF8047B0F
:1021E000704700BF004402580090D0030000004632
:1021F0000024744C0024744A0024F44A80B584B04E
:1022000000AF786039600023FB73534B9B6A03F087
:102210000303032B01D1012399E04F4B1B684E4A66
:1022200023F08063136003F037FAB86008E003F02E
:1022300033FA0246BB68D31A022B01D9032386E086
:10224000454B1B6803F00063002BF0D1424B9B6AA7
:1022500023F47C327B681B681B033F4913438B626A
:102260007B685B68013BC3F308027B689B68013BAA
:102270005B029BB21A437B68DB68013B1B0403F4DF
:10228000FE031A437B681B69013B1B0603F0FE43F8
:10229000314913438B63304BDB6A23F0C0027B6808
:1022A0005B692D491343CB622B4BDB6A23F0200281
:1022B0007B689B6928491343CB62274BDB6A264A1C
:1022C00023F01003D362244BDA6B244B13407A685B
:1022D000D269D20020491343CB631F4BDB6A1E4AED
:1022E00043F01003D3623B68002B06D11A4BDB6A24
:1022F000194A43F40023D3620FE03B68012B06D157
:10230000154BDB6A144A43F48013D36205E0124B89
:10231000DB6A114A43F40013D3620F4B1B680E4A69
:1023200043F08063136003F0B7F9B86008E003F08E
:10233000B3F90246BB68D31A022B01D9032306E086
:10234000054B1B6803F00063002BF0D0FB7B1846A5
:102350001037BD4680BD00BF004402580700FFFF94
:1023600080B584B000AF786039600023FB73534BB5
:102370009B6A03F00303032B01D1012399E04F4B28
:102380001B684E4A23F08053136003F085F9B86050
:1023900008E003F081F90246BB68D31A022B01D989
:1023A000032386E0454B1B6803F00053002BF0D15C
:1023B000424B9B6A23F07C727B681B681B053F497C
:1023C00013438B627B685B68013BC3F308027B6845
:1023D0009B68013B5B029BB21A437B68DB68013B55
:1023E0001B0403F4FE031A437B681B69013B1B06B5
:1023F00003F0FE43314913430B64304BDB6A23F493
:1024000040627B685B692D491343CB622B4BDB6ACF
:1024100023F400727B689B6928491343CB62274BE6
:10242000DB6A264A23F48073D362244B5A6C244B14
:1024300013407A68D269D200204913434B641F4B82
:10244000DB6A1E4A43F48073D3623B68002B06D1DB
:102450001A4BDB6A194A43F48003D3620FE03B68EE
:10246000012B06D1154BDB6A144A43F40003D362F7
:1024700005E0124BDB6A114A43F08073D3620F4BC5
:102480001B680E4A43F08053136003F005F9B860EF
:1024900008E003F001F90246BB68D31A022B01D908
:1024A000032306E0054B1B6803F00053002BF0D01C
:1024B000FB7B18461037BD4680BD00BF0044025864
:1024C0000700FFFF80B489B000AF78603960002357
:1024D000FB61894B7B6194E13B681A680121FB69D0
:1024E00001FA03F313403B613B69002B00F0868146
:1024F0003B685B6803F00303012B05D03B685B6816
:1025000003F00303022B30D17B689B68BB61FB693E
:102510005B00032202FA03F3DB43BA691340BB6199
:102520003B68DA68FB695B0002FA03F3BA6913439C
:10253000BB617B68BA699A607B685B68BB6101229A
:10254000FB6902FA03F3DB43BA691340BB613B68E2
:102550005B681B0903F00102FB6902FA03F3BA6925
:102560001343BB617B68BA695A603B685B6803F0E0
:102570000303032B17D07B68DB68BB61FB695B003F
:10258000032202FA03F3DB43BA691340BB613B68E1
:102590009A68FB695B0002FA03F3BA691343BB61F3
:1025A0007B68BA69DA603B685B6803F00303022B5F
:1025B00023D1FB69DA087B68083253F82230BB610B
:1025C000FB6903F007039B000F2202FA03F3DB43CE
:1025D000BA691340BB613B681A69FB6903F00703E2
:1025E0009B0002FA03F3BA691343BB61FB69DA0883
:1025F0007B680832B96943F822107B681B68BB61AD
:10260000FB695B00032202FA03F3DB43BA69134060
:10261000BB613B685B6803F00302FB695B0002FA85
:1026200003F3BA691343BB617B68BA691A603B68FC
:102630005B6803F44033002B00F0E0802F4BD3F8AD
:10264000F4302E4A43F00203C2F8F4302B4BD3F897
:10265000F43003F00203FB60FB68294AFB699B0826
:10266000023352F82330BB61FB6903F003039B0084
:102670000F2202FA03F3DB43BA691340BB617B68A4
:10268000204A934252D07B681F4A934231D07B68E4
:102690001E4A93422BD07B681D4A934225D07B680B
:1026A0001C4A93421FD07B681B4A934219D07B6817
:1026B0001A4A934213D07B68194A93420DD07B6823
:1026C000184A934207D07B68174A934201D10923E5
:1026D0002DE00A232BE0082329E0072327E0062327
:1026E00025E0052323E0042321E003231FE0022348
:1026F0001DE001231BE000BF800000580044025889
:102700000004005800000258000402580008025853
:10271000000C025800100258001402580018025809
:10272000001C025800200258002402580023FA69B5
:1027300002F0030292009340BA691343BB61384927
:10274000FB699B080233BA6941F823204FF0B0437C
:102750001B68BB613B69DB43BA691340BB613B68E3
:102760005B6803F48013002B03D0BA693B69134301
:10277000BB614FF0B042BB6913604FF0B0435B6880
:10278000BB613B69DB43BA691340BB613B685B6873
:1027900003F40013002B03D0BA693B691343BB61F8
:1027A0004FF0B042BB6953607B695B68BB613B69BA
:1027B000DB43BA691340BB613B685B6803F40033D9
:1027C000002B03D0BA693B691343BB617B69BA69CB
:1027D0005A607B691B68BB613B69DB43BA69134084
:1027E000BB613B685B6803F48033002B03D0BA699C
:1027F0003B691343BB617B69BA691A60FB690133AA
:10280000FB613B681A68FB6922FA03F3002B7FF433
:1028100063AE00BF00BF2437BD465DF8047B704740
:102820000004005880B485B000AF78600B467B8010
:102830007B681A697B881340002B02D00123FB734D
:1028400001E00023FB73FB7B18461437BD465DF89F
:10285000047B704780B483B000AF78600B467B8008
:1028600013467B707B78002B03D07A887B689A6153
:1028700003E07B881A047B689A6100BF0C37BD4671
:102880005DF8047B7047000080B586B000AF7860CB
:1028900002F002FF38617B68002B01D1012316E3AF
:1028A0007B681B68664A93424AD07B681B68654A0E
:1028B000934245D07B681B68634A934240D07B6853
:1028C0001B68624A93423BD07B681B68604A934214
:1028D00036D07B681B685F4A934231D07B681B68A7
:1028E0005D4A93422CD07B681B685C4A934227D098
:1028F0007B681B685A4A934222D07B681B68594AFE
:1029000093421DD07B681B68574A934218D07B685E
:102910001B68564A934213D07B681B68544A934203
:102920000ED07B681B68534A934209D07B681B68B2
:10293000514A934204D07B681B68504A934201D1AC
:10294000012300E00023002B00F03B817B68022282
:1029500083F835207B68002283F834207B681B686D
:10296000374A93424AD07B681B68364A934245D027
:102970007B681B68344A934240D07B681B68334AAB
:1029800093423BD07B681B68314A934236D07B68C8
:102990001B68304A934231D07B681B682E4A9342B1
:1029A0002CD07B681B682D4A934227D07B681B681C
:1029B0002B4A934222D07B681B682A4A93421DD03F
:1029C0007B681B68284A934218D07B681B68274A9B
:1029D000934213D07B681B68254A93420ED07B68D4
:1029E0001B68244A934209D07B681B68224A9342A1
:1029F00004D07B681B68214A934208D17B681B681E
:102A00001A687B681B6822F001021A6007E07B6885
:102A10001B681A687B681B6822F001021A602FE0AD
:102A200002F03AFE02463B69D31A052B28D97B688F
:102A300020225A657B68032283F83520012346E271
:102A400010000240280002404000024058000240AE
:102A50007000024088000240A0000240B80002401E
:102A6000100402402804024040040240580402407E
:102A70007004024088040240A0040240B8040240EE
:102A80007B681B681B6803F00103002BC8D17B68BF
:102A90001B681B687B617A69834B13407B617B6891
:102AA0009A687B68DB681A437B681B691A437B68FA
:102AB0005B691A437B689B691A437B68DB691A432D
:102AC0007B681B6A13437A6913437B617B685B6A8B
:102AD000042B07D17B68DA6A7B681B6B13437A6926
:102AE00013437B61714B1A68714B1340B3F1005F64
:102AF00028D37B685B68282B03D97B685B682E2B07
:102B000017D97B685B683E2B03D97B685B68422BD7
:102B10000FD97B685B68462B03D97B685B68482BC1
:102B200007D97B685B684E2B05D97B685B68522BA5
:102B300001D8012300E00023002B03D07B6943F47C
:102B400080137B617B681B687A691A607B681B68ED
:102B50005B697B617B6923F007037B617B685B6A50
:102B60007A6913437B617B685B6A042B17D17B68AE
:102B70009B6A7A6913437B617B68DB6A002B0ED00A
:102B8000786802F03FFB0346002B08D07B684022A8
:102B90005A657B68012283F83520012397E17B6821
:102BA0001B687A695A61786802F07AFA0346BB605A
:102BB0007B68DB6D03F01F033F229A40BB689A607D
:102BC000CDE07B681B683B4A934222D07B681B6840
:102BD000394A93421DD07B681B68384A934218D00B
:102BE0007B681B68364A934213D07B681B68354A62
:102BF00093420ED07B681B68334A934209D07B68AE
:102C00001B68324A934204D07B681B68304A934267
:102C100001D1012300E00023002B00F097807B68A6
:102C20001B68244A934221D07B681B68224A934246
:102C30001CD07B681B68214A934217D07B681B68B5
:102C40001F4A934212D07B681B681E4A93420DD0E4
:102C50007B681B681C4A934208D07B681B681B4A30
:102C6000934203D07B681B68194A93427B68022217
:102C700083F835207B68002283F834207B681B684A
:102C80001B687B617A69134B13407B617B689B688F
:102C9000402B21D07B689B68802B02D14FF480436E
:102CA0001BE0002319E000BF3F8010FE0010005C15
:102CB0000000FFFF085402581C54025830540258B8
:102CC00044540258585402586C54025880540258C4
:102CD000945402580F00FEFF10237A68D268D2087D
:102CE0001A437B681B69DB081A437B685B69DB0856
:102CF0001A437B689B69DB081A437B68DB69DB0846
:102D00001A437B681B6A1B0913437A6913437B616F
:102D10007B681B687A691A607B681B681A466E4B71
:102D200013446E4AA2FB03231B099A007B68DA65F1
:102D3000786802F0B5F90346FB607B68DB6D03F051
:102D40001F0301229A40FB685A6008E07B6840221A
:102D50005A657B68032283F835200123B7E07B683E
:102D60001B685F4A934272D07B681B685D4A93423E
:102D70006DD07B681B685C4A934268D07B681B6897
:102D80005A4A934263D07B681B68594A93425ED08B
:102D90007B681B68574A934259D07B681B68564A28
:102DA000934254D07B681B68544A93424FD07B684F
:102DB0001B68534A93424AD07B681B68514A93422E
:102DC00045D07B681B68504A934240D07B681B68A3
:102DD0004E4A93423BD07B681B684D4A934236D0A3
:102DE0007B681B684B4A934231D07B681B684A4A18
:102DF00093422CD07B681B68484A934227D07B685B
:102E00001B68474A934222D07B681B68454A93421D
:102E10001DD07B681B68444A934218D07B681B68AE
:102E2000424A934213D07B681B68414A93420ED0BA
:102E30007B681B683F4A934209D07B681B683E4A07
:102E4000934204D07B681B683C4A934201D1012322
:102E500000E00023002B32D0786802F04FFA7B6844
:102E60009B68802B02D17B6800225A607B685A687D
:102E70007B681B6ED2B21A607B685B6E7A68926E5A
:102E80005A607B685B68002B10D07B685B68082BFE
:102E90000CD8786802F0CCFA7B68DB6E00221A60EE
:102EA0007B681B6F7A68526F5A6008E07B6800226B
:102EB000DA667B6800221A677B6800225A677B68A3
:102EC00000225A657B68012283F8352000231846CA
:102ED0001837BD4680BD00BFF8ABFDA7CDCCCCCC2C
:102EE000100002402800024040000240580002400A
:102EF0007000024088000240A0000240B80002407A
:102F000010040240280402404004024058040240D9
:102F10007004024088040240A0040240B804024049
:102F2000085402581C540258305402584454025851
:102F3000585402586C540258805402589454025801
:102F400080B586B000AFF860B9607A603B6000235E
:102F5000FB75FB68002B01D1012326E2FB6893F887
:102F60003430012B01D102231FE2FB68012283F8D8
:102F70003420FB6893F83530DBB2012B40F00A8235
:102F8000FB68022283F83520FB6800225A65FB6843
:102F90001B68684A93424AD0FB681B68664A9342A2
:102FA00045D0FB681B68654A934240D0FB681B68AC
:102FB000634A93423BD0FB681B68624A934236D017
:102FC000FB681B68604A934231D0FB681B685F4A0C
:102FD00093422CD0FB681B685D4A934227D0FB6864
:102FE0001B685C4A934222D0FB681B685A4A934292
:102FF0001DD0FB681B68594A934218D0FB681B68B8
:10300000574A934213D0FB681B68564A93420ED02E
:10301000FB681B68544A934209D0FB681B68534AFB
:10302000934204D0FB681B68514A934208D1FB6865
:103030001B681A68FB681B6822F001021A6007E02F
:10304000FB681B681A68FB681B6822F001021A60A3
:103050003B687A68B968F86801F076FEFB681B681F
:10306000344A93424AD0FB681B68334A934245D0A6
:10307000FB681B68314A934240D0FB681B68304AAA
:1030800093423BD0FB681B682E4A934236D0FB68C4
:103090001B682D4A934231D0FB681B682B4A934230
:1030A0002CD0FB681B682A4A934227D0FB681B6818
:1030B000284A934222D0FB681B68274A93421DD0BE
:1030C000FB681B68254A934218D0FB681B68244A9A
:1030D000934213D0FB681B68224A93420ED0FB68D0
:1030E0001B68214A934209D0FB681B681F4A934220
:1030F00004D0FB681B681E4A934201D1012300E003
:103100000023002B36D0FB681B681B6823F01E02CF
:10311000FB681B6842F016021A60FB681B6C002BF0
:103120003ED0FB681B681A68FB681B6842F0080207
:103130001A6035E0100002402800024040000240C2
:10314000580002407000024088000240A000024087
:10315000B80002401004024028040240400402402B
:10316000580402407004024088040240A004024057
:10317000B8040240FB681B681B6823F00E02FB6862
:103180001B6842F00A021A60FB681B6C002B07D018
:10319000FB681B681A68FB681B6842F004021A602F
:1031A000FB681B68834A934272D0FB681B68824AA3
:1031B00093426DD0FB681B68804A934268D0FB68DD
:1031C0001B687F4A934263D0FB681B687D4A934229
:1031D0005ED0FB681B687C4A934259D0FB681B6831
:1031E0007A4A934254D0FB681B68794A93424FD085
:1031F000FB681B68774A93424AD0FB681B68764A93
:10320000934245D0FB681B68744A934240D0FB68E8
:103210001B68734A93423BD0FB681B68714A934218
:1032200036D0FB681B68704A934231D0FB681B683C
:103230006E4A93422CD0FB681B686D4A934227D09C
:10324000FB681B686B4A934222D0FB681B686A4A82
:1032500093421DD0FB681B68684A934218D0FB68F4
:103260001B68674A934213D0FB681B68654A934208
:103270000ED0FB681B68644A934209D0FB681B6848
:10328000624A934204D0FB681B68614A934201D1B1
:10329000012300E00023002B1AD0FB681B6E1B6883
:1032A00003F48033002B07D0FB681B6E1A68FB68A1
:1032B0001B6E42F480721A60FB68DB6E002B07D035
:1032C000FB68DB6E1A68FB68DB6E42F480721A6082
:1032D000FB681B68374A93424AD0FB681B68364A32
:1032E000934245D0FB681B68344A934240D0FB6848
:1032F0001B68334A93423BD0FB681B68314A9342B8
:1033000036D0FB681B68304A934231D0FB681B689B
:103310002E4A93422CD0FB681B682D4A934227D03B
:10332000FB681B682B4A934222D0FB681B682A4A21
:1033300093421DD0FB681B68284A934218D0FB6853
:103340001B68274A934213D0FB681B68254A9342A7
:103350000ED0FB681B68244A934209D0FB681B68A7
:10336000224A934204D0FB681B68214A934208D149
:10337000FB681B681A68FB681B6842F001021A6050
:1033800012E0FB681B681A68FB681B6842F00102C8
:103390001A6009E0FB684FF400625A65FB6800227E
:1033A00083F834200123FB75FB7D18461837BD4692
:1033B00080BD00BF100002402800024040000240D3
:1033C000580002407000024088000240A000024005
:1033D000B8000240100402402804024040040240A9
:1033E000580402407004024088040240A0040240D5
:1033F000B8040240085402581C5402583054025871
:1034000044540258585402586C540258805402587C
:103410009454025880B586B000AF786002F03CF951
:1034200038617B68002B01D10123DCE27B6893F8D3
:103430003530DBB2022B08D07B6880225A657B686E
:10344000002283F834200123CDE27B681B68764A92
:1034500093424AD07B681B68744A934245D07B688C
:103460001B68734A934240D07B681B68714A934241
:103470003BD07B681B68704A934236D07B681B68E0
:103480006E4A934231D07B681B686D4A93422CD0C0
:103490007B681B686B4A934227D07B681B686A4A2B
:1034A000934222D07B681B68684A93421DD07B6898
:1034B0001B68674A934218D07B681B68654A934231
:1034C00013D07B681B68644A93420ED07B681B68EC
:1034D000624A934209D07B681B68614A934204D0D8
:1034E0007B681B685F4A934201D1012300E00023FF
:1034F000002B13D07B681B681A687B681B6822F05E
:103500001E021A607B681B685A697B681B6822F080
:1035100080025A617B681B687B610AE07B681B68DC
:103520001A687B681B6822F00E021A607B681B68B1
:103530007B617B681B683C4A934272D07B681B6846
:103540003A4A93426DD07B681B68394A934268D0EF
:103550007B681B68374A934263D07B681B68364A96
:1035600093425ED07B681B68344A934259D07B6893
:103570001B68334A934254D07B681B68314A93429C
:103580004FD07B681B68304A93424AD07B681B68E7
:103590002E4A934245D07B681B682D4A934240D007
:1035A0007B681B682B4A93423BD07B681B682A4A86
:1035B000934236D07B681B68284A934231D07B689F
:1035C0001B68274A93422CD07B681B68254A93428C
:1035D00027D07B681B68244A934222D07B681B68F3
:1035E000224A93421DD07B681B68214A934218D01F
:1035F0007B681B681F4A934213D07B681B681E4A76
:1036000093420ED07B681B681C4A934209D07B68AA
:103610001B681B4A934204D07B681B68194A93427B
:1036200032D1012331E000BF1000024028000240E7
:1036300040000240580002407000024088000240F2
:10364000A0000240B80002401004024028040240DA
:1036500040040240580402407004024088040240C2
:10366000A0040240B8040240085402581C540258F6
:103670003054025844540258585402586C5402585A
:1036800080540258945402580023002B07D07B68C2
:103690001B6E1A687B681B6E22F480721A607B684E
:1036A0001B686D4A93424AD07B681B686B4A934201
:1036B00045D07B681B686A4A934240D07B681B6890
:1036C000684A93423BD07B681B68674A934236D076
:1036D0007B681B68654A934231D07B681B68644AEB
:1036E00093422CD07B681B68624A934227D07B6848
:1036F0001B68614A934222D07B681B685F4A9342F1
:103700001DD07B681B685E4A934218D07B681B689B
:103710005C4A934213D07B681B685B4A93420ED08D
:103720007B681B68594A934209D07B681B68584ADA
:10373000934204D07B681B68564A934208D17B6849
:103740001B681A687B681B6822F001021A6007E098
:103750007B681B681A687B681B6822F001021A608C
:1037600013E001F099FF02463B69D31A052B0CD9EF
:103770007B6820225A657B68032283F835207B68AA
:10378000002283F8342001232DE17B691B6803F0BC
:103790000103002BE5D17B681B682F4A93424AD076
:1037A0007B681B682D4A934245D07B681B682C4A76
:1037B000934240D07B681B682A4A93423BD07B6887
:1037C0001B68294A934236D07B681B68274A93427C
:1037D00031D07B681B68264A93422CD07B681B68DB
:1037E000244A934227D07B681B68234A934222D005
:1037F0007B681B68214A93421DD07B681B68204A66
:10380000934218D07B681B681E4A934213D07B6892
:103810001B681D4A93420ED07B681B681B4A93426B
:1038200009D07B681B681A4A934204D07B681B68E6
:10383000184A934201D1012300E00023002B2BD032
:103840007B689B6DBB607B68DB6D03F01F033F22D1
:103850009A40BB689A602AE01000024028000240AB
:1038600040000240580002407000024088000240C0
:10387000A0000240B80002401004024028040240A8
:103880004004024058040240700402408804024090
:10389000A0040240B80402407B689B6DFB607B681B
:1038A000DB6D03F01F0301229A40FB685A607B68BE
:1038B0001B684F4A934272D07B681B684D4A934203
:1038C0006DD07B681B684C4A934268D07B681B684C
:1038D0004A4A934263D07B681B68494A93425ED050
:1038E0007B681B68474A934259D07B681B68464AED
:1038F000934254D07B681B68444A93424FD07B6804
:103900001B68434A93424AD07B681B68414A9342F2
:1039100045D07B681B68404A934240D07B681B6857
:103920003E4A93423BD07B681B683D4A934236D067
:103930007B681B683B4A934231D07B681B683A4ADC
:1039400093422CD07B681B68384A934227D07B680F
:103950001B68374A934222D07B681B68354A9342E2
:103960001DD07B681B68344A934218D07B681B6863
:10397000324A934213D07B681B68314A93420ED07F
:103980007B681B682F4A934209D07B681B682E4ACC
:10399000934204D07B681B682C4A934201D10123D7
:1039A00000E00023002B15D07B685B6E7A68926E76
:1039B0005A607B68DB6E002B0CD07B68DB6E1A686C
:1039C0007B68DB6E22F480721A607B681B6F7A68FA
:1039D000526F5A607B68012283F835207B68002291
:1039E00083F83420002318461837BD4680BD00BF39
:1039F00010000240280002404000024058000240EF
:103A00007000024088000240A0000240B80002405E
:103A100010040240280402404004024058040240BE
:103A20007004024088040240A0040240B80402402E
:103A3000085402581C540258305402584454025836
:103A4000585402586C5402588054025894540258E6
:103A500080B584B000AF78607B68002B01D1012372
:103A600037E27B6893F83530DBB2022B04D07B68F9
:103A700080225A6501232CE27B681B685C4A9342D2
:103A80004AD07B681B685B4A934245D07B681B68C1
:103A9000594A934240D07B681B68584A93423BD0B6
:103AA0007B681B68564A934236D07B681B68554A30
:103AB000934231D07B681B68534A93422CD07B6879
:103AC0001B68524A934227D07B681B68504A934236
:103AD00022D07B681B684F4A93421DD07B681B68CD
:103AE0004D4A934218D07B681B684C4A934213D0CE
:103AF0007B681B684A4A93420ED07B681B68494A20
:103B0000934209D07B681B68474A934204D07B6884
:103B10001B68464A934201D1012300E00023002B99
:103B200000F086807B68042283F835207B681B6860
:103B30002F4A93424AD07B681B682E4A934245D055
:103B40007B681B682C4A934240D07B681B682B4AD9
:103B500093423BD07B681B68294A934236D07B68EE
:103B60001B68284A934231D07B681B68264A9342DF
:103B70002CD07B681B68254A934227D07B681B6842
:103B8000234A934222D07B681B68224A93421DD06D
:103B90007B681B68204A934218D07B681B681F4AC9
:103BA000934213D07B681B681D4A93420ED07B68FA
:103BB0001B681C4A934209D07B681B681A4A9342CF
:103BC00004D07B681B68194A934208D17B681B6844
:103BD0001A687B681B6822F001021A6078E17B6832
:103BE0001B681A687B681B6822F001021A606FE18B
:103BF00010000240280002404000024058000240ED
:103C00007000024088000240A0000240B80002405C
:103C100010040240280402404004024058040240BC
:103C20007004024088040240A0040240B80402402C
:103C30007B681B681A687B681B6822F00E021A609A
:103C40007B681B686C4A93424AD07B681B686B4A4E
:103C5000934245D07B681B68694A934240D07B6899
:103C60001B68684A93423BD07B681B68664A934254
:103C700036D07B681B68654A934231D07B681B68ED
:103C8000634A93422CD07B681B68624A934227D0D8
:103C90007B681B68604A934222D07B681B685F4A3E
:103CA00093421DD07B681B685D4A934218D07B68A5
:103CB0001B685C4A934213D07B681B685A4A934244
:103CC0000ED07B681B68594A934209D07B681B68F9
:103CD000574A934204D07B681B68564A934208D1E6
:103CE0007B681B681A687B681B6822F001021A60F7
:103CF00007E07B681B681A687B681B6822F001027A
:103D00001A607B681B683C4A934272D07B681B68D0
:103D10003A4A93426DD07B681B68394A934268D017
:103D20007B681B68374A934263D07B681B68364ABE
:103D300093425ED07B681B68344A934259D07B68BB
:103D40001B68334A934254D07B681B68314A9342C4
:103D50004FD07B681B68304A93424AD07B681B680F
:103D60002E4A934245D07B681B682D4A934240D02F
:103D70007B681B682B4A93423BD07B681B682A4AAE
:103D8000934236D07B681B68284A934231D07B68C7
:103D90001B68274A93422CD07B681B68254A9342B4
:103DA00027D07B681B68244A934222D07B681B681B
:103DB000224A93421DD07B681B68214A934218D047
:103DC0007B681B681F4A934213D07B681B681E4A9E
:103DD00093420ED07B681B681C4A934209D07B68D3
:103DE0001B681B4A934204D07B681B68194A9342A4
:103DF00032D1012331E000BF100002402800024010
:103E0000400002405800024070000240880002401A
:103E1000A0000240B8000240100402402804024002
:103E200040040240580402407004024088040240EA
:103E3000A0040240B8040240085402581C5402581E
:103E40003054025844540258585402586C54025882
:103E500080540258945402580023002B28D07B68C9
:103E60001B6E1A687B681B6E22F480721A607B6876
:103E70009B6DFB607B68DB6D03F01F0301229A40A2
:103E8000FB685A607B685B6E7A68926E5A607B68EA
:103E9000DB6E002B0CD07B68DB6E1A687B68DB6EF8
:103EA00022F480721A607B681B6F7A68526F5A60C6
:103EB0007B68012283F835207B68002283F8342058
:103EC0007B681B6D002B03D07B681B6D786898475F
:103ED000002318461037BD4680BD00BF80B58AB0AC
:103EE00000AF78600023FB60674B1B68674AA2FB4A
:103EF00003239B0A7B627B689B6D3B627B689B6DA7
:103F0000FB613B6A1B68BB61FB691B687B617B686B
:103F10001B685F4A93424AD07B681B685D4A9342A4
:103F200045D07B681B685C4A934240D07B681B6825
:103F30005A4A93423BD07B681B68594A934236D019
:103F40007B681B68574A934231D07B681B68564A8E
:103F500093422CD07B681B68544A934227D07B68DD
:103F60001B68534A934222D07B681B68514A934294
:103F70001DD07B681B68504A934218D07B681B6831
:103F80004E4A934213D07B681B684D4A93420ED031
:103F90007B681B684B4A934209D07B681B684A4A7E
:103FA000934204D07B681B68484A934201D10123A5
:103FB00000E00023002B00F02B847B68DB6D03F016
:103FC0001F0308229A40BB691340002B00F0A28017
:103FD0007B681B682E4A93424AD07B681B682D4A37
:103FE000934245D07B681B682B4A934240D07B6844
:103FF0001B682A4A93423BD07B681B68284A93423D
:1040000036D07B681B68274A934231D07B681B6897
:10401000254A93422CD07B681B68244A934227D0C0
:104020007B681B68224A934222D07B681B68214A26
:1040300093421DD07B681B681F4A934218D07B684F
:104040001B681E4A934213D07B681B681C4A93422C
:104050000ED07B681B681B4A934209D07B681B68A3
:10406000194A934204D07B681B68184A93422FD1A7
:104070007B681B681B6803F00403002B14BF01233B
:104080000023DBB22EE000BF00000024B5814E1BF0
:104090001000024028000240400002405800024048
:1040A0007000024088000240A0000240B8000240B8
:1040B0001004024028040240400402405804024018
:1040C0007004024088040240A0040240B804024088
:1040D0007B681B681B6803F00803002B14BF0123D7
:1040E0000023DBB2002B15D07B681B681A687B6845
:1040F0001B6822F004021A607B68DB6D03F01F036B
:1041000008229A403B6A9A607B685B6D43F001022B
:104110007B685A657B68DB6D03F01F03BA6922FA7E
:1041200003F303F00103002B6ED07B681B68694A20
:1041300093424AD07B681B68674A934245D07B68AC
:104140001B68664A934240D07B681B68644A93426E
:104150003BD07B681B68634A934236D07B681B6800
:10416000614A934231D07B681B68604A93422CD0ED
:104170007B681B685E4A934227D07B681B685D4A58
:10418000934222D07B681B685B4A93421DD07B68B8
:104190001B685A4A934218D07B681B68584A93425E
:1041A00013D07B681B68574A93420ED07B681B680C
:1041B000554A934209D07B681B68544A934204D005
:1041C0007B681B68524A93420AD17B681B685B6913
:1041D00003F08003002B14BF01230023DBB203E0B4
:1041E0007B681B681B680023002B0DD07B68DB6D90
:1041F00003F01F0301229A403B6A9A607B685B6D63
:1042000043F002027B685A657B68DB6D03F01F0395
:1042100004229A40BB691340002B00F08F807B681A
:104220001B682C4A93424AD07B681B682A4A9342F7
:1042300045D07B681B68294A934240D07B681B6845
:10424000274A93423BD07B681B68264A934236D06C
:104250007B681B68244A934231D07B681B68234AE1
:1042600093422CD07B681B68214A934227D07B68FD
:104270001B68204A934222D07B681B681E4A9342E7
:104280001DD07B681B681D4A934218D07B681B6851
:104290001B4A934213D07B681B681A4A93420ED084
:1042A0007B681B68184A934209D07B681B68174AD1
:1042B000934204D07B681B68154A93422AD17B68DD
:1042C0001B681B6803F00203002B14BF01230023AB
:1042D000DBB223E010000240280002404000024010
:1042E000580002407000024088000240A0000240D6
:1042F000B80002401004024028040240400402407A
:10430000580402407004024088040240A0040240A5
:10431000B80402407B681B681B680023002B0DD08B
:104320007B68DB6D03F01F0304229A403B6A9A60AE
:104330007B685B6D43F004027B685A657B68DB6DCC
:1043400003F01F0310229A40BB691340002B00F0BA
:10435000A6807B681B68854A93424AD07B681B68AD
:10436000834A934245D07B681B68824A934240D07F
:104370007B681B68804A93423BD07B681B687F4AFE
:10438000934236D07B681B687D4A934231D07B686C
:104390001B687C4A93422CD07B681B687A4A934204
:1043A00027D07B681B68794A934222D07B681B68C0
:1043B000774A93421DD07B681B68764A934218D097
:1043C0007B681B68744A934213D07B681B68734AEE
:1043D00093420ED07B681B68714A934209D07B6878
:1043E0001B68704A934204D07B681B686E4A9342F4
:1043F0000AD17B681B681B6803F00803002B14BFFD
:1044000001230023DBB209E07B681B681B6803F013
:104410000403002B14BF01230023DBB2002B3ED08A
:104420007B68DB6D03F01F0310229A403B6A9A60A1
:104430007B681B681B6803F48023002B18D07B6803
:104440001B681B6803F40023002B08D17B681B6CDE
:10445000002B24D07B681B6C786898471FE07B6832
:104460009B6C002B1BD07B689B6C7868984716E090
:104470007B681B681B6803F48073002B07D17B6883
:104480001B681A687B681B6822F008021A607B6848
:104490001B6C002B03D07B681B6C786898477B688B
:1044A000DB6D03F01F0320229A40BB691340002BF1
:1044B00000F010817B681B682C4A93424AD07B68CD
:1044C0001B682B4A934245D07B681B68294A93425C
:1044D00040D07B681B68284A93423BD07B681B68AE
:1044E000264A934236D07B681B68254A934231D0D6
:1044F0007B681B68234A93422CD07B681B68224A46
:10450000934227D07B681B68204A934222D07B6865
:104510001B681F4A93421DD07B681B681D4A93424B
:1045200018D07B681B681C4A934213D07B681B68B9
:104530001A4A93420ED07B681B68194A934209D0ED
:104540007B681B68174A934204D07B681B68164A35
:1045500093422BD17B681B681B6803F01003002B70
:1045600014BF01230023DBB22AE000BF1000024089
:104570002800024040000240580002407000024003
:1045800088000240A0000240B8000240100402402F
:1045900028040240400402405804024070040240D3
:1045A00088040240A0040240B80402407B681B68F3
:1045B0001B6803F00203002B14BF01230023DBB2AE
:1045C000002B00F087807B68DB6D03F01F03202247
:1045D0009A403B6A9A607B6893F83530DBB2042BD3
:1045E00039D17B681B681A687B681B6822F0160249
:1045F0001A607B681B685A697B681B6822F080021E
:104600005A617B681B6C002B03D17B689B6C002B71
:1046100007D07B681B681A687B681B6822F0080259
:104620001A607B68DB6D03F01F033F229A403B6AF0
:104630009A607B68012283F835207B68002283F82A
:1046400034207B681B6D002B00F04A837B681B6D58
:104650007868984744E37B681B681B6803F48023F1
:10466000002B18D07B681B681B6803F40023002B09
:1046700008D17B685B6C002B2CD07B685B6C786806
:10468000984727E07B68DB6B002B23D07B68DB6BD4
:10469000786898471EE07B681B681B6803F480738A
:1046A000002B0FD17B681B681A687B681B6822F09F
:1046B00010021A607B68012283F835207B68002293
:1046C00083F834207B68DB6B002B03D07B68DB6BCB
:1046D000786898477B685B6D002B00F006837B68E9
:1046E0005B6D03F00103002B00F088807B680422DF
:1046F00083F835207B681B687A4A93424AD07B68EE
:104700001B68794A934245D07B681B68774A93427D
:1047100040D07B681B68764A93423BD07B681B681D
:10472000744A934236D07B681B68734A934231D0F7
:104730007B681B68714A93422CD07B681B68704A67
:10474000934227D07B681B686E4A934222D07B68D5
:104750001B686D4A93421DD07B681B686B4A93426D
:1047600018D07B681B686A4A934213D07B681B6829
:10477000684A93420ED07B681B68674A934209D00F
:104780007B681B68654A934204D07B681B68644A57
:10479000934208D17B681B681A687B681B6822F00B
:1047A00001021A6007E07B681B681A687B681B6857
:1047B00022F001021A60FB680133FB607A6A9A42B8
:1047C00007D37B681B681B6803F00103002BF2D141
:1047D00000E000BF7B681B681B6803F00103002B2F
:1047E00004D07B68032283F8352003E07B68012234
:1047F00083F835207B68002283F834207B68DB6CEB
:10480000002B00F072827B68DB6C786898476CE262
:104810007B681B68434A934222D07B681B68424AEC
:1048200093421DD07B681B68404A934218D07B6836
:104830001B683F4A934213D07B681B683D4A9342F2
:104840000ED07B681B683C4A934209D07B681B688A
:104850003A4A934204D07B681B68394A934201D19B
:10486000012300E00023002B00F03F827B681B68DF
:104870001B683B617B68DB6D03F01F0304229A40D9
:104880007B691340002B00F0CD803B6903F00403EB
:10489000002B00F0C7807B68DB6D03F01F03042250
:1048A0009A40FB695A603B6903F40043002B49D0EE
:1048B0003B6903F48033002B09D17B689B6C002B90
:1048C00000F010827B689B6C786898470AE27B68EE
:1048D0001B6C002B00F006827B681B6C7868984785
:1048E00000E200BF100002402800024040000240E9
:1048F000580002407000024088000240A0000240C0
:10490000B800024010040240280402404004024063
:10491000580402407004024088040240A00402408F
:10492000B8040240085402581C540258305402582B
:1049300044540258585402586C5402588054025837
:10494000945402583B6903F02003002B60D17B682C
:104950001B687F4A93424AD07B681B687D4A93421A
:1049600045D07B681B687C4A934240D07B681B68BB
:104970007A4A93423BD07B681B68794A934236D08F
:104980007B681B68774A934231D07B681B68764A04
:1049900093422CD07B681B68744A934227D07B6873
:1049A0001B68734A934222D07B681B68714A93420A
:1049B0001DD07B681B68704A934218D07B681B68C7
:1049C0006E4A934213D07B681B686D4A93420ED0A7
:1049D0007B681B686B4A934209D07B681B686A4AF4
:1049E000934204D07B681B68684A934208D17B6875
:1049F0001B681A687B681B6822F008021A6007E0CF
:104A00007B681B681A687B681B6822F004021A60C6
:104A10007B681B6C002B00F065817B681B6C7868E1
:104A200098475FE17B68DB6D03F01F0302229A4029
:104A30007B691340002B00F0C5803B6903F0020343
:104A4000002B00F0BF807B68DB6D03F01F030222A8
:104A50009A40FB695A603B6903F40043002B18D06D
:104A60003B6903F48033002B09D17B685B6C002B1E
:104A700000F03A817B685B6C7868984734E17B682A
:104A8000DB6B002B00F030817B68DB6B786898472C
:104A90002AE13B6903F02003002B40F089807B680A
:104AA0001B682B4A93424AD07B681B68294A934271
:104AB00045D07B681B68284A934240D07B681B68BE
:104AC000264A93423BD07B681B68254A934236D0E6
:104AD0007B681B68234A934231D07B681B68224A5B
:104AE00093422CD07B681B68204A934227D07B6876
:104AF0001B681F4A934222D07B681B681D4A934261
:104B00001DD07B681B681C4A934218D07B681B68C9
:104B10001A4A934213D07B681B68194A93420ED0FD
:104B20007B681B68174A934209D07B681B68164A4A
:104B3000934204D07B681B68144A934228D17B6857
:104B40001B681A687B681B6822F014021A6027E051
:104B5000100002402800024040000240580002407D
:104B60007000024088000240A0000240B8000240ED
:104B7000100402402804024040040240580402404D
:104B80007004024088040240A0040240B8040240BD
:104B90007B681B681A687B681B6822F00A021A602F
:104BA0007B68012283F835207B68002283F834205B
:104BB0007B68DB6B002B00F097807B68DB6B786891
:104BC000984791E07B68DB6D03F01F0308229A4051
:104BD0007B691340002B00F088803B6903F00803D9
:104BE000002B00F082807B681B68414A93424AD0C8
:104BF0007B681B683F4A934245D07B681B683E4AEE
:104C0000934240D07B681B683C4A93423BD07B6810
:104C10001B683B4A934236D07B681B68394A9342F3
:104C200031D07B681B68384A93422CD07B681B6864
:104C3000364A934227D07B681B68354A934222D07C
:104C40007B681B68334A93421DD07B681B68324ADD
:104C5000934218D07B681B68304A934213D07B681C
:104C60001B682F4A93420ED07B681B682D4A9342E3
:104C700009D07B681B682C4A934204D07B681B6870
:104C80002A4A934208D17B681B681A687B681B68B4
:104C900022F01C021A6007E07B681B681A687B68B8
:104CA0001B6822F00E021A607B68DB6D03F01F03A5
:104CB00001229A40FB695A607B6801225A657B6831
:104CC000012283F835207B68002283F834207B683A
:104CD000DB6C002B09D07B68DB6C7868984704E0BC
:104CE00000BF02E000BF00E000BF2837BD4680BD26
:104CF00010000240280002404000024058000240DC
:104D00007000024088000240A0000240B80002404B
:104D100010040240280402404004024058040240AB
:104D20007004024088040240A0040240B80402401B
:104D300080B483B000AF78607B685B6D18460C3739
:104D4000BD465DF8047B704780B487B000AFF86063
:104D5000B9607A603B60FB689B6D7B61FB689B6D13
:104D60003B61FB681B687F4A934272D0FB681B68FB
:104D70007D4A93426DD0FB681B687C4A934268D0A1
:104D8000FB681B687A4A934263D0FB681B68794AC8
:104D900093425ED0FB681B68774A934259D0FB6808
:104DA0001B68764A934254D0FB681B68744A93424E
:104DB0004FD0FB681B68734A93424AD0FB681B685C
:104DC000714A934245D0FB681B68704A934240D0B9
:104DD000FB681B686E4A93423BD0FB681B686D4AB8
:104DE000934236D0FB681B686B4A934231D0FB6814
:104DF0001B686A4A93422CD0FB681B68684A93423E
:104E000027D0FB681B68674A934222D0FB681B6867
:104E1000654A93421DD0FB681B68644A934218D0D0
:104E2000FB681B68624A934213D0FB681B68614AA7
:104E300093420ED0FB681B685F4A934209D0FB681F
:104E40001B685E4A934204D0FB681B685C4A93422D
:104E500001D1012300E00023002B0DD0FB685B6E25
:104E6000FA68926E5A60FB68DB6E002B04D0FB6818
:104E70001B6FFA68526F5A60FB681B68394A93428D
:104E80004AD0FB681B68384A934245D0FB681B68D0
:104E9000364A934240D0FB681B68354A93423BD068
:104EA000FB681B68334A934236D0FB681B68324A62
:104EB000934231D0FB681B68304A93422CD0FB6888
:104EC0001B682F4A934227D0FB681B682D4A9342E8
:104ED00022D0FB681B682C4A93421DD0FB681B68DC
:104EE0002A4A934218D0FB681B68294A934213D080
:104EF000FB681B68274A93420ED0FB681B68264A52
:104F0000934209D0FB681B68244A934204D0FB6893
:104F10001B68234A934201D1012300E00023002BA8
:104F200059D0FB68DB6D03F01F033F229A407B6979
:104F30009A60FB681B681A68FB681B6822F4802271
:104F40001A60FB681B683A685A60FB689B68402BD4
:104F500038D1FB681B687A689A60FB681B68BA687E
:104F6000DA6086E010000240280002404000024063
:104F7000580002407000024088000240A000024039
:104F8000B8000240100402402804024040040240DD
:104F9000580402407004024088040240A004024009
:104FA000B8040240085402581C54025830540258A5
:104FB00044540258585402586C54025880540258B1
:104FC00094540258FB681B68BA689A60FB681B68B7
:104FD0007A68DA604DE0FB681B68294A934222D068
:104FE000FB681B68274A93421DD0FB681B68264A52
:104FF000934218D0FB681B68244A934213D0FB6885
:105000001B68234A93420ED0FB681B68214A9342D7
:1050100009D0FB681B68204A934204D0FB681B68D8
:105020001E4A934201D1012300E00023002B20D02F
:10503000FB68DB6D03F01F0301229A403B695A6055
:10504000FB681B683A685A60FB689B68402B08D174
:10505000FB681B687A689A60FB681B68BA68DA604C
:1050600007E0FB681B68BA689A60FB681B687A688F
:10507000DA6000BF1C37BD465DF8047B704700BF97
:10508000085402581C5402583054025844540258D0
:10509000585402586C540258805402589454025880
:1050A00080B485B000AF78607B681B68424A934249
:1050B0004AD07B681B68414A934245D07B681B6895
:1050C0003F4A934240D07B681B683E4A93423BD0A4
:1050D0007B681B683C4A934236D07B681B683B4A1E
:1050E000934231D07B681B68394A93422CD07B684D
:1050F0001B68384A934227D07B681B68364A934224
:1051000022D07B681B68354A93421DD07B681B68A0
:10511000334A934218D07B681B68324A934213D0BB
:105120007B681B68304A93420ED07B681B682F4A0D
:10513000934209D07B681B682D4A934204D07B6858
:105140001B682C4A934201D1012300E00023002B6D
:1051500024D07B681B68DBB2103B274AA2FB0323E9
:105160001B09FB60FB6803F00703244AD35C1A4663
:105170007B68DA65FB68032B08D97B681B681A46D5
:105180001F4B13401A1D7B689A650DE07B681B68F6
:105190001A461B4B13407A68936505E07B681B68D1
:1051A00023F0FF027B689A657B689B6D1846143775
:1051B000BD465DF8047B70471000024028000240A5
:1051C0004000024058000240700002408800024047
:1051D000A0000240B800024010040240280402402F
:1051E0004004024058040240700402408804024017
:1051F000A0040240B8040240ABAAAAAA8C930108FA
:1052000000FCFFFF80B485B000AF78600023FB7323
:105210007B689B69002B20D17B689B6A032B58D845
:1052200001A252F823F000BF395201084B52010885
:1052300039520108D35201087B68DB6A03F080739E
:10524000002B48D00123FB7345E07B68DB6AB3F198
:10525000C07F42D10123FB733FE07B689B69B3F5BC
:10526000005F23D17B689B6A032B38D801A252F8D8
:1052700023F000BF855201088B52010885520108B6
:105280009D5201080123FB7330E07B68DB6A03F069
:105290008073002B25D00123FB7322E07B68DB6A3F
:1052A000B3F1C07F1FD10123FB731CE07B689B6AB5
:1052B000022B02D9032B03D018E00123FB7315E066
:1052C0007B68DB6A03F08073002B0ED00123FB7335
:1052D0000BE000BF0AE000BF08E000BF06E000BF2F
:1052E00004E000BF02E000BF00E000BFFB7B184607
:1052F0001437BD465DF8047B704700BF80B485B0AD
:1053000000AF78607B681B68BB607B681B68384AAD
:10531000934222D07B681B68364A93421DD07B683B
:105320001B68354A934218D07B681B68334A934206
:1053300013D07B681B68324A93420ED07B681B688F
:10534000304A934209D07B681B682F4A934204D0AD
:105350007B681B682D4A934201D1012300E00023A2
:10536000002B1AD07B681B68DBB2083B284AA2FBE3
:1053700003231B09FB60FA68264B13449B001A4663
:105380007B681A667B68244A5A66FB6803F01F0331
:1053900001229A407B689A6624E07B681B68DBB236
:1053A000103B1E4AA2FB03231B09FB60BB681C4A7F
:1053B000934206D8BB681B4A934202D9FB68083364
:1053C000FB60FA68184B13449B001A467B681A6608
:1053D0007B68164A5A66FB6803F01F0301229A4055
:1053E0007B689A6600BF1437BD465DF8047B704742
:1053F000085402581C54025830540258445402585D
:10540000585402586C54025880540258945402580C
:10541000CDCCCCCC0096001680580258ABAAAAAAD4
:10542000B80402400F0402400082001080080240CD
:1054300080B485B000AF78607B685B68DBB2FB60EE
:10544000FB68002B4AD0FB68082B47D87B681B6899
:10545000254A934222D07B681B68244A93421DD080
:105460007B681B68224A934218D07B681B68214ADC
:10547000934213D07B681B681F4A93420ED07B680F
:105480001B681E4A934209D07B681B681C4A9342E2
:1054900004D07B681B681B4A934201D1012300E0C2
:1054A0000023002B0AD0FA68174B13449B001A46BE
:1054B0007B68DA667B68154A1A6709E0FA68144B5C
:1054C00013449B001A467B68DA667B68114A1A67A8
:1054D000FB68013B01229A407B685A6700BF143782
:1054E000BD465DF8047B7047085402581C540258AE
:1054F0003054025844540258585402586C540258BC
:1055000080540258945402583F960016405902584D
:105510003F8200104009024080B584B000AF78603F
:10552000194BDB6803F00403042B0AD0164BDB682D
:1055300003F007037A689A4201D001231FE0002399
:105540001DE0114BDB6823F007020F497B68134312
:10555000CB6000F0A1F8F86009E000F09DF8024689
:10556000FB68D31AB3F57A7F01D9012307E0064B14
:105570005B6803F40053B3F5005FEED100231846D7
:105580001037BD4680BD00BF0048025880B582B0CC
:1055900000AF0320F8F776FFFAF792FF0246154BAB
:1055A0009B691B0A03F00F031349CB5C03F01F0335
:1055B00022FA03F37B600F4B9B6903F00F030E4A43
:1055C000D35C03F01F037A6822FA03F30B4A1360DB
:1055D0000B4A7B681360002000F014F80346002B90
:1055E00001D0012302E0EDF75FF8002318460837E9
:1055F000BD4680BD004402586C930108040000249D
:105600000000002480B582B000AF7860154B1B7895
:10561000002B01D1012321E0134B1A68114B1B7899
:1056200019464FF47A73B3FBF1F3B2FBF3F3184668
:10563000F8F75BFF0346002B01D001230EE07B68E7
:105640000F2B0AD8002279684FF0FF30F8F725FFBA
:10565000064A7B681360002300E0012318460837E0
:10566000BD4680BD2C0C002400000024280C002422
:1056700080B400AF064B1B781A46064B1B681344D8
:10568000044A136000BFBD465DF8047B704700BF4D
:105690002C0C0024FC26002480B400AF034B1B68B4
:1056A0001846BD465DF8047B704700BFFC26002409
:1056B00080B400AF034B1B681B0C1846BD465DF859
:1056C000047B70470010005C80B582B000AF78604A
:1056D0007B68002B01D1012349E07B6893F83D30C2
:1056E000DBB2002B06D17B68002283F83C2078686F
:1056F000EBF7AEFC7B68022283F83D207B681A68DA
:105700007B6804331946104600F03CFC7B6801229C
:1057100083F848207B68012283F83E207B680122C1
:1057200083F83F207B68012283F840207B680122B8
:1057300083F841207B68012283F842207B680122A4
:1057400083F843207B68012283F844207B68012290
:1057500083F845207B68012283F846207B6801227C
:1057600083F847207B68012283F83D2000231846F8
:105770000837BD4680BD000080B485B000AF7860BA
:105780007B6893F83D30DBB2012B01D0012354E05C
:105790007B68022283F83D207B681B68DA687B689F
:1057A0001B6842F00102DA607B681B68264A93425C
:1057B00022D07B681B68B3F1804F1DD07B681B68CB
:1057C000224A934218D07B681B68214A934213D027
:1057D0007B681B681F4A93420ED07B681B681E4A79
:1057E000934209D07B681B681C4A934204D07B68B3
:1057F0001B681B4A934215D17B681B689A68194B3A
:105800001340FB60FB68062B15D0FB68B3F5803FA7
:1058100011D07B681B681A687B681B6842F0010224
:105820001A6008E07B681B681A687B681B6842F096
:1058300001021A6000E000BF002318461437BD467D
:105840005DF8047B704700BF000001400004004089
:1058500000080040000C0040000401400018004017
:10586000004001400700010080B582B000AF7860C1
:105870007B68002B01D1012349E07B6893F83D3020
:10588000DBB2002B06D17B68002283F83C207868CD
:10589000EBF772FB7B68022283F83D207B681A6875
:1058A0007B6804331946104600F06CFB7B680122CC
:1058B00083F848207B68012283F83E207B68012220
:1058C00083F83F207B68012283F840207B68012217
:1058D00083F841207B68012283F842207B68012203
:1058E00083F843207B68012283F844207B680122EF
:1058F00083F845207B68012283F846207B680122DB
:1059000083F847207B68012283F83D200023184656
:105910000837BD4680BD80B582B000AF78607B6837
:10592000002B01D1012349E07B6893F83D30DBB2C5
:10593000002B06D17B68002283F83C207868EBF7C7
:105940003DFB7B68022283F83D207B681A687B68F8
:1059500004331946104600F015FB7B68012283F8DA
:1059600048207B68012283F83E207B68012283F86F
:105970003F207B68012283F840207B68012283F866
:1059800041207B68012283F842207B68012283F852
:1059900043207B68012283F844207B68012283F83E
:1059A00045207B68012283F846207B68012283F82A
:1059B00047207B68012283F83D20002318460837E2
:1059C000BD4680BD80B584B000AF78607B681B6841
:1059D000DB68FB607B681B681B69BB60BB6803F00E
:1059E0000203002B20D0FB6803F00203002B1BD026
:1059F0007B681B686FF002021A617B6801221A77CC
:105A00007B681B689B6903F00303002B03D0786855
:105A100000F09AFA05E0786800F08CFA786800F0F7
:105A20009DFA7B6800221A77BB6803F00403002B01
:105A300020D0FB6803F00403002B1BD07B681B689D
:105A40006FF004021A617B6802221A777B681B6878
:105A50009B6903F44073002B03D0786800F074FA5C
:105A600005E0786800F066FA786800F077FA7B68FD
:105A700000221A77BB6803F00803002B20D0FB68D4
:105A800003F00803002B1BD07B681B686FF0080233
:105A90001A617B6804221A777B681B68DB6903F054
:105AA0000303002B03D0786800F04EFA05E0786815
:105AB00000F040FA786800F051FA7B6800221A770B
:105AC000BB6803F01003002B20D0FB6803F0100329
:105AD000002B1BD07B681B686FF010021A617B687B
:105AE00008221A777B681B68DB6903F44073002B7C
:105AF00003D0786800F028FA05E0786800F01AFA18
:105B0000786800F02BFA7B6800221A77BB6803F0F4
:105B10000103002B0CD0FB6803F00103002B07D01E
:105B20007B681B686FF001021A617868F5F7AEFBBD
:105B3000BB6803F08003002B04D1BB6803F400535F
:105B4000002B0CD0FB6803F08003002B07D07B6890
:105B50001B686FF402521A61786800F051FFBB684D
:105B600003F48073002B0CD0FB6803F08003002B40
:105B700007D07B681B686FF480721A61786800F048
:105B800049FFBB6803F04003002B0CD0FB6803F017
:105B90004003002B07D07B681B686FF040021A613E
:105BA000786800F0E5F9BB6803F02003002B0CD007
:105BB000FB6803F02003002B07D07B681B686FF0A5
:105BC00020021A61786800F011FF00BF1037BD464F
:105BD00080BD80B586B000AFF860B9607A60002300
:105BE000FB75FB6893F83C30012B01D1022388E060
:105BF000FB68012283F83C207B68002B1BD1FB68EB
:105C00001868BB681968BB685A68BB68DB6800F035
:105C100035FDFB681B689A69FB681B6822F00C0263
:105C20009A61FB681B689969BB689A68FB681B6886
:105C30000A439A6160E07B68042B1CD1FB681868FA
:105C4000BB681968BB685A68BB68DB6800F08AFDEE
:105C5000FB681B689A69FB681B6822F440629A61C2
:105C6000FB681B689969BB689B681A02FB681B6824
:105C70000A439A6140E07B68082B1BD1FB681868D7
:105C8000BB681968BB685A68BB68DB6800F0A7FD91
:105C9000FB681B68DA69FB681B6822F00C02DA619A
:105CA000FB681B68D969BB689A68FB681B680A4374
:105CB000DA6121E07B680C2B1CD1FB681868BB689B
:105CC0001968BB685A68BB68DB6800F0C4FDFB68F4
:105CD0001B68DA69FB681B6822F44062DA61FB68C2
:105CE0001B68D969BB689B681A02FB681B680A437A
:105CF000DA6101E00123FB75FB68002283F83C2098
:105D0000FB7D18461837BD4680BD000080B586B0C3
:105D100000AFF860B9607A600023FB75FB6893F808
:105D20003C30012B01D10223FFE0FB68012283F804
:105D30003C207B68142B00F2F08001A252F823F083
:105D4000955D01081B5F01081B5F01081B5F0108CF
:105D5000D55D01081B5F01081B5F01081B5F01087F
:105D6000175E01081B5F01081B5F01081B5F01082C
:105D7000575E01081B5F01081B5F01081B5F0108DC
:105D8000995E01081B5F01081B5F01081B5F01088A
:105D9000D95E0108FB681B68B968184600F098F9DD
:105DA000FB681B689A69FB681B6842F008029A61ED
:105DB000FB681B689A69FB681B6822F004029A6101
:105DC000FB681B689969BB681A69FB681B680A4312
:105DD0009A61A5E0FB681B68B968184600F008FAEC
:105DE000FB681B689A69FB681B6842F400629A6151
:105DF000FB681B689A69FB681B6822F480629A61E1
:105E0000FB681B689969BB681B691A02FB681B6801
:105E10000A439A6184E0FB681B68B968184600F081
:105E200071FAFB681B68DA69FB681B6842F00802BC
:105E3000DA61FB681B68DA69FB681B6822F0040200
:105E4000DA61FB681B68D969BB681A69FB681B6863
:105E50000A43DA6164E0FB681B68B968184600F021
:105E6000D9FAFB681B68DA69FB681B6842F40062B8
:105E7000DA61FB681B68DA69FB681B6822F48062E0
:105E8000DA61FB681B68D969BB681B691A02FB6889
:105E90001B680A43DA6143E0FB681B68B96818466F
:105EA00000F022FBFB681B685A6DFB681B6842F020
:105EB00008025A65FB681B685A6DFB681B6822F074
:105EC00004025A65FB681B68596DBB681A69FB6858
:105ED0001B680A435A6523E0FB681B68B9681846CB
:105EE00000F066FBFB681B685A6DFB681B6842F498
:105EF00000625A65FB681B685A6DFB681B6822F4D8
:105F000080625A65FB681B68596DBB681B691A0281
:105F1000FB681B680A435A6502E00123FB7500BF5A
:105F2000FB68002283F83C20FB7D18461837BD46ED
:105F300080BD00BF80B483B000AF786000BF0C3775
:105F4000BD465DF8047B704780B483B000AF7860D5
:105F500000BF0C37BD465DF8047B704780B483B04A
:105F600000AF786000BF0C37BD465DF8047B70471A
:105F700080B483B000AF786000BF0C37BD465DF8D9
:105F8000047B704780B485B000AF786039607B686F
:105F90001B68FB607B68464A934213D07B68B3F171
:105FA000804F0FD07B68434A93420BD07B68424AB4
:105FB000934207D07B68414A934203D07B68404AB2
:105FC000934208D1FB6823F07003FB603B685B6879
:105FD000FA681343FB607B68354A93421FD07B68A5
:105FE000B3F1804F1BD07B68324A934217D07B6855
:105FF000314A934213D07B68304A93420FD07B687A
:106000002F4A93420BD07B682E4A934207D07B687D
:106010002D4A934203D07B682C4A934208D1FB68F7
:1060200023F44073FB603B68DB68FA681343FB6052
:10603000FB6823F080023B685B691343FB607B686D
:10604000FA681A603B689A687B68DA623B681A688B
:106050007B689A627B68164A93420FD07B68184A25
:1060600093420BD07B68174A934207D07B68164A4D
:10607000934203D07B68154A934203D13B681A6967
:106080007B681A637B6801225A617B681B6903F095
:106090000103012B05D17B681B6923F001027B689A
:1060A0001A6100BF1437BD465DF8047B704700BF1E
:1060B000000001400004004000080040000C0040C7
:1060C00000040140004001400044014000480140FC
:1060D00080B487B000AF786039607B681B6A7B61F1
:1060E0007B681B6A23F001027B681A627B685B682D
:1060F0003B617B689B69FB60FA68374B1340FB6030
:10610000FB6823F00303FB603B681B68FA681343DA
:10611000FB607B6923F002037B613B689B687A69C3
:1061200013437B617B682D4A93420FD07B682C4AD6
:1061300093420BD07B682B4A934207D07B682A4A54
:10614000934203D07B68294A93420CD17B6923F0A8
:1061500008037B613B68DB687A6913437B617B6979
:1061600023F004037B617B681C4A93420FD07B6859
:106170001B4A93420BD07B681A4A934207D07B6834
:10618000194A934203D07B68184A934211D13B6964
:1061900023F480733B613B6923F400733B613B68EC
:1061A0005B693A6913433B613B689B693A691343F6
:1061B0003B617B683A695A607B68FA689A613B6820
:1061C0005A687B685A637B687A691A6200BF1C3719
:1061D000BD465DF8047B70478FFFFEFF0000014065
:1061E00000040140004001400044014000480140DB
:1061F00080B487B000AF786039607B681B6A7B61D0
:106200007B681B6A23F010027B681A627B685B68FC
:106210003B617B689B69FB60FA68344B1340FB6011
:10622000FB6823F44073FB603B681B681B02FA6841
:106230001343FB607B6923F020037B613B689B6811
:106240001B017A6913437B617B68294A934203D01F
:106250007B68284A93420DD17B6923F080037B61E0
:106260003B68DB681B017A6913437B617B6923F020
:1062700040037B617B681E4A93420FD07B681D4AB6
:1062800093420BD07B681C4A934207D07B681B4A21
:10629000934203D07B681A4A934213D13B6923F49B
:1062A00080633B613B6923F400633B613B685B694E
:1062B0009B003A6913433B613B689B699B003A69C9
:1062C00013433B617B683A695A607B68FA689A615C
:1062D0003B685A687B689A637B687A691A6200BF78
:1062E0001C37BD465DF8047B704700BFFF8FFFFE83
:1062F0000000014000040140004001400044014012
:106300000048014080B487B000AF786039607B6896
:106310001B6A7B617B681B6A23F480727B681A624C
:106320007B685B683B617B68DB69FB60FA68334BC9
:106330001340FB60FB6823F00303FB603B681B68B2
:10634000FA681343FB607B6923F400737B613B684D
:106350009B681B027A6913437B617B68284A9342DE
:1063600003D07B68274A93420DD17B6923F40063F5
:106370007B613B68DB681B027A6913437B617B6945
:1063800023F480637B617B681D4A93420FD07B6856
:106390001C4A93420BD07B681B4A934207D07B6810
:1063A0001A4A934203D07B68194A934213D13B693E
:1063B00023F480533B613B6923F400533B613B680A
:1063C0005B691B013A6913433B613B689B691B0195
:1063D0003A6913433B617B683A695A607B68FA68A3
:1063E000DA613B685A687B68DA637B687A691A62AB
:1063F00000BF1C37BD465DF8047B70478FFFFEFF72
:106400000000014000040140004001400044014000
:106410000048014080B487B000AF786039607B6885
:106420001B6A3B617B681B6A23F480527B681A629B
:106430007B685B687B617B68DB69FB60FA68244B87
:106440001340FB60FB6823F44073FB603B681B68F0
:106450001B02FA681343FB603B6923F400533B6162
:106460003B689B681B033A6913433B617B68194A8D
:1064700093420FD07B68184A93420BD07B68174A2F
:10648000934207D07B68164A934203D07B68154A33
:10649000934209D17B6923F480437B613B685B694C
:1064A0009B017A6913437B617B687A695A607B68D8
:1064B000FA68DA613B685A687B681A647B683A69F3
:1064C0001A6200BF1C37BD465DF8047B704700BFF1
:1064D000FF8FFFFE0000014000040140004001402A
:1064E000004401400048014080B487B000AF7860AC
:1064F00039607B681B6A3B617B681B6A23F48032CE
:106500007B681A627B685B687B617B685B6DFB60A4
:10651000FA68214B1340FB603B681B68FA68134321
:10652000FB603B6923F400333B613B689B681B04C1
:106530003A6913433B617B68184A93420FD07B68EA
:10654000174A93420BD07B68164A934207D07B6868
:10655000154A934203D07B68144A934209D17B6960
:1065600023F480337B613B685B691B027A691343C8
:106570007B617B687A695A607B68FA685A653B6818
:106580005A687B689A657B683A691A6200BF1C3753
:10659000BD465DF8047B70478FFFFEFF00000140A1
:1065A0000004014000400140004401400048014017
:1065B00080B487B000AF786039607B681B6A3B614C
:1065C0007B681B6A23F480127B681A627B685B68B5
:1065D0007B617B685B6DFB60FA68224B1340FB605C
:1065E0003B681B681B02FA681343FB603B6923F49A
:1065F00000133B613B689B681B053A6913433B6191
:106600007B68194A93420FD07B68184A93420BD09B
:106610007B68174A934207D07B68164A934203D09F
:106620007B68154A934209D17B6923F480237B61FF
:106630003B685B699B027A6913437B617B687A697B
:106640005A607B68FA685A653B685A687B68DA6505
:106650007B683A691A6200BF1C37BD465DF8047B4F
:10666000704700BFFF8FFFFE0000014000040140A3
:1066700000400140004401400048014080B487B020
:1066800000AFF860B9607A603B60FB681B6A3B61F1
:10669000FB681B6A23F00102FB681A62FB689B69B6
:1066A0007B61FB68284A93421BD0FB68B3F1804FA3
:1066B00017D0FB68254A934213D0FB68244A9342C3
:1066C0000FD0FB68234A93420BD0FB68224A9342C7
:1066D00007D0FB68214A934203D0FB68204A9342CB
:1066E00001D1012300E00023002B08D07B6923F0B7
:1066F00003037B617A697B6813437B6103E07B69F9
:1067000043F001037B617B6923F0F0037B613B680D
:106710001B01DBB27A6913437B613B6923F00A03F7
:106720003B61BB6803F00A033A6913433B61FB68B2
:106730007A699A61FB683A691A6200BF1C37BD46E4
:106740005DF8047B704700BF00000140000400407A
:1067500000080040000C0040000401400018004008
:106760000040014080B487B000AFF860B9607A6043
:106770003B60FB681B6A7B61FB681B6A23F01002AD
:10678000FB681A62FB689B693B613B6923F44073B9
:106790003B617B681B023A6913433B613B6923F40D
:1067A00070433B613B681B039BB23A6913433B61F7
:1067B0007B6923F0A0037B61BB681B0103F0A0038E
:1067C0007A6913437B61FB683A699A61FB687A696D
:1067D0001A6200BF1C37BD465DF8047B704780B469
:1067E00087B000AFF860B9607A603B60FB681B6AF5
:1067F0007B61FB681B6A23F48072FB681A62FB688A
:10680000DB693B613B6923F003033B613A697B68C9
:1068100013433B613B6923F0F0033B613B681B0181
:10682000DBB23A6913433B617B6923F420637B61EC
:10683000BB681B0203F420637A6913437B61FB6826
:106840003A69DA61FB687A691A6200BF1C37BD4693
:106850005DF8047B704780B487B000AFF860B96022
:106860007A603B60FB681B6A7B61FB681B6A23F4F0
:106870008052FB681A62FB68DB693B613B6923F469
:1068800040733B617B681B023A6913433B613B6980
:1068900023F470433B613B681B039BB23A6913438B
:1068A0003B617B6923F420437B61BB681B0303F4DA
:1068B00020437A6913437B61FB683A69DA61FB68BC
:1068C0007A691A6200BF1C37BD465DF8047B7047C9
:1068D00080B485B000AF786039607B6893F83C3055
:1068E000012B01D102236DE07B68012283F83C205B
:1068F0007B68022283F83D207B681B685B68FB6035
:106900007B681B689B68BB607B681B68304A93424E
:1069100004D07B681B682F4A934208D1FB6823F49C
:106920007003FB603B685B68FA681343FB60FB68BD
:1069300023F07003FB603B681B68FA681343FB603D
:106940007B681B68FA685A607B681B68204A934220
:1069500022D07B681B68B3F1804F1DD07B681B6819
:106960001D4A934218D07B681B681C4A934213D07F
:106970007B681B681A4A93420ED07B681B68154AD5
:10698000934209D07B681B68164A934204D07B6807
:106990001B68154A93420CD1BB6823F08003BB608F
:1069A0003B689B68BA681343BB607B681B68BA6826
:1069B0009A607B68012283F83D207B68002283F87F
:1069C0003C20002318461437BD465DF8047B704711
:1069D00000000140000401400004004000080040A5
:1069E000000C0040001800400040014080B483B01B
:1069F00000AF786000BF0C37BD465DF8047B704780
:106A000080B483B000AF786000BF0C37BD465DF83E
:106A1000047B704780B483B000AF786000BF0C3750
:106A2000BD465DF8047B704780B582B000AF7860EA
:106A30007B68002B01D1012342E07B68D3F88830CA
:106A4000002B06D17B68002283F884207868EAF75F
:106A5000C7FD7B682422C3F888207B681B681A68FE
:106A60007B681B6822F001021A607B689B6A002B1E
:106A700002D0786801F0EAFA786800F07FFD0346FA
:106A8000012B01D101231BE07B681B685A687B68DE
:106A90001B6822F490425A607B681B689A687B6886
:106AA0001B6822F02A029A607B681B681A687B6860
:106AB0001B6842F001021A60786801F069FB034626
:106AC00018460837BD4680BD80B58AB000AFF86073
:106AD000B9601346FB80FB68D3F88830202B67D160
:106AE000BB68002B02D0FB88002B01D1012360E0A2
:106AF000FB68BA681A65FB68FA88A3F85420FB683B
:106B0000FA88A3F85620FB680022C3F89020FB689F
:106B10002122C3F88820FB68DB6F002B28D0FB689C
:106B2000DB6F264ADA63FB68DB6F254A1A64FB6871
:106B3000DB6F244ADA64FB68DB6F00221A65FB68AE
:106B4000D86FFB681B6D1946FB681B6828331A4613
:106B5000FB88FCF7F5F90346002B09D0FB681022EF
:106B6000C3F89020FB682022C3F88820012320E08E
:106B7000FB681B6840221A62FB681B6808337B6154
:106B80007B6953E8003F3B613B6943F080037B62D4
:106B9000FB681B6808337A6A3A62FB61F9693A6AF2
:106BA00041E80023BB61BB69002BE5D1002300E075
:106BB000022318462837BD4680BD00BF5D86010808
:106BC000F38601087588010880B58AB000AFF860C7
:106BD000B9601346FB80FB68D3F88C30202B37D18B
:106BE000BB68002B02D0FB88002B01D1012330E0D1
:106BF000FB680022DA66FB681B68184A93421FD0C4
:106C0000FB681B685B6803F40003002B18D0FB686B
:106C10001B687B617B6953E8003F3B613B6943F044
:106C200080637B62FB681B681A467B6A3B62FA6181
:106C3000F9693A6A41E80023BB61BB69002BE6D1E0
:106C4000FB881A46B968F86801F0BAFB034600E011
:106C5000022318462837BD4680BD00BF000C0058EF
:106C600080B590B000AF78607B68D3F88830FB6364
:106C70007B68D3F88C30BB637B681B689B6803F030
:106C80008003802B39D1FB6B212B36D17B681B68AD
:106C900008333B623B6A53E8003FFB61FB6923F02A
:106CA00080037B637B681B6808337A6BFA62BB6284
:106CB000B96AFA6A41E800237B627B6A002BE5D15E
:106CC0007B68DB6F002B15D07B68DB6F1846FCF709
:106CD000A1FB0346002B0DD07B68DB6F1846FEF747
:106CE00027F80346202B05D17B681022C3F890209B
:106CF000032347E0786801F009FC7B681B689B6808
:106D000003F04003402B3CD1BB6B222B39D17B6875
:106D10001B680833FB60FB6853E8003FBB60BB683F
:106D200023F040033B637B681B6808333A6BBA610E
:106D30007B617969BA6941E800233B613B69002BBB
:106D4000E5D17B68D3F88030002B17D07B68D3F86F
:106D500080301846FCF75EFB0346002B0ED07B68A4
:106D6000D3F880301846FDF7E3FF0346202B05D10A
:106D70007B681022C3F89020032303E0786801F0B9
:106D800007FC002318464037BD4680BD80B5BAB029
:106D900000AF78607B681B68DB69C7F8E4307B680C
:106DA0001B681B68C7F8E0307B681B689B68C7F8E6
:106DB000DC30D7F8E42040F60F031340C7F8D83092
:106DC000D7F8D830002B1BD1D7F8E43003F02003DC
:106DD000002B15D0D7F8E03003F02003002B05D1AD
:106DE000D7F8DC3003F08053002B09D07B685B6F51
:106DF000002B00F077837B685B6F7868984771E3BE
:106E0000D7F8D830002B00F02381D7F8DC208D4B49
:106E10001340002B06D1D7F8E0208B4B1340002BFA
:106E200000F01681D7F8E43003F00103002B11D0F5
:106E3000D7F8E03003F48073002B0BD07B681B681D
:106E400001221A627B68D3F8903043F001027B681C
:106E5000C3F89020D7F8E43003F00203002B11D0E0
:106E6000D7F8DC3003F00103002B0BD07B681B68E4
:106E700002221A627B68D3F8903043F004027B68E8
:106E8000C3F89020D7F8E43003F00403002B11D0AE
:106E9000D7F8DC3003F00103002B0BD07B681B68B4
:106EA00004221A627B68D3F8903043F002027B68B8
:106EB000C3F89020D7F8E43003F00803002B17D074
:106EC000D7F8E03003F02003002B05D1D7F8DC2001
:106ED0005C4B1340002B0BD07B681B6808221A62A6
:106EE0007B68D3F8903043F008027B68C3F89020A9
:106EF000D7F8E43003F40063002B12D0D7F8E03069
:106F000003F08063002B0CD07B681B684FF4006299
:106F10001A627B68D3F8903043F020027B68C3F894
:106F200090207B68D3F89030002B00F0DD82D7F8FA
:106F3000E43003F02003002B13D0D7F8E03003F047
:106F40002003002B05D1D7F8DC3003F08053002B51
:106F500007D07B685B6F002B03D07B685B6F786822
:106F600098477B68D3F89030C7F8D4307B681B68AB
:106F70009B6803F04003402B05D0D7F8D43003F0D2
:106F80002803002B54D0786801F002FB7B681B6853
:106F90009B6803F04003402B46D17B681B68083395
:106FA000C7F89C30D7F89C3053E8003FC7F89830BA
:106FB000D7F8983023F04003C7F8D0307B681B68BF
:106FC0000833D7F8D020C7F8A820C7F8A430D7F8DE
:106FD000A410D7F8A82041E80023C7F8A030D7F8BC
:106FE000A030002BD9D17B68D3F88030002B17D08C
:106FF0007B68D3F88030154A1A657B68D3F88030F7
:107000001846FCF725FD0346002B19D07B68D3F802
:1070100080301B6D7A68D2F88020104698470FE0C8
:10702000786800F095FA0BE0786800F091FA07E0D4
:10703000786800F08DFA7B680022C3F8902053E254
:1070400000BF51E20100001020010004F588010892
:107050007B68DB6E012B40F0E781D7F8E43003F06A
:107060001003002B00F0E081D7F8E03003F01003AC
:10707000002B00F0D9817B681B6810221A627B68A4
:107080001B689B6803F04003402B40F051817B68F4
:10709000D3F880301B68964A934268D07B68D3F857
:1070A00080301B68934A934261D07B68D3F880306C
:1070B0001B68914A93425AD07B68D3F880301B6892
:1070C0008E4A934253D07B68D3F880301B688C4A39
:1070D00093424CD07B68D3F880301B68894A934236
:1070E00045D07B68D3F880301B68874A93423ED0F6
:1070F0007B68D3F880301B68844A934237D07B6822
:10710000D3F880301B68824A934230D07B68D3F832
:1071100080301B687F4A934229D07B68D3F8803047
:107120001B687D4A934222D07B68D3F880301B686D
:107130007A4A93421BD07B68D3F880301B68784A28
:10714000934214D07B68D3F880301B68754A934211
:107150000DD07B68D3F880301B68734A934206D009
:107160007B68D3F880301B68704A934206D17B68F5
:10717000D3F880301B685B689BB205E07B68D3F86E
:1071800080301B685B689BB2A7F8BE30B7F8BE3092
:10719000002B00F0AB817B68B3F85C30B7F8BE2001
:1071A0009A4280F0A3817B68B7F8BE20A3F85E20E6
:1071B0007B68D3F88030DB69B3F5807F00F087808F
:1071C0007B681B68C7F88830D7F8883053E8003FE1
:1071D000C7F88430D7F8843023F48073C7F8B83008
:1071E0007B681B681A46D7F8B830C7F89430C7F8E0
:1071F0009020D7F89010D7F8942041E80023C7F8E2
:107200008C30D7F88C30002BDAD17B681B680833C0
:107210007B677B6F53E8003F3B673B6F23F00103C5
:10722000C7F8B4307B681B680833D7F8B420C7F8B8
:107230008020FB67F96FD7F8802041E80023BB6707
:10724000BB6F002BE1D17B681B6808333B663B6E4C
:1072500053E8003FFB65FB6D23F04003C7F8B030F7
:107260007B681B680833D7F8B020FA66BB66B96E36
:10727000FA6E41E800237B667B6E002BE3D17B68CE
:107280002022C3F88C207B680022DA667B681B68AA
:10729000FB64FB6C53E8003FBB64BB6C23F0100342
:1072A000C7F8AC307B681B681A46D7F8AC30BB65B2
:1072B0007A65796DBA6D41E800233B653B6D002B23
:1072C000E4D17B68D3F880301846FCF7A3F87B68DC
:1072D00002221A677B68B3F85C207B68B3F85E30E3
:1072E0009BB2D31A9BB21946786800F03BF9FDE0D7
:1072F00010000240280002404000024058000240B6
:107300007000024088000240A0000240B800024025
:107310001004024028040240400402405804024085
:107320007004024088040240A0040240B8040240F5
:107330007B68B3F85C207B68B3F85E309BB2D31AED
:10734000A7F8CE307B68B3F85E309BB2002B00F01C
:10735000CF80B7F8CE30002B00F0CA807B681B6866
:10736000BB63BB6B53E8003F7B637B6B23F4907381
:10737000C7F8C8307B681B681A46D7F8C8307B64EA
:107380003A64396C7A6C41E80023FB63FB6B002B99
:10739000E4D17B681B6808337B627B6A53E8003F5B
:1073A0003B623A6A554B1340C7F8C4307B681B6890
:1073B0000833D7F8C4203A63FB62F96A3A6B41E8B4
:1073C0000023BB62BB6A002BE3D17B682022C3F899
:1073D0008C207B680022DA667B6800225A677B6813
:1073E0001B683B613B6953E8003FFB60FB6823F08F
:1073F0001003C7F8C0307B681B681A46D7F8C03046
:10740000FB61BA61B969FA6941E800237B617B6974
:10741000002BE4D17B6802221A67B7F8CE301946F8
:10742000786800F09FF863E0D7F8E43003F4801345
:10743000002B0ED0D7F8DC3003F48003002B08D0EB
:107440007B681B684FF480121A62786801F093FA27
:1074500051E0D7F8E43003F08003002B14D0D7F8C4
:10746000E03003F08003002B05D1D7F8DC3003F4C3
:107470000003002B08D07B689B6F002B3AD07B6801
:107480009B6F7868984735E0D7F8E43003F0400305
:10749000002B09D0D7F8E03003F04003002B03D0D5
:1074A000786801F03DFA26E0D7F8E43003F40003F1
:1074B000002B09D0D7F8E03003F08043002B03D035
:1074C000786801F06CFA16E0D7F8E43003F08073C6
:1074D000002B10D0D7F8E030002B0CDA786801F0E0
:1074E00054FA08E000BF06E000BF04E000BF02E07D
:1074F00000BF00E000BFE837BD4680BDFEFFFFEFE4
:1075000080B483B000AF786000BF0C37BD465DF833
:10751000047B704780B483B000AF786000BF0C3745
:10752000BD465DF8047B704780B483B000AF7860DF
:1075300000BF0C37BD465DF8047B704780B483B054
:1075400000AF786000BF0C37BD465DF8047B704724
:1075500080B483B000AF786000BF0C37BD465DF8E3
:10756000047B704780B483B000AF78600B467B80AB
:1075700000BF0C37BD465DF8047B70472DE9B04F66
:1075800092B000AF7861002387F842307B699A6837
:107590007B691B691A437B695B691A437B69DB69F9
:1075A00013437B647B691B681A68BE4B13407A697E
:1075B0001268796C0B4313607B691B685B6823F46A
:1075C00040517B69DA687B691B680A435A607B69B2
:1075D0009B697B647B691B68B34A934204D07B69D7
:1075E0001B6A7A6C13437B647B691B689A68AF4B98
:1075F00013407A691268796C0B4393607B691B684E
:10760000DB6A23F00F017B695A6A7B691B680A43B6
:10761000DA627B691B68A64A934277D1A54B5B6D02
:1076200003F03803282B6DD801A252F823F000BFD5
:10763000D576010805770108057701080577010867
:107640000577010805770108057701080577010826
:10765000DD7601080577010805770108057701083F
:107660000577010805770108057701080577010806
:10767000E576010805770108057701080577010817
:1076800005770108057701080577010805770108E6
:10769000ED760108057701080577010805770108EF
:1076A00005770108057701080577010805770108C6
:1076B000F5760108057701080577010805770108C7
:1076C00005770108057701080577010805770108A6
:1076D000FD760108012387F8433022E2042387F86E
:1076E00043301EE2082387F843301AE2102387F85C
:1076F000433016E2202387F8433012E2402387F814
:1077000043300EE2802387F843300AE27B691B682E
:10771000694A934230D1674B5B6D03F00703052B39
:1077200026D801A252F823F04177010849770108D1
:1077300051770108597701086177010869770108D5
:10774000002387F84330ECE1042387F84330E8E175
:10775000082387F84330E4E1102387F84330E0E161
:10776000202387F84330DCE1402387F84330D8E119
:10777000802387F84330D4E17B691B684F4A9342EA
:1077800030D14C4B5B6D03F00703052B26D801A2CB
:1077900052F823F0AD770108B5770108BD770108ED
:1077A000C5770108CD770108D5770108002387F850
:1077B0004330B6E1042387F84330B2E1082387F869
:1077C0004330AEE1102387F84330AAE1202387F845
:1077D0004330A6E1402387F84330A2E1802387F8B5
:1077E00043309EE17B691B68354A934230D1314B6F
:1077F0005B6D03F00703052B26D801A252F823F096
:1078000019780108217801082978010831780108E0
:107810003978010841780108002387F8433080E176
:10782000042387F843307CE1082387F8433078E16C
:10783000102387F8433074E1202387F8433070E148
:10784000402387F843306CE1802387F8433068E1B8
:107850007B691B681B4A934242D1164B5B6D03F058
:107860000703052B38D801A252F823F085780108C8
:107870008D780108957801089D780108C97801087C
:10788000D1780108002387F843304AE1042387F8C0
:10789000433046E1082387F8433042E1102387F85C
:1078A00043303EE1F369FFCF000C0058FFF4FF11B5
:1078B00000100140004402580044004000480040CD
:1078C000004C004000500040202387F8433028E15E
:1078D000402387F8433024E1802387F8433020E1B8
:1078E0007B691B68CB4A934276D1CB4B5B6D03F02F
:1078F0003803282B6CD801A252F823F0A179010893
:10790000D1790108D1790108D1790108D17901082B
:10791000D1790108D1790108D1790108A979010843
:10792000D1790108D1790108D1790108D17901080B
:10793000D1790108D1790108D1790108B17901081B
:10794000D1790108D1790108D1790108D1790108EB
:10795000D1790108D1790108D1790108B9790108F3
:10796000D1790108D1790108D1790108D1790108CB
:10797000D1790108D1790108D1790108C1790108CB
:10798000D1790108D1790108D1790108D1790108AB
:10799000D1790108D1790108D1790108C9790108A3
:1079A000012387F84330BCE0042387F84330B8E074
:1079B000082387F84330B4E0102387F84330B0E061
:1079C000202387F84330ACE0402387F84330A8E019
:1079D000802387F84330A4E07B691B688F4A934279
:1079E00030D18D4B5B6D03F00703052B26D801A228
:1079F00052F823F00D7A0108157A01081D7A010862
:107A0000257A01082D7A0108357A0108002387F8C4
:107A1000433086E0042387F8433082E0082387F868
:107A200043307EE0102387F843307AE0202387F844
:107A3000433076E0402387F8433072E0802387F8B4
:107A400043306EE07B691B68754A934230D1724BBC
:107A50005B6D03F00703052B26D801A252F823F033
:107A6000797A0108817A0108897A0108917A0108F6
:107A7000997A0108A17A0108002387F8433050E081
:107A8000042387F843304CE0082387F8433048E06C
:107A9000102387F8433044E0202387F8433040E048
:107AA000402387F843303CE0802387F8433038E0B8
:107AB0007B691B685B4A934230D1574B9B6D03F047
:107AC0000703052B26D801A252F823F0E57A010816
:107AD000ED7A0108F57A0108FD7A0108057B0108B5
:107AE0000D7B0108022387F843301AE0042387F84E
:107AF000433016E0082387F8433012E0102387F85C
:107B000043300EE0202387F843300AE0402387F813
:107B1000433006E0802387F8433002E0802387F873
:107B200043307B691B683F4A934240F0F88097F8E6
:107B30004330202B46DC022BC0F28280023B1E2BFE
:107B40007ED801A252F823F0CB7B0108417C0108CA
:107B5000D37B0108417C0108417C0108417C01087C
:107B6000E37B0108417C0108417C0108417C01085C
:107B7000417C0108417C0108417C0108417C0108ED
:107B8000F37B0108417C0108417C0108417C01082C
:107B9000417C0108417C0108417C0108417C0108CD
:107BA000417C0108417C0108417C0108417C0108BD
:107BB000417C0108417C0108417C0108417C0108AD
:107BC000337C0108402B37D03AE0FAF759F8F863D4
:107BD0003CE007F124031846FAF768F8BB6AFB6338
:107BE00034E007F118031846FAF7B4F9FB69FB63B0
:107BF0002CE0094B1B6803F02003002B16D0064B2A
:107C00001B68DB0803F00303074A22FA03F3FB6354
:107C10001CE000BF001401400044025800780040FE
:107C2000007C0040000C00580090D0039D4BFB638B
:107C30000CE09D4BFB6309E04FF40043FB6305E060
:107C40000023FB63012387F8423000BFFB6B002B4E
:107C500000F0DE817B695B6A944A32F813301A4681
:107C6000FB6BB3FBF2F33B637B695A6813465B0023
:107C700013443A6B9A4205D37B695B681B033A6BEA
:107C80009A4203D9012387F84230C1E1FB6B0022FD
:107C9000BB60FA607B695B6A844A32F813309BB23E
:107CA00000223B607A60D7E90023D7E90201E8F7B8
:107CB00013FB02460B46104619464FF000024FF0E8
:107CC00000030B0243EA106302027969496849081C
:107CD00000200C46054612EB040843EB05097B69BE
:107CE0005B6800229A46934652465B4640464946A8
:107CF000E8F7F2FA02460B461346BB63BB6BB3F5DB
:107D0000407F08D3BB6BB3F5801F04D27B691B682F
:107D1000BA6BDA607CE1012387F8423078E17B6955
:107D2000DB69B3F5004F40F0C58097F84330202B56
:107D300048DC002B7BDB202B79D801A252F823F002
:107D4000CB7D0108D37D01082F7E01082F7E01081D
:107D5000DB7D01082F7E01082F7E01082F7E0108A0
:107D6000EB7D01082F7E01082F7E01082F7E010880
:107D70002F7E01082F7E01082F7E01082F7E01082B
:107D8000FB7D01082F7E01082F7E01082F7E010850
:107D90002F7E01082F7E01082F7E01082F7E01080B
:107DA0002F7E01082F7E01082F7E01082F7E0108FB
:107DB0002F7E01082F7E01082F7E01082F7E0108EB
:107DC000217E0108402B2ED031E0F8F723FDF86327
:107DD00033E0F8F735FDF8632FE007F12403184688
:107DE000F9F764FFBB6AFB6327E007F11803184645
:107DF000FAF7B0F8FB69FB631FE02D4B1B6803F03B
:107E00002003002B09D02A4B1B68DB0803F0030377
:107E1000244A22FA03F3FB630FE0224BFB630CE0DE
:107E2000214BFB6309E04FF40043FB6305E00023B3
:107E3000FB63012387F8423000BFFB6B002B00F08F
:107E4000E7807B695B6A194A32F813301A46FB6B8C
:107E5000B3FBF2F35A007B695B685B081A447B69E9
:107E60005B68B2FBF3F3BB63BB6B0F2B16D9BB6B29
:107E7000B3F5803F12D2BB6B9BB223F00F03FB869E
:107E8000BB6B5B089BB203F007039AB2FB8E1343F4
:107E9000FB867B691B68FA8EDA60B9E0012387F8FC
:107EA0004230B5E00090D00300093D0094930108F2
:107EB0000044025897F84330202B49DC002B7CDB30
:107EC000202B7AD801A252F823F000BF577F010877
:107ED0005F7F0108BB7F0108BB7F0108677F010846
:107EE000BB7F0108BB7F0108BB7F0108777F0108CA
:107EF000BB7F0108BB7F0108BB7F0108BB7F010876
:107F0000BB7F0108BB7F0108BB7F0108877F010899
:107F1000BB7F0108BB7F0108BB7F0108BB7F010855
:107F2000BB7F0108BB7F0108BB7F0108BB7F010845
:107F3000BB7F0108BB7F0108BB7F0108BB7F010835
:107F4000BB7F0108BB7F0108BB7F0108AD7F010833
:107F5000402B2ED031E0F8F75DFCF86333E0F8F702
:107F60006FFCF8632FE007F124031846F9F79EFE33
:107F7000BB6AFB6327E007F118031846F9F7EAFF2D
:107F8000FB69FB631FE02D4B1B6803F02003002BF4
:107F900009D02A4B1B68DB0803F00303284A22FAA6
:107FA00003F3FB630FE0264BFB630CE0254BFB6305
:107FB00009E04FF40043FB6305E00023FB6301236A
:107FC00087F8423000BFFB6B002B21D07B695B6AD6
:107FD0001D4A32F813301A46FB6BB3FBF2F27B6991
:107FE0005B685B081A447B695B68B2FBF3F3BB63B5
:107FF000BB6B0F2B09D9BB6BB3F5803F05D2BB6BB5
:108000009AB27B691B68DA6002E0012387F842308C
:108010007B690122A3F86A207B690122A3F868200A
:108020007B6900225A677B6900229A6797F8423081
:1080300018464837BD46BDE8B08F00BF004402581F
:108040000090D00300093D009493010880B483B0F0
:1080500000AF78607B689B6A03F00803002B0AD0AE
:108060007B681B685B6823F400417B689A6B7B68C4
:108070001B680A435A607B689B6A03F00103002B6C
:108080000AD07B681B685B6823F400317B68DA6A7E
:108090007B681B680A435A607B689B6A03F0020393
:1080A000002B0AD07B681B685B6823F480317B68F7
:1080B0001A6B7B681B680A435A607B689B6A03F0F3
:1080C0000403002B0AD07B681B685B6823F48021C3
:1080D0007B685A6B7B681B680A435A607B689B6AA3
:1080E00003F01003002B0AD07B681B689B6823F405
:1080F00080517B68DA6B7B681B680A439A607B68F7
:108100009B6A03F02003002B0AD07B681B689B68E6
:1081100023F400517B681A6C7B681B680A439A60E1
:108120007B689B6A03F04003002B1AD07B681B68B6
:108130005B6823F480117B685A6C7B681B680A4378
:108140005A607B685B6CB3F5801F0AD17B681B6843
:108150005B6823F4C0017B689A6C7B681B680A43E8
:108160005A607B689B6A03F08003002B0AD07B680F
:108170001B685B6823F400217B68DA6C7B681B68F2
:108180000A435A6000BF0C37BD465DF8047B704758
:1081900080B598B002AF78607B680022C3F8902069
:1081A000FDF77AFA78657B681B681B6803F00803A3
:1081B000082B2FD16FF07E4300937B6D00224FF48C
:1081C0000011786800F08EF80346002B22D07B68FF
:1081D0001B68BB63BB6B53E8003F7B637B6B23F087
:1081E00080033B657B681B681A463B6D7B643A6481
:1081F000396C7A6C41E80023FB63FB6B002BE6D102
:108200007B682022C3F888207B68002283F88420C2
:10821000032363E07B681B681B6803F00403042BE3
:1082200049D16FF07E4300937B6D00224FF48001B3
:10823000786800F057F80346002B3CD07B681B6839
:108240007B627B6A53E8003F3B623B6A23F4907396
:10825000FB647B681B681A46FB6C3B63FA62F96A35
:108260003A6B41E80023BB62BB6A002BE6D17B6816
:108270001B6808333B613B6953E8003FFB60FB68C8
:1082800023F00103BB647B681B680833BA6CFA6196
:10829000BB61B969FA6941E800237B617B69002B06
:1082A000E5D17B682022C3F88C207B68002283F80C
:1082B0008420032312E07B682022C3F888207B6897
:1082C0002022C3F88C207B680022DA667B680022BB
:1082D0001A677B68002283F88420002318465837E9
:1082E000BD4680BD80B584B000AFF860B9603B602A
:1082F0001346FB714FE0BB69B3F1FF3F4BD0FDF775
:10830000CBF902463B68D31ABA699A4202D3BB69D9
:10831000002B01D103234EE0FB681B681B6803F0B0
:108320000403002B37D0BB68802B34D0BB68402BB4
:1083300031D0FB681B68DB6903F00803082B10D100
:10834000FB681B6808221A62F86800F021F9FB68D4
:108350000822C3F89020FB68002283F884200123C0
:1083600029E0FB681B68DB6903F40063B3F5006F69
:1083700011D1FB681B684FF400621A62F86800F0C4
:1083800007F9FB682022C3F89020FB68002283F8DD
:10839000842003230FE0FB681B68DA69BB68134085
:1083A000BA689A420CBF01230023DBB21A46FB795C
:1083B0009A42A0D0002318461037BD4680BD000069
:1083C00080B596B000AFF860B9601346FB80FB68DB
:1083D000BA689A65FB68FA88A3F85C20FB680022FB
:1083E000C3F89020FB682222C3F88C20FB68D3F8E6
:1083F0008030002B2DD0FB68D3F88030404ADA6300
:10840000FB68D3F880303F4A1A64FB68D3F88030A9
:108410003D4ADA64FB68D3F8803000221A65FB68B5
:10842000D3F88000FB681B6824331946FB689B6DFA
:108430001A46FB88FAF784FD0346002B09D0FB6837
:108440001022C3F89020FB682022C3F88C2001235F
:1084500051E0FB681B69002B18D0FB681B68FB63AD
:10846000FB6B53E8003FBB63BB6B43F480737B65DE
:10847000FB681B681A467B6DBB647A64796CBA6CC6
:1084800041E800233B643B6C002BE6D1FB681B6892
:108490000833BB62BB6A53E8003F7B627B6A43F0F0
:1084A00001033B65FB681B6808333A6D7A633B63E5
:1084B000396B7A6B41E80023FB62FB6A002BE5D144
:1084C000FB681B6808337B617B6953E8003F3B61B5
:1084D0003B6943F04003FB64FB681B680833FA6C9C
:1084E0003A62FB61F9693A6A41E80023BB61BB6902
:1084F000002BE5D1002318465837BD4680BD00BF8C
:108500000F870108378801087588010880B48FB08B
:1085100000AF78607B681B683B623B6A53E8003FB2
:10852000FB61FB6923F0C0037B637B681B681A4611
:108530007B6BFB62BA62B96AFA6A41E800237B622C
:108540007B6A002BE6D17B681B680833FB60FB6805
:1085500053E8003FBB60BB6823F400033B637B68C8
:108560001B6808333A6BBA617B617969BA6941E883
:1085700000233B613B69002BE5D17B682022C3F8D7
:10858000882000BF3C37BD465DF8047B7047000083
:1085900080B495B000AF78607B681B687B637B6BB1
:1085A00053E8003F3B633B6B23F49073FB647B68B1
:1085B0001B681A46FB6C3B64FA63F96B3A6C41E842
:1085C0000023BB63BB6B002BE6D17B681B680833C1
:1085D0003B623B6A53E8003FFB61FA691E4B134064
:1085E000BB647B681B680833BA6CFA62BB62B96A09
:1085F000FA6A41E800237B627B6A002BE5D17B6845
:10860000DB6E012B18D17B681B68FB60FB6853E8AD
:10861000003FBB60BB6823F010037B647B681B6872
:108620001A467B6CBB617A617969BA6941E80023BB
:108630003B613B69002BE6D17B682022C3F88C208C
:108640007B680022DA667B6800225A6700BF5437D5
:10865000BD465DF8047B7047FEFFFFEF80B590B02C
:1086600000AF78607B689B6BFB637B68DB69B3F56D
:10867000807F37D0FB6B0022A3F85620FB6B1B6872
:1086800008337B627B6A53E8003F3B623B6A23F01E
:108690008003BB63FB6B1B680833BA6B3A63FB62F6
:1086A000F96A3A6B41E80023BB62BB6A002BE5D153
:1086B000FB6B1B683B613B6953E8003FFB60FB6859
:1086C00043F040037B63FB6B1B681A467B6BFB61CB
:1086D000BA61B969FA6941E800237B617B69002BC3
:1086E000E6D102E0F86BFEF70BFF00BF4037BD4656
:1086F00080BD80B584B000AF78607B689B6BFB6009
:10870000F868FEF707FF00BF1037BD4680BD80B593
:108710009CB000AF78607B689B6BFB667B68DB6915
:10872000B3F5807F71D0FB6E0022A3F85E20FB6E54
:108730001B68FB64FB6C53E8003FBB64BB6C23F419
:108740008073BB66FB6E1B681A46BB6EBB657A65A1
:10875000796DBA6D41E800233B653B6D002BE6D196
:10876000FB6E1B680833BB63BB6B53E8003F7B6346
:108770007B6B23F001037B66FB6E1B6808337A6E0C
:108780007A643B64396C7A6C41E80023FB63FB6BD1
:10879000002BE5D1FB6E1B6808337B627B6A53E8D4
:1087A000003F3B623B6A23F040033B66FB6E1B6865
:1087B00008333A6E3A63FB62F96A3A6B41E8002388
:1087C000BB62BB6A002BE5D1FB6E2022C3F88C2074
:1087D000FB6EDB6E012B18D1FB6E1B683B613B69A6
:1087E00053E8003FFB60FB6823F01003FB65FB6E62
:1087F0001B681A46FB6DFB61BA61B969FA6941E809
:1088000000237B617B69002BE6D1FB6E00221A6797
:10881000FB6EDB6E012B07D1FB6EB3F85C301946A3
:10882000F86EFEF79FFE02E0F86EFEF77DFE00BFD9
:108830007037BD4680BD80B584B000AF78607B687E
:108840009B6BFB60FB6801221A67FB68DB6E012BE8
:1088500009D1FB68B3F85C305B089BB21946F86835
:10886000FEF780FE02E0F868FEF768FE00BF1037F2
:10887000BD4680BD80B586B000AF78607B689B6BDD
:108880007B617B69D3F888303B617B69D3F88C309E
:10889000FB607B691B689B6803F08003802B09D118
:1088A0003B69212B06D17B690022A3F85620786909
:1088B000FFF72CFE7B691B689B6803F04003402B8D
:1088C00009D1FB68222B06D17B690022A3F85E2028
:1088D0007869FFF75DFE7B69D3F8903043F01002B2
:1088E0007B69C3F890207869FEF732FE00BF183725
:1088F000BD4680BD80B584B000AF78607B689B6B5F
:10890000FB60FB680022A3F85E20FB680022A3F84E
:108910005620F868FEF71CFE00BF1037BD4680BD2C
:1089200080B588B000AF78607B681B68FB60FB682F
:1089300053E8003FBB60BB6823F04003FB617B68EA
:108940001B681A46FB69BB617A617969BA6941E8BB
:1089500000233B613B69002BE6D17B682022C3F8F2
:1089600088207B6800229A677868FEF7C9FD00BFFF
:108970002037BD4680BD80B483B000AF786000BFB3
:108980000C37BD465DF8047B704780B483B000AF00
:10899000786000BF0C37BD465DF8047B704780B43B
:1089A00083B000AF786000BF0C37BD465DF8047B34
:1089B000704780B485B000AF78607B6893F88430EE
:1089C000012B01D1022327E07B68012283F8842058
:1089D0007B682422C3F888207B681B681B68FB60C7
:1089E0007B681B681A687B681B6822F001021A60AA
:1089F000FB6823F00053FB607B6800225A667B68AB
:108A00001B68FA681A607B682022C3F888207B689C
:108A1000002283F88420002318461437BD465DF8F1
:108A2000047B704780B584B000AF786039607B68A4
:108A300093F88430012B01D102232DE07B680122C1
:108A400083F884207B682422C3F888207B681B6815
:108A50001B68FB607B681B681A687B681B6822F0D8
:108A600001021A607B681B689B6823F060417B6889
:108A70001B683A680A439A60786800F04FF87B6890
:108A80001B68FA681A607B682022C3F888207B681C
:108A9000002283F88420002318461037BD4680BD8D
:108AA00080B584B000AF786039607B6893F884301B
:108AB000012B01D102232DE07B68012283F8842061
:108AC0007B682422C3F888207B681B681B68FB60D6
:108AD0007B681B681A687B681B6822F001021A60B9
:108AE0007B681B689B6823F060617B681B683A6841
:108AF0000A439A60786800F011F87B681B68FA688E
:108B00001A607B682022C3F888207B68002283F8E3
:108B10008420002318461037BD4680BD80B485B040
:108B200000AF78607B685B6E002B08D17B68012208
:108B3000A3F86A207B680122A3F8682031E01023A3
:108B4000FB731023BB737B681B689B685B0EDBB2F7
:108B500003F007037B737B681B689B685B0FDBB2CA
:108B600003F007033B73BB7B3A7B11498A5C02FB32
:108B700003F33A7B0F498A5C93FBF2F39AB27B686A
:108B8000A3F86A20FB7B7A7B09498A5C02FB03F32A
:108B90007A7B08498A5C93FBF2F39AB27B68A3F86C
:108BA000682000BF1437BD465DF8047B704700BFE6
:108BB000AC930108B4930108DFF834D0E9F78EFDD7
:108BC0000C480D490D4A002302E0D458C450043328
:108BD000C4188C42F9D30A4A0A4C002301E01360FE
:108BE0000432A242FBD300F019F8E7F70BFD7047FF
:108BF0000000022000000024800C002440940108A2
:108C0000800C002438280024FEE7024403469342E7
:108C100000D1704703F8011BF9E7000070B50D4B58
:108C20000D4D5B1B9C100026A64209D100F06CFB89
:108C30000A4D0B4B5B1B9C100026A64205D170BD54
:108C400055F8043B98470136EEE755F8043B984742
:108C50000136F2E738940108389401083894010885
:108C60003C9401080A44914200F1FF3300D170475F
:108C700010B511F8014B03F8014F9142F9D110BD25
:108C800008B52DED048BB0EE408B00F03DF8B4EE4E
:108C9000488BF1EE10FAB0EE409B0AD6B0EE480BCE
:108CA00000F01CF8B7EE007BB4EEC70BF1EE10FA43
:108CB00004DCB0EE490BBDEC048B08BD00F01EFBDC
:108CC000BDEC048B034621221A600248BDE808402F
:108CD00000F00EB8BC93010800F03AB951EC100B4B
:108CE000024621F0004343EC102B704700000000C7
:108CF0009FED010B704700BF000000000000F87FEF
:108D0000B1EEC00B704700BF38B5B0EE407B17EE38
:108D1000905A8B4B25F000449C422DED0A8B0ED9C6
:108D200010EE103A04F1404404F580141C437DD049
:108D300030EE407B87EE070BBDEC0A8B38BD814BD4
:108D40009C420ED8B4F1795F80F08880B7EE005B6A
:108D50009FED5D6B30EE066BB4EEC56BF1EE10FA75
:108D6000EADCB0EE470BB6EE008BFFF7B7FFB7EECD
:108D7000007B9FED579B37EE400B20EE088B9FED5D
:108D800056ABB0EE480B9FED561B9FED573BA8EE40
:108D90000A1B9FED574BA1EE083B9FED576BA3EECF
:108DA000084B9FED57CBA4EE086B9FED572BA6EE1B
:108DB00008CB2CEE08CB9FED565BA8EE092B9FED60
:108DC00056BBA2EE085BA5EE08BBABEE087BB0EE8F
:108DD000479BFFF795FF8CEE095B5B4B9C4230D8BD
:108DE00030EE003BB0EE002B53EC102B9FED4C7B94
:108DF0009FED4D6B002243EC142B30EE040BA4EEE0
:108E0000448B88EE001BA1EE426BB0EE471B93EE45
:108E1000056BA4EE421B36EE416B37EE460B002D80
:108E20008ADCB1EE400BBDEC0A8B38BDBDEC0A8B81
:108E30009FED3D0B9FED3E6B27EE000BA7EE060B63
:108E400038BD9FED3D6BA0EE050BB0EE005B9FEDD6
:108E5000387BA0EE056B37EE460BE0E79FED1E8BEF
:108E600027EE075B9FED1E4B9FED1F2BA5EE084BDA
:108E70009FED1F3BA4EE052B9FED1F1BA2EE053BB4
:108E8000BDEC0A8BA3EE051B9FED110B9FED1C6B38
:108E90009FED1D4BA1EE056B26EE056B9FED1C2B88
:108EA000A5EE004B9FED1C3BA4EE052BB7EE004B4F
:108EB000A2EE053BA3EE054B86EE045BA7EE057B19
:108EC000B0EE470B38BD00BF9C7500883CE4377E90
:108ED00082922EB1C5B8B33F09F7FD0DE13D023FC7
:108EE00088B20175E0EF493F3B8F68B52882A4BF87
:108EF0005544880E55C1C93F7D6FEB0312D6D4BFD0
:108F0000555555555555C53F59018D1B6C06E6BF46
:108F1000C88A599CE52A00404B2D8A1C273A03C079
:108F2000182D4454FB21E93F075C143326A6913CDD
:108F3000182D4454FB21F93F075C143326A691BC3D
:108F4000FFFFEF3FFFFFDF3F3233EF3F0000000046
:108F50002DE9F04153EC112B5142614C23F00045B7
:108F6000114345EAD17182B0A1428DED000B3BD88F
:108F7000DDE900E7CEF1000141EA0E0127F00048EB
:108F800048EAD171A1422FD803F1404101F5801187
:108F90001143104638D09E1706F002065EEA080E0E
:108FA00046EAD77629D0284333D0A54242D0A045FF
:108FB0002FD0A8EB0508B8F1747F4FEA285136DAB4
:108FC000002B43DA3C3141DA9FED370B012E51D0B3
:108FD000022E46D076B19FED366B9FED377B30EE9B
:108FE000460B30EE470B05E09DED006B43EC172B75
:108FF00037EE060B02B0BDE8F081022E11D0032E31
:109000000CD09DED000BF5E702B0BDE8F04100F09B
:109010006FB8002F08DB9FED2A0BEBE79FED2A0BC3
:10902000E8E79FED250BE5E79FED290BE2E79FEDD4
:10903000240BCBE7A84506F1FF3624D0022E2AD810
:10904000284B03EBC60393ED000BD3E79DED007BAC
:1090500043EC162B87EE060BFFF740FE00F048F8B6
:10906000B4E79FED136B9FED147B30EE460B37EEAC
:10907000400BBFE710EE901A53EC102B01F10043A8
:1090800043EC102BB6E7022E08D8174B03EBC603B0
:1090900093ED000BAEE79FED040BABE79FED0E0BDE
:1090A000A8E700BFAFF30080000000000000000050
:1090B000075C143326A6A13C182D4454FB2109401B
:1090C000182D4454FB21F93F182D4454FB2109C0AD
:1090D000182D4454FB21F9BF182D4454FB21E93FBE
:1090E0000000F07FC0930108D89301080000000041
:1090F00038B5B0EE407B17EE905A794B25F000441E
:109100009C422DED0C8B0BD9764B9C4260D85BD0EA
:10911000002D40F38380BDEC0C8B9FED550B38BDCB
:10912000714B9C4265D8A3F1DE739C4255D94FF038
:10913000FF339FED51AB27EE075B25EE056B9FEDEF
:10914000508B9FED511BA6EE0A8B9FED513BA8EE75
:10915000061B9FED51BBA1EE063B9FED51DBA3EE3D
:1091600006BB9FED519BABEE06DB9FED510B9FEDD8
:10917000522BA6EE090B9FED524BA0EE062B9FED56
:1091800052CBA2EE064B5A1CA4EE06CB2CEE06CB1D
:10919000ADEE05CB27EE0CCB45D0544A544902EB3B
:1091A000C30201EBC30393ED005B92ED000B3CEEB9
:1091B00045CB3CEE47CB002D30EE4C0B0ADAB1EE3E
:1091C000400BBDEC0C8B38BD10EE103A002B9FD03D
:1091D00037EE070BBDEC0C8B38BD9FED3D6BB7EE4A
:1091E000005B30EE066BB4EEC56BF1EE10FA9EDD5F
:1091F000F0E7FFF773FD3F4B9C4219D8A3F55023CE
:109200009C422AD8B0EE007BBFEE006B30EE075BCD
:10921000A0EE076B002386EE057B8AE7BDEC0C8B86
:109220009FED2D0B38BD37EE4C0BBDEC0C8B38BDD4
:10923000314B9C420BD2B7EE087BB7EE006B30EEA1
:10924000475BA0EE076B022385EE067B71E7BFEE5E
:10925000006B032386EE007B6BE7B7EE007B0123F8
:1092600030EE475B30EE070B85EE007B61E700BF19
:10927000182D4454FB21F93F11DA22E33AAD903F17
:10928000EB0D76244B7BA93F513DD0A0660DB13F3D
:109290006E204CC5CD45B73FFF8300922449C23FA5
:1092A0000D5555555555D53F2F6C6A2C44B4A2BF6A
:1092B0009AFDDE522DDEADBF6D9A74AFF2B0B3BF32
:1092C000711623FEC671BCBFC4EB98999999C9BFAA
:1092D0009C7500883CE4377E182D4454FB21F9BF6F
:1092E000FFFF0F440000F07FFFFFDB3F10940108F9
:1092F000F0930108FFFFF23F00800340014B186824
:10930000704700BF300C0024F8B500BFF8BC08BCA3
:109310009E467047F8B500BFF8BC08BC9E46704733
:10932000000000000000000000000000000000003D
:109330000000000001000000020000000300000027
:109340000400000000000000050000000000000014
:109350000000000000000000060000000000000007
:1093600000000000000000000700000000000000F6
:1093700001020304010203040607080900010203B5
:1093800004050607080C10141820304000061016BB
:1093900000061016010002000400060008000A0082
:1093A0000C001000200040008000000101010103BA
:1093B0000701000008040204080101010000000088
:1093C0000000000000000080182D4454FB210940DB
:1093D000182D4454FB2109C0182D4454FB21E9BF2A
:1093E000D221337F7CD90240D221337F7CD902C085
:1093F000E2652F227F2B7A3C075C143326A6813C42
:10940000BDCBF07A8807703C075C143326A6913CEC
:109410004FBB610567ACDD3F182D4454FB21E93F8C
:109420009BF681D20B73EF3F182D4454FB21F93F7B
:08943000D86EFE7F0100000070
:04943800BD02000869
:04943C009902000889
:109440000090D0030090D003E81B0024120000001D
:109450000000610378000000000000000000000030
:1094600001001C023C0000000000000000000000A1
:1094700000000000000000000000000000000000EC
:109480000000C03F0AD7233B00000000000000009E
:10949000000000000AD7A33B00000000000000000D
:1094A000000000000AD7233C00000000000000007C
:1094B000000000008FC2753C0000000000000000AA
:1094C000000000000AD7233B00000000000000005D
:1094D000000000000AD7233B00000000000000004D
:1094E000000000000AD7233C00000000000000003C
:1094F000000000000AD7233B00000000000000002D
:10950000000000000AD7A33B00000000000000009C
:10951000000000000AD7233C00000000000000000B
:10952000000000008FC2753C000000000000000039
:10953000000000000AD7233B0000000000000000EC
:10954000000000000AD7233B0000000000000000DC
:10955000000000000AD7233C0000000000000000CB
:1095600000000000941D00243600000000000000F0
:109570003001002430010024000000000000000041
:109580004001002440010024000000000100000010
:10959000EFA100000000000000000000000000003B
:1095A0000000000000000000741E002428000000DD
:1095B000C41E00240A000000C41E00240A0000008B
:1095C000C41E00240A000000C41E00240A0000007B
:1095D000010400000F000358010000000102000018
:1095E0002F00010000000000010300000000000047
:1095F0000000000081010000810200000000000066
:109600000000000081010000810200000000000055
:109610000000000001010000020000000000000046
:10962000000000000000000000000000000000003A
:109630000100000000000000000000000000000029
:109640000000000000000000030000000000000017
:10965000000000000000000000000000000000000A
:1096600004000000000000000000000000000000F6
:1096700000000000000000000500000000000000E5
:1096800000000000000000000000000000000000DA
:1096900006000000000000000000000000000000C4
:1096A00000000000000000000000000000000000BA
:1096B00000000000000000000000000000000000AA
:1096C000000000000000000000000000000000009A
:1096D000EC51B83DEC51383D00002040022B273FB3
:1096E000000088C20000E442CDCCCC3D85EB913E29
:1096F0000000000052491D3B0000803F00000000B8
:109700000000000000000000000000000000000059
:109710000000000000000000000000000000000049
:109720000000000000000000000000000000000039
:109730000000000000000000000000000000000029
:109740000000000000000000000000000000000019
:109750000000000000000000000000000000000009
:1097600000000000000000000000000000000000F9
:1097700000000000713D0A3EEC51383D6666E63F50
:10978000333333C0000040C0000080BFCDCC2CC0BC
:10979000CDCC2CC000000000BC74933B0000803F87
:1097A00000000000000000000000000000000000B9
:1097B00000000000000000000000000000000000A9
:1097C0000000000000000000000000000000000099
:1097D0000000000000000000000000000000000089
:1097E0000000000000000000000000000000000079
:1097F0000000000000000000000000000000000069
:109800000000000000000000000000000000000058
:109810000000000000000000713D0A3EEC51383DA0
:109820000000E03F000000BF0000C0BF000000409B
:10983000000000BF000000BF00000000BC74933BAC
:109840000000803F00000000000000000000000059
:109850000000000000000000000000000000000008
:1098600000000000000000000000000000000000F8
:1098700000000000000000000000000000000000E8
:1098800000000000000000000000000000000000D8
:1098900000000000000000000000000000000000C8
:1098A00000000000000000000000000000000000B8
:1098B000000000000000000000000000EC51B83D76
:1098C0008FC2F53C3333B33FD7A390BF666626C043
:1098D0000000003F0AD7A3BFCDCCECBF00000000C2
:1098E000BC74933B0000803F0000000000000000BB
:1098F0000000000000000000000000000000000068
:109900000000000000000000000000000000000057
:109910000000000000000000000000000000000047
:109920000000000000000000000000000000000037
:109930000000000000000000000000000000000027
:109940000000000000000000000000000000000017
:109950000000000000000000000000000000000007
:109960008FC2F53DEC51383D0000803F0000000003
:10997000000040C000004040000000000000000067
:1099800000000000BC74933B0000803F000000001A
:1099900000000000000000000000000000000000C7
:1099A00000000000000000000000000000000000B7
:1099B00000000000000000000000000000000000A7
:1099C0000000000000000000000000000000000097
:1099D0000000000000000000000000000000000087
:1099E0000000000000000000000000000000000077
:1099F0000000000000000000000000000000000067
:109A0000000000008FC2F53DEC51383DCDCCCC3F7D
:109A1000000000007B14AEBF1F85EB3F000000007C
:109A20000000000000000000BC74933B0000803F79
:109A30000000000000000000000000000000000026
:109A40000000000000000000000000000000000016
:109A50000000000000000000000000000000000006
:109A600000000000000000000000000000000000F6
:109A700000000000000000000000000000000000E6
:109A800000000000000000000000000000000000D6
:109A900000000000000000000000000000000000C6
:109AA00000000000000000008FC2753EEC51B83D80
:109AB0000000803F000000000AD763C00AD763405F
:109AC000000000000000000000000000BC74133C17
:109AD0000000803F000000000000000000000000C7
:109AE0000000000000000000000000000000000076
:109AF0000000000000000000000000000000000066
:109B00000000000000000000000000000000000055
:109B10000000000000000000000000000000000045
:109B20000000000000000000000000000000000035
:109B300001004C04D00703008205D007000000009C
:109B40000100000000000000000000000000000014
:109B50000000000000000000020000000000000003
:109B600000000000000000000000000000000000F5
:109B700003000000000000000000000000000000E2
:109B800000000000000000000400000000000000D1
:109B900000000000000000000000000000000000C5
:109BA00005000000000000000000000000000000B0
:109BB000000000000000000006000000000000009F
:109BC0000000000000000000000000000000000095
:109BD0000000000000000000000000000000000085
:109BE0000000000000000000000000000000000075
:109BF0000000000000000000EC51B83DEC51383D81
:109C00000000803F48E18A400000C04200009443C9
:109C1000B81E9D40964397400000000052491D3BEE
:109C20000000803F00000000000000000000000075
:109C30000000000000000000000000000000000024
:109C40000000000000000000000000000000000014
:109C50000000000000000000000000000000000004
:109C600000000000000000000000000000000000F4
:109C700000000000000000000000000000000000E4
:109C800000000000000000000000000000000000D4
:109C90000000000000000000000000008FC2F53D41
:109CA000EC51383D0000803F6666663F666666BFE1
:109CB0003333733FB81E453FB81E453F00000000D8
:109CC000BC74933B0000803F0000000000000000D7
:109CD0000000000000000000000000000000000084
:109CE0000000000000000000000000000000000074
:109CF0000000000000000000000000000000000064
:109D00000000000000000000000000000000000053
:109D10000000000000000000000000000000000043
:109D20000000000000000000000000000000000033
:109D30000000000000000000000000000000000023
:109D40008FC2F53DEC51383D0000803F3333B33FC7
:109D50003333F3BF9A99D93F3333B33F3333B33FF0
:109D600000000000BC74933B0000803F0000000036
:109D700000000000000000000000000000000000E3
:109D800000000000000000000000000000000000D3
:109D900000000000000000000000000000000000C3
:109DA00000000000000000000000000000000000B3
:109DB00000000000000000000000000000000000A3
:109DC0000000000000000000000000000000000093
:109DD0000000000000000000000000000000000083
:109DE00000000000EC51B83D8FC2F53C0000803F00
:109DF0009A9909C0CDCCCCBF6666E63F666606C0C0
:109E0000A4701DC000000000BC74933B0000803FA4
:109E10000000000000000000000000000000000042
:109E20000000000000000000000000000000000032
:109E30000000000000000000000000000000000022
:109E40000000000000000000000000000000000012
:109E50000000000000000000000000000000000002
:109E600000000000000000000000000000000000F2
:109E700000000000000000000000000000000000E2
:109E800000000000000000008FC2F53DEC51383D9D
:109E90000000803F000000001F855BC014AE5740EB
:109EA000000000000000000000000000BC74933BB4
:109EB0000000803F000000000000000000000000E3
:109EC0000000000000000000000000000000000092
:109ED0000000000000000000000000000000000082
:109EE0000000000000000000000000000000000072
:109EF0000000000000000000000000000000000062
:109F00000000000000000000000000000000000051
:109F10000000000000000000000000000000000041
:109F20000000000000000000000000008FC2F53DAE
:109F3000EC51383D0000803F000000006666E6BF3F
:109F40000000C03F00000000000000000000000012
:109F5000BC74933B0000803F000000000000000044
:109F600000000000000000000000000000000000F1
:109F700000000000000000000000000000000000E1
:109F800000000000000000000000000000000000D1
:109F900000000000000000000000000000000000C1
:109FA00000000000000000000000000000000000B1
:109FB00000000000000000000000000000000000A1
:109FC0000000000000000000000000000000000091
:109FD0008FC2753EEC51B83D0000803F000000008C
:109FE0000AD763C00AD763400000000000000000E9
:109FF00000000000BC74133C0000803F0000000023
:10A000000000000000000000000000000000000050
:10A010000000000000000000000000000000000040
:10A020000000000000000000000000000000000030
:10A030000000000000000000000000000000000020
:10A040000000000000000000000000000000000010
:10A05000000000000000000000009105D007020091
:10A060009E07D00700000000100000000100000063
:10A07000340C00240000000000270024682700247E
:10A08000D0270024000000000000000000000000B5
:10A0900000000000000000000000000000000000C0
:10A0A00000000000000000000000000000000000B0
:10A0B00000000000000000000000000000000000A0
:0400000508018BB9AA
:00000001FF
