:020000040800F2
:10000000002F0024790300081D9C0008E58B0008E0
:1000100081990008FD260008B1BA00080000000020
:1000200000000000000000000000000083A600089F
:100030000D350008000000005DA3000885A600083B
:100040009303000893030008930300089303000838
:100050009303000893030008930300089303000828
:100060009303000893030008930300080D2B000876
:10007000192B0008252B0008312B00083D2B000808
:10008000492B0008552B000893030008153500087C
:100090002135000893030008930300089303000828
:1000A00093030008930300089303000893030008D8
:1000B00093030008930300089303000893030008C8
:1000C00093030008930300089303000893030008B8
:1000D0009303000845BA000865BA000885BA00080D
:1000E0009303000893030008000000009303000836
:1000F0009303000805A9000893030008612B00087A
:100100009303000893030008930300089303000877
:10011000A5AE0008C5AE00089303000893030008CD
:100120006D2B0008792B0008852B0008912B000807
:100130009D2B000893030008930300089303000815
:1001400000000000000000000000000000000000AF
:10015000A92B0008B52B0008C12B000891BA000894
:100160009303000893030008930300089303000817
:100170009303000893030008930300089303000807
:100180009303000893030008E5AE000805AF0008DC
:1001900093030008930300089303000893030008E7
:1001A00093030008930300089303000893030008D7
:1001B00093030008930300089303000893030008C7
:1001C00093030008930300089303000893030008B7
:1001D00093030008930300089303000893030008A7
:1001E0009303000893030008930300089303000897
:1001F0009303000893030008930300089303000887
:100200009303000893030008930300089303000876
:100210009303000893030008930300089303000866
:1002200093030008930300089303000800000000F4
:1002300093030008930300080000000093030008E4
:100240009303000893030008930300089303000836
:100250009303000893030008930300089303000826
:100260009303000893030008930300089303000816
:1002700093030008930300089303000800000000A4
:100280009303000893030008930300080000000094
:10029000000000009303000800F002F800F05CF892
:1002A0000AA090E8000C82448344AAF10107DA45D1
:1002B00001D100F051F8AFF2090EBAE80F0013F0C7
:1002C000010F18BFFB1A43F001031847F4E30000C5
:1002D00014E400000A444FF0000C10F8013B13F046
:1002E000070408BF10F8014B1D1108BF10F8015B8F
:1002F000641E05D010F8016B641E01F8016BF9D182
:1003000013F0080F1EBF10F8014BAD1C0C1B09D1D8
:100310006D1E58BF01F801CBFAD505E014F8016B4A
:1003200001F8016B6D1EF9D59142D6D370470000DC
:100330000023002400250026103A28BF78C1FBD8EE
:10034000520728BF30C148BF0B6070471FB50EF081
:10035000E9F81FBD10B510BD00F05AF91146FFF7BE
:10036000F5FF0DF0FFFC00F078F903B4FFF7F2FFA2
:1003700003BC00F07BF900000948804709480047AA
:10038000FEE7FEE7FEE7FEE7FEE7FEE7FEE7FEE745
:10039000FEE7FEE704480549054A064B70470000A2
:1003A00065A700089902000800290024002F0024F6
:1003B000002B0024002B002453EA020C00F069807B
:1003C0002DE9F04B4FF00006002B1FBFB3FA83F569
:1003D00003FA05F424FA05F65E4012BF1643B2FA9A
:1003E00082F502FA05F4C5F120051EBF22FA05FCCC
:1003F00044EA0C04203556EA044C4FEA144418BF72
:10040000641C4FF000084FF00009904271EB030CA0
:1004100039D3002919BFB1FA81F701FA07F6B0FA0A
:1004200080F700FA07F6C7F120071EBF20FA07FC85
:1004300046EA0C062037B6FBF4FCA7EB0507103F95
:1004400007F01F0BCBF120060CFA0BFB2CFA06F67B
:1004500044BFB3460026202FA4BF5E464FF0000BDA
:100460005BEA060C08BF4FF0010B19EB0B09ABFB65
:10047000027C48EB0608C01B06FB02CC0BFB03CC3E
:1004800071EB0C01C1E70B46024641464846BDE808
:10049000F08B13B54FF000004FF00001AFF3008078
:1004A000BDE81C407047032A40F2308010F0030C76
:1004B00000F0158011F8013BBCF1020F624498BFB7
:1004C00011F801CB00F8013B38BF11F8013BA2F154
:1004D000040298BF00F801CB38BF00F8013B11F0CF
:1004E000030300F02580083AC0F0088051F8043B6F
:1004F000083A51F804CBA0E80810F5E7121D5CBFDC
:1005000051F8043B40F8043BAFF30080D20724BF0E
:1005100011F8013B11F801CB48BF11F8012B24BFA2
:1005200000F8013B00F801CB48BF00F8012B7047F1
:1005300010B5203AC0F00B80B1E81850203AA0E87E
:100540001850B1E81850A0E81850BFF4F5AF5FEAB2
:10055000027C24BFB1E81850A0E8185044BF18C965
:1005600018C0BDE810405FEA827C24BF51F8043B0C
:1005700040F8043B08BF7047D20728BF31F8023B60
:1005800048BF11F8012B28BF20F8023B48BF00F8F4
:10059000012B70474FF0000200B513469446964673
:1005A000203922BFA0E80C50A0E80C50B1F1200186
:1005B000BFF4F7AF090728BFA0E80C5048BF0CC034
:1005C0005DF804EB890028BF40F8042B08BF704792
:1005D00048BF20F8022B11F0804F18BF00F8012B04
:1005E000704770477047704710B500F009F8006811
:1005F00010BD10B5044600F003F8046010BD000003
:1006000000487047A028002400487047A028002414
:100610007546FFF7F9FFAE4605006946534620F0E0
:100620000700854618B020B5FFF7B4FEBDE82040AE
:100630004FF000064FF000074FF000084FF0000B9E
:1006400021F00701AC46ACE8C009ACE8C009ACE851
:10065000C009ACE8C0098D46704710B50446AFF339
:1006600000802046BDE81040FFF77FBE01491820FA
:10067000ABBEFEE7260002007047000010B50F99E0
:10068000039A0B689A4202D04B689A4215D1BDF882
:1006900038208A819DF837300D9ADFED080A63F320
:1006A0001F6200EE102A3022B8EEC00A20EE200AA7
:1006B00081ED020A03A9FFF73BFF10BD050962396E
:1006C0002DE9F041984614460E460746069D0DF06A
:1006D000CDFA23464246314638460DF087FC214686
:1006E00040460DF0B7FB2B462246314638460BF00C
:1006F000BDFE20460DF020FB2B46224631463846F3
:1007000002F0B4F8224631463846BDE8F0410DF01B
:100710005FBB00002DE9F0470B462DED0E8B92F8E4
:10072000421000297ED192F83E1000297AD192F829
:100730003A10012976D1918F4FF47A7903F58066CA
:100740004FF0010C9FEDF70B494502D882F808C025
:10075000A3E1A1F2E93540F2DB57BD4200F5806428
:100760007ED890ED290A9FEDF1DB9FEDF2CB9FED56
:10077000F3BB9FEDF41B9FEDF52B9FEDF63B9FED3B
:10078000F74B9FEDF85B9FEDF96B9FEDFA7B9FEDCB
:10079000FB8B9FEDFC9B9FEDFDABB7EEC00A3DEEE2
:1007A000400BB7EEC00B80ED2A0A90ED520AB7EE6F
:1007B000C00A3CEE400BB7EEC00B80ED530A90ED43
:1007C0007B0AB7EEC00A3BEE400BB7EEC00B80EDE4
:1007D0007C0A90EDA40AB7EEC00A31EE400BB7EEEA
:1007E000C00B80EDA50A90EDCD0AB7EEC00A32EE3F
:1007F000400BB7EEC00B80EDCE0A90EDF60AB7EED7
:10080000C00A33EE400BB7EEC00B80EDF70A94ED53
:100810001F0AB7EEC00A34EE400BB7EEC00B84EDF2
:10082000200A00E0FEE393ED290AB7EEC00A35EE98
:10083000400BB7EEC00B83ED2A0A93ED520AB7EED8
:10084000C00A36EE400BB7EEC00B83ED530A93EDB2
:100850007B0AB7EEC00A37EE400BB7EEC00B00E0E4
:1008600022E083ED7C0A93EDA40AB7EEC00A38EECD
:10087000400BB7EEC00B83EDA50A93EDCD0AB7EEA2
:10088000C00A39EE400BB7EEC00B83EDCE0A93EDF4
:10089000F60AB1EE400A83EDF70A96ED1F0AB7EEAD
:1008A000C00A3AEE400B58E30025A1F6C518B8453A
:1008B0001FD89FEDB8EB9FEDB9DB9FEDBA1B9FED05
:1008C000BB2B9FEDBC3B9FEDBD4B9FEDBE5B9FEDFA
:1008D000BF6B9FEDC07B9FEDC18B9FEDC29B9FEDDA
:1008E000C3AB9FEDC4BB9FEDC5CB157290ED290A3C
:1008F000ABE24FF4FA7AA1F6A178D04508D282F89B
:1009000029C080F81CC582F82CC083F81CC528E3D8
:10091000A1F58858A8F195089FEDBA1BC84552D299
:1009200090ED294A9FEDB95B9FEDBA0B9FEDBB6B34
:100930009FEDBC7B9FEDBD2B9FEDBE3BB7EEC44A48
:1009400031EE441BB7EEC11B80ED2A1A90ED521A0E
:10095000B7EEC11A35EE411BB7EEC11B80ED531A3D
:1009600090ED7B1AB7EEC11A30EE410BB7EEC00B1B
:1009700080ED7C0A90EDA40AB7EEC00A36EE400B7B
:10098000B7EEC00B80EDA50A90EDCD0AB7EEC00A18
:1009900037EE400BB7EEC00B80EDCE0A90EDF60AB5
:1009A000B7EEC00A32EE400BB7EEC00B80EDF70A8F
:1009B00094ED1F0AB7EEC00A33EE400BB7EEC00B42
:1009C00084ED200ACBE3A1F5A858A8F17D08B8452D
:1009D00002D802201072C2E3A1F5D858A8F1590834
:1009E000B84561D890ED292A9FED943B9FED954B3A
:1009F0009FED965B9FED976B9FED987B9FED998B9D
:100A00009FED9A9B9FED9BAB9FED9CBB9FED9DCB7C
:100A10009FED9EDB9FED9FEBB7EEC22A31EE421BAE
:100A2000B7EEC11B80ED2A1A90ED521AB7EEC11A2B
:100A300033EE411BB7EEC11B80ED531A90ED7B1ACC
:100A4000B7EEC11A34EE411BB7EEC11B80ED7C1A24
:100A500090EDA41AB7EEC11A35EE411BB7EEC11BDB
:100A600080EDA51A90EDCD1AB7EEC11A36EE411BF6
:100A7000B7EEC11B80EDCE1A90EDF61AB7EEC11A93
:100A800037EE411BB7EEC11B80EDF71A94ED1F1A2C
:100A9000B7EEC11A38EE411BF9E296ED1F1AB7EE18
:100AA000C11A30EE410B58E2A1F50458A8F13508FF
:100AB000B84505D80DF09AF818460DF097F84EE3B2
:100AC000A1F51C58A8F11108B84502D882F808C051
:100AD00045E3A1F5305CACF1ED0C9FED701B9FED93
:100AE000713B9FED724B9FED735B9FED746B9FEDC0
:100AF000757B9FED762B9FED778B9FED789B9FED20
:100B000079AB9FED7ABB9FED7BCB9FED7CDB9FEDBF
:100B10007D0BBC4505D800BF90ED29EAB7EECEEAC3
:100B2000F4E06EE14E6210F8C68056C066666666F6
:100B30006666E6BFE6D0220B7FB560C006819503EE
:100B4000A1E24FC06F128380830A4AC0C74B3709A6
:100B5000D2B138C052B81E8579104840333333A320
:100B6000F418674054E3A59BC4187440250681150A
:100B7000626C3340E8FBA9E1E52C644016D9CE77DE
:100B8000BB3954C046B6F37D039751C091ED7C9FAD
:100B9000704D66C0F6285C8FC2751EC0FCA9F1F2CC
:100BA000B9EC63C00C022B0769CC44C0FCA9F1521C
:100BB00018B735C01E85EB51DDED4AC0378941605D
:100BC000D68D3940FA7E6A6C9DB96640DBF97E6A43
:100BD000BC187440E4A59B846282434021B072E853
:100BE0000DA7634079E926B1920C4DC0999999D926
:100BF000FD7850C0355EBA492CABD93FAE47E13ADB
:100C00001C7D66C03108AC1C5A641EC0180456FE18
:100C1000D76C61C03BDF4FCD6DBE45C03D0AD7A349
:100C2000D43509C04E621018E2DF4BC0273108AC42
:100C300085782A40560E2DB2CDD567408FC2F598E3
:100C4000DAF061C054E3A59B23F337C055E3A51B3D
:100C50009D1C3F406DE7FB49BEC854C05EBA490CBD
:100C600076602740E6D0228BF8DE67401904560EE6
:100C70002D587340CFF753E300134140D122DB7965
:100C8000241F584016D9CE77BB3934C04C3789A1C0
:100C9000D9325AC0B072689109CB024021B0726853
:100CA000917D4240A245B6B31F2D57C0F4FDD4F844
:100CB0006F2C36C0DCF97E6AF0B54EC01C5A643B1E
:100CC000330B0B405C8FC275525430C0EA2631881A
:100CD0001DBF36402B8716D9CE636F4021B0726896
:100CE00087D02AC0BA490CC218CD5540F6285C2FCF
:100CF000356E5BC08195438BC16D25C0DD240681B7
:100D0000A74510C0CBA145B69FA01FC031EE4E1B1A
:100D1000B7EEC11B80ED2A1A90ED521AB7EEC11A38
:100D200033EE411BB7EEC11B80ED531A90ED7B1AD9
:100D3000B7EEC11A34EE411BB7EEC11B80ED7C1A31
:100D400090EDA41AB7EEC11A35EE411BB7EEC11BE8
:100D500080EDA51A90EDCD1AB7EEC11A36EE411B03
:100D6000B7EEC11B80EDCE1A90EDF61AB7EEC11AA0
:100D700037EE411BB7EEC11B80EDF71A94ED1F1A39
:100D8000B7EEC11A32EE411BB7EEC11B84ED201A3B
:100D900093ED291AB7EEC11A38EE411BB7EEC11B0D
:100DA00083ED2A1A93ED521AB7EEC11A39EE411BA0
:100DB000B7EEC11B83ED531A93ED7B1AB7EEC11A40
:100DC0003AEE411BB7EEC11B83ED7C1A93EDA41ADA
:100DD000B7EEC11A3BEE411BB7EEC11B83EDA51A5E
:100DE00093EDCD1AB7EEC11A3CEE411BB7EEC11B15
:100DF00083EDCE1A93EDF61AB7EEC11A3DEE411B04
:100E000083E1A1F5485CACF1C90CBC457ED890EDFE
:100E1000290A9FEDD6EB9FEDD7DB9FEDD81B9FED09
:100E2000D92B9FEDDA3B9FEDDB4B9FEDDC5B9FED1C
:100E3000DD6B9FEDDE7B9FEDDF8B9FEDE09B9FEDFC
:100E4000E1AB9FEDE2BB9FEDE3CBB7EEC00A3EEE18
:100E5000400BB7EEC00B80ED2A0A90ED520AB7EEB8
:100E6000C00A3DEE400BB7EEC00B80ED530A90ED8B
:100E70007B0AB7EEC00A31EE400BB7EEC00B80ED37
:100E80007C0A90EDA40AB7EEC00A32EE400BB7EE32
:100E9000C00B80EDA50A90EDCD0AB7EEC00A33EE87
:100EA000400BB7EEC00B80EDCE0A90EDF60AB7EE20
:100EB000C00A34EE400BB7EEC00B80EDF70A94ED9C
:100EC0001F0AB7EEC00A35EE400BB7EEC00B84ED3B
:100ED000200A93ED290AB7EEC00A36EE400BB7EEB2
:100EE000C00B83ED2A0A93ED520AB7EEC00A37EE23
:100EF000400BB7EEC00B83ED530A93ED7B0AB7EEC0
:100F0000C00A38EE400BB7EEC00B00E02AE083EDDC
:100F10007C0A93EDA40AB7EEC00A39EE400BB7EE97
:100F2000C00B83EDA50A93EDCD0AB7EEC00A3AEEE9
:100F3000400BB7EEC00B83EDCE0A93EDF60AB7EE89
:100F4000C00A3BEE400BB7EEC00B83EDF70A96EDFF
:100F50001F0AB7EEC00A3CEE400BB7EEC00B86EDA1
:100F6000200AFCE0A1F5605CACF1A50CBC451ED8E4
:100F700090ED290A9FED99EB9FED9ADB9FED9B1B6E
:100F80009FED9C2B9FED9D3B9FED9E4B9FED9F5BAF
:100F90009FEDA06B9FEDA17B9FEDA28B9FEDA39B8F
:100FA0009FEDA4AB9FEDA5BB9FEDA6CB4DE76FF4E6
:100FB0007A5C8C44BCF52F7F08D282F8295080F8E7
:100FC0001C5582F82C5083F81C55C8E0A1F5824CC2
:100FD000ACF13D0CBCF5487F7ED290ED293A9FEDF7
:100FE0009B4B9FED9C5B9FED9D6B9FED9E7B9FEDD3
:100FF0009F8B9FEDA09B9FEDA1AB9FEDA2BB9FEDB3
:10100000A3CB9FEDA4DB9FEDA5EBB7EEC33A31EE8A
:10101000431BB7EEC11B80ED2A1A90ED521AB7EEB2
:10102000C11A00E09EE034EE411BB7EEC11B80ED1B
:10103000531A90ED7B1AB7EEC11A35EE411BB7EE8D
:10104000C11B80ED7C1A90EDA41AB7EEC11A36EEE2
:10105000411BB7EEC11B80EDA51A90EDCD1AB7EE7E
:10106000C11A37EE411BB7EEC11B80EDCE1A90EDD1
:10107000F61AB7EEC11A38EE411BB7EEC11B80ED70
:10108000F71A94ED1F1AB7EEC11A32EE411BB7EEF4
:10109000C11B84ED201A93ED291AB7EEC11A39EE5F
:1010A000411BB7EEC11B83ED2A1A93ED521AB7EE1E
:1010B000C11A3AEE411BB7EEC11B83ED531A93EDF3
:1010C0007B1AB7EEC11A3BEE411BB7EEC11B83ED95
:1010D0007C1A93EDA41A00E01CE0B7EEC11A3CEEB6
:1010E000411BB7EEC11B83EDA51A93EDCD1AB7EEE8
:1010F000C11A3DEE411BB7EEC11B83EDCE1A93ED35
:10110000F61AB7EEC11A3EEE411BB7EEC11B83EDD6
:10111000F71AC2E4A1F5884CACF15D0CBC457FF632
:10112000FBACACF2DC54BC4205D80DF091F918468A
:101130000DF08EF913E0A1F5A041153951450ED2FD
:10114000B7EE000A82F83A5034320CF097FCB7EE52
:10115000000A18460CF092FC957002F83459908FF2
:10116000401C9087BDEC0E8BBDE8F087C3F5285C72
:101170008FE23940273108AC85785AC0759318043E
:10118000C51D56C0B0726851C65F56C0B29DEF27EC
:101190002DD7494021B0726887D01A40B81E85EB20
:1011A000B15512C0295C8FC2F5646F40D9CEF75398
:1011B0005380F03F1C5A64FBFC4C60401E85EB7171
:1011C00005FA61C0448B6CE7D2DD48C079E926316D
:1011D00019E32540D122DBF9AAF51040355EBA4962
:1011E0000CE2394023DBF97E31B35AC0EA2631A83C
:1011F000381E5CC04E6210D8AB2151C0CBA145B6A1
:10120000AC4D414004560E2D3A6BFCBF8FC2F52801
:1012100068A004C01B2FDD2406656F40E27A14AE7F
:10122000FB0A0040BC7493483500634061E5D0A2DE
:10123000996C5EC0D578E926FFBA40C014AE47E18C
:101240008A800BC05EBA490C7660174023DBF95EDA
:10125000165455C0355EBA492CAB59C0C520B07282
:10126000A1F84FC0295C8FC22F5B1A4055E3A51B24
:101270009D1C3FC0A4703D0AD7636F40560E2DB22F
:10128000CDD537C0DBF97E2ABAF76340323333530A
:101290009D275FC0CBA14536267738C04260E5D098
:1012A00028FB18C0F0B50B462DED0E8B92F84210BE
:1012B00001290FD192F83E100029FAD192F83A1084
:1012C0000029F6D1B2F8441001254FF47A7C61452B
:1012D00001D81572E9E1A1F2E93440F2DB57BC42D2
:1012E00003F5806600F580649FEDF00B5CD890ED0F
:1012F000291A9FEDF0EB9FEDF12B9FEDF23B9FED57
:10130000F34B9FEDF45B9FEDF56B9FEDF67B9FED4F
:10131000F78B9FEDF89B9FEDF9AB9FEDFABB9FED2F
:10132000FBCB9FEDFCDBB7EEC11A3EEE411BB7EEE7
:10133000C11B80ED2A1A90ED521AB7EEC11A32EE97
:10134000411BB7EEC11B80ED531A90ED7B1AB7EE2F
:10135000C11A33EE411BB7EEC11B80ED7C1A90ED34
:10136000A41AB7EEC11A30EE410BB7EEC00B80EDF8
:10137000A50A90EDCD0AB7EEC00A34EE400BB7EEE9
:10138000C00B80EDCE0A90EDF60AB7EEC00A35EE3E
:10139000400BB7EEC00B80EDF70A94ED1F0AB7EED5
:1013A000C00A36EE400BEDE2A1F6C51EBE451ED8C2
:1013B00090ED290A9FEDD9EB9FEDDADB9FEDDB1B6A
:1013C0009FEDDC2B9FEDDD3B9FEDDE4B9FEDDF5B6B
:1013D0009FEDE06B9FEDE17B9FEDE28B9FEDE39B4B
:1013E0009FEDE4AB9FEDE5BB9FEDE6CB25E0A1F6DD
:1013F000A17EE6457ED3AEF57A75BD427BD890EDF1
:10140000290A9FEDE2EB9FEDE3DB9FEDE41B9FEDEF
:10141000E52B9FEDE63B9FEDE74B9FEDE85B9FEDF6
:10142000E96B9FEDEA7B9FEDEB8B9FEDEC9B9FEDD6
:10143000EDAB9FEDEEBB9FEDEFCBB7EEC00A3EEEFE
:10144000400BB7EEC00B80ED2A0A90ED520AB7EEC2
:10145000C00A3DEE400BB7EEC00B80ED530A90ED95
:101460007B0AB7EEC00A31EE400BB7EEC00B80ED41
:101470007C0A90EDA40AB7EEC00A32EE400BB7EE3C
:10148000C00B80EDA50A90EDCD0AB7EEC00A33EE91
:10149000400BB7EEC00B80EDCE0A90EDF60AB7EE2A
:1014A000C00A34EE400BB7EEC00B80EDF70A94EDA6
:1014B0001F0AB7EEC00A35EE400BB7EEC00B84ED45
:1014C000200A93ED290AB7EEC00A36EE400BB7EEBC
:1014D000C00B83ED2A0A93ED520AB7EEC00A37EE2D
:1014E000400BB7EEC00B83ED530A93ED7B0AB7EECA
:1014F000C00A01E096E22AE038EE400BB7EEC00BDE
:1015000083ED7C0A93EDA40AB7EEC00A39EE400BD6
:10151000B7EEC00B83EDA50A93EDCD0AB7EEC00A76
:101520003AEE400BB7EEC00B83EDCE0A93EDF60A10
:10153000B7EEC00A3BEE400BB7EEC00B83EDF70AE7
:1015400096ED1F0AB7EEC00A3CEE400B60E3A1F532
:10155000C855653D9FEDA91BBD427CD890ED290A79
:101560009FEDA8DB9FEDA9CB9FEDAA2B9FEDAB3B99
:101570009FEDAC4B9FEDAD5B9FEDAE6B9FEDAF7BF9
:101580009FEDB08B9FEDB19B9FEDB2AB9FEDB3BBD9
:10159000B7EEC00A6FF4E1513DEE400BB7EEC00B61
:1015A00080ED2A0A90ED520AB7EEC00A3CEE400BDD
:1015B000B7EEC00B80ED530A90ED7B0AB7EEC00A80
:1015C00032EE400BB7EEC00B80ED7C0A90EDA40A22
:1015D000B7EEC00A33EE400BB7EEC00B80EDA50AA4
:1015E00090EDCD0AB7EEC00A34EE400BB7EEC00B5B
:1015F00080EDCE0A90EDF60AB7EEC00A31EE400B50
:10160000B7EEC00B80EDF70A94ED1F0AB7EEC00AE3
:1016100035EE400BB7EEC00B84ED200A93ED290A9E
:10162000B7EEC00A36EE400BB7EEC00B83ED2A0AC8
:1016300093ED520AB7EEC00A37EE400BB7EEC00B7F
:1016400083ED530A93ED7B0AB7EEC00A38EE400BE8
:10165000B7EEC00B00E010E183ED7C0A93EDCD0AFC
:10166000B7EEC00A39EE400BB7EEC00B83EDCE0AE1
:1016700093EDF60AB7EEC00A3AEE400BB7EEC00B98
:1016800083EDF70A96ED1F0AB7EEC00A3BEE400B5A
:10169000B7EEC00B86ED200AB2F844000844B0F55E
:1016A000487F02D293EDA41ADCE0B5E2976E1203F4
:1016B0008A544BC0B0726891EDDC35C014AE47A1BE
:1016C00047155FC0E27A14AEEE5D4EC0976E12838E
:1016D000102B2440759318843E474D40C3F5283C99
:1016E000DCB65A406F1283C0CAED724014AE476137
:1016F000115734407B14AE279BB95E403108AC1CB7
:10170000D8E559C0D44D6210482BFFBF1E85EB9120
:1017100020594740A245B623927D64C0F2D24D6263
:1017200010383EC02DB29D3FDB1162C0E8FBA931ED
:1017300030714AC0560E2DB2CDD537C0B072689107
:1017400009CB1240EC51B85E84364A40CDCCCC4C2B
:10175000D059584017D9CEF753ED7240AC1C5A649B
:10176000B5054340DE2406213CCE5C404E62109815
:1017700068B654C0560E2D3254AC30405EBA490C97
:1017800076604740F2D24D82677F64C037894160FE
:10179000E5303EC0FED47879D61F61C0C976BE9FC1
:1017A000026B41C00AD7A3F0BEE934C05A643BDFE4
:1017B000219B17C008AC1CDA140745408B6CE7BBB3
:1017C000D06F58403333333333D57240CDCCCCCC8B
:1017D00056303140D678E9C693435D408941602553
:1017E000AD6351C016D9CEF734632B409DEFA746A9
:1017F00088FC3A40FCA9F122E9D164C0E4A59BC46D
:1018000098401EC023DBF97E6AFC2A40CFF753B311
:10181000D12D60C0EC51B81E41CB0DC01A2FDD6434
:10182000CC9347C01C5A647B767647407F6ABC7471
:10183000178B15C0C74B378941646F40D122DBF944
:10184000AAF530407B14AE07805A49401C5A643BCD
:10185000330B0BC04E621058254B18C07F6ABC7406
:10186000178B05409FEDED0BB7EEC11A30EE410B23
:10187000B7EEC00B83EDA50AC4E26FF4FA550D4430
:10188000BD421ED890ED290A9FEDE6EB9FEDE7DB08
:101890009FEDE81B9FEDE92B9FEDEA3B9FEDEB4BA6
:1018A0009FEDEC5B9FEDED6B9FEDEE7B9FEDEF8B86
:1018B0009FEDF09B9FEDF1AB9FEDF2BB9FEDF3CB66
:1018C000BBE5A1F514551D3DBD427CD890ED290A1C
:1018D0009FEDF0EB9FEDF12B9FEDF23B9FEDF34B76
:1018E0009FEDF45B9FEDF56B9FEDF67B9FEDF78B26
:1018F0009FEDF89B9FEDF9AB9FEDFABB9FEDFBCB06
:101900009FEDFCDBB7EEC00A3EEE400BB7EEC00B1E
:1019100080ED2A0A90ED520AB7EEC00A32EE400B73
:10192000B7EEC00B80ED530A90ED7B0AB7EEC00A0C
:1019300033EE400BB7EEC00B80ED7C0A90EDA40AAD
:10194000B7EEC00A34EE400BB7EEC00B80EDA50A2F
:1019500090EDCD0AB7EEC00A35EE400BB7EEC00BE6
:1019600080EDCE0A90EDF60AB7EEC00A36EE400BD7
:10197000B7EEC00B80EDF70A94ED1F0AB7EEC00A70
:1019800031EE400BB7EEC00B84ED200A93ED290A2F
:10199000B7EEC00A37EE400BB7EEC00B83ED2A0A54
:1019A00093ED520AB7EEC00A38EE400BB7EEC00B0B
:1019B00083ED530A93ED7B0AB7EEC00A39EE400B74
:1019C000B7EEC00B00E026E083ED7C0A93EDA40A9D
:1019D000B7EEC00A3AEE400BB7EEC00B83EDA50A96
:1019E00093EDCD0AB7EEC00A3BEE400BB7EEC00B4D
:1019F00083EDCE0A93EDF60AB7EEC00A3CEE400B3B
:101A0000B7EEC00B83EDF70A96ED1F0AB7EEC00ADA
:101A10003DEE400BFCE0A1F5285C0025ACF1F90C93
:101A2000BC4508D882F8295080F81C5582F82C5003
:101A300083F81C55E6E1A1F5405CACF1D50C9FEDB7
:101A4000AF1B9FEDB02BBC453AD890ED293A9FEDE6
:101A5000AF4B9FEDB05B9FEDB16B9FEDB27B9FED08
:101A6000B38B9FEDB49B9FEDB5AB9FEDB6BB9FEDE8
:101A7000B7CB9FEDB8DB9FEDB9EBB7EEC33A34EED1
:101A8000433BB7EEC33B80ED2A3A90ED523AB7EEB6
:101A9000C33A35EE433BB7EEC33B80ED533A90ED8E
:101AA0007B3AB7EEC33A36EE433BB7EEC33B80ED2D
:101AB0007C3A90EDA43AB7EEC33A30EE430B41E0E6
:101AC000A1F5585CACF1B10CBC457CD890ED290A6D
:101AD0009FEDA43B9FEDA54B9FEDA65B9FEDA76BF4
:101AE0009FEDA87B9FEDA98B9FEDAA9B9FEDABABD4
:101AF0009FEDACBB9FEDADCB9FEDAEDB9FEDAFEBB4
:101B0000B7EEC00A33EE400BB7EEC00B80ED2A0AE9
:101B100090ED520AB7EEC00A34EE400BB7EEC00BA0
:101B200080ED530A90ED7B0AB7EEC00A35EE400B0C
:101B3000B7EEC00B80ED7C0A90EDA40AB7EEC00AA8
:101B400036EE400BB7EEC00B80EDA50A90EDCD0A46
:101B5000B7EEC00A37EE400BB7EEC00B80EDCE0AF1
:101B600090EDF60AB7EEC00A38EE400BB7EEC00BA8
:101B700080EDF70A94ED1F0AB7EEC00A31EE400B74
:101B8000B7EEC00B84ED200A93ED290AB7EEC00A28
:101B900039EE400BB7EEC00B83ED2A0A93ED520AE3
:101BA000B7EEC00A3AEE400BB7EEC00B83ED530A16
:101BB00093ED7B0AB7EEC00A3BEE400BB7EEC00BCD
:101BC00083ED7C0A00E0FDE093EDA40AB7EEC00AC5
:101BD0003CEE400BB7EEC00B83EDA50A93EDCD0AAA
:101BE000B7EEC00A3DEE400BB7EEC00B83EDCE0A58
:101BF00093EDF60AB7EEC00A3EEE400BB7EEC00B0F
:101C000083EDF70A96ED1F0AB7EEC00A32EE400BDD
:101C1000B7EEC00B86ED200AF4E00000FCA9F1321B
:101C2000F0AA5EC0E5D022DBF97E304023DBF9DE8E
:101C30008F7D5CC0D578E9461A1A56C03108AC3C95
:101C400000F250C022DBF93EEE474E40C1CAA1452A
:101C50005AE021408716D9CEBF1505C08195438B28
:101C60006C777040DD240681A74520400AD7A33059
:101C700002556140713D0AB7484C5FC0AAF1D20DD0
:101C8000C8B746C054E3A59B23F32740A8C64B37EB
:101C9000614013C0B0726891ED7C30409999997998
:101CA00092015DC09F1A2F5D32DF5AC079E926F19B
:101CB000D57749C09DEFA74688FC4A407B14AE47C4
:101CC000C3C515403D0AD7A370777040250681959E
:101CD000DB951A40653BDF8FB77363401C5A643B4A
:101CE000330B5BC0EC51B81E41CB3DC0F4FDD47842
:101CF000E9551D404A0C022BD18528C0DD24068100
:101D0000A74510C0BE9F1A2FB0FD21C07B14AE475F
:101D1000E17A3040AAF1D26D268258C0BA490CE26D
:101D2000332C5BC0894160A5268D4840DE240681A6
:101D30009A982EC004560E2DB27770401E85EB5136
:101D4000DDED2AC0BC74937864E5634016D9CEF704
:101D500034635BC07F6ABCF490B43CC0C1CAA14587
:101D60005AE021C096438B6CE77B30407B14AE0772
:101D7000805A59C09BC42030DE193BC0B072681134
:101D800083F449C0976E1283102BE43F5EBA490C6E
:101D9000766017C0C1CAA145B67770400C022B8788
:101DA000E2F50BC0BC7493D8C2AF55402B871679AF
:101DB0007B7358C0D122DBF9AAF50040CFF753E37B
:101DC000001321C0A1F570548D3CBC4205D80CF025
:101DD0003FFB18460CF03CFB14E0A1F58441693947
:101DE000B1F5FA7F0ED2B7EE000A82F842503432D3
:101DF0000BF044FEB7EE000A18460BF03FFE95705C
:101E000002F83459B2F84400401CA2F84400BDEC7A
:101E10000E8BF0BD2DE9F04704460B462DED0E8BE1
:101E200092F8420000287DD192F83E00012879D135
:101E300092F83A00002875D1B2F840004FF4487A81
:101E400050450AD8B7EE080A20460BF017FEB7EE49
:101E5000080A18460BF012FE62E3A0F221314FF09F
:101E60000209B1F5966FDFEDFE0A24D2B0EE600AEA
:101E7000204682F808900BF001FEB0EE600A18468A
:101E80000BF0FCFD94ED291A9FEDF62B9FEDF70B5F
:101E9000B7EEC11A32EE411BB7EEC11B84ED2A1A10
:101EA00093ED291AB7EEC11A30EE410BB7EEC00B15
:101EB00083ED2A0A60E300254FF0010CA0F2D171F6
:101EC000B1F57A7F03D2157282F835C054E3A0F6DB
:101ED000B93740F2DB56B74203F5806104F58067FD
:101EE0009FEDE41B9FEDE52B7ED89FEDE60B9FED6C
:101EF000E73B9FEDE84B9FEDE95B9FEDEA6B9FEDC4
:101F0000EB7B9FEDEC8B9FEDED9B9FEDEEAB9FEDA3
:101F1000EFBB9FEDF0CB9FEDF1DB82F8355094EDF8
:101F200029EA00E02DE3B7EECEEA30EE4E0BB7EE35
:101F3000C00B84ED2A0A94ED520AB7EEC00A33EEC4
:101F4000400BB7EEC00B84ED530A94ED7B0AB7EE5D
:101F5000C00A34EE400BB7EEC00B84ED7C0A94ED62
:101F6000A40AB7EEC00A35EE400BB7EEC00B84ED05
:101F7000A50A94EDCD0AB7EEC00A36EE400BB7EED7
:101F8000C00B84EDCE0A94EDF60AB7EEC00A37EE28
:101F9000400BB7EEC00B84EDF70A97ED1F0AB7EEC2
:101FA000C00A38EE400BB7EEC00B87ED200A93ED68
:101FB000290AB7EEC00A39EE400BB7EEC00B83ED2D
:101FC0002A0A93ED520AB7EEC00A3AEE400BB7EE7A
:101FD000C00B83ED530A93ED7B0AB7EEC00A3BEECC
:101FE000400BB7EEC00B00E026E083ED7C0A93EDDA
:101FF000A40AB7EEC00A3CEE400BB7EEC00B83ED6F
:10200000A50A93EDCD0AB7EEC00A3DEE400BB7EE40
:10201000C00B83EDCE0A93EDF60AB7EEC00A31EE9F
:10202000400BB7EEC00B83EDF70A91ED1F0AB7EE38
:10203000C00A32EE400B5DE2A0F58858A8F1950881
:102040009FEDA83BB0457CD894ED290A9FEDA74BA6
:102050009FEDA85B9FEDA96B9FEDAA7B9FEDAB8BDE
:102060009FEDAC9B9FEDADAB9FEDAEBB9FEDAFCBBE
:102070009FEDB0DB9FEDB1EBB7EEC00A34EE400B45
:10208000B7EEC00B84ED2A0A94ED520AB7EEC00AEF
:1020900032EE400BB7EEC00B84ED530A94ED7B0A91
:1020A000B7EEC00A35EE400BB7EEC00B84ED7C0AEC
:1020B00094EDA40AB7EEC00A36EE400BB7EEC00BA3
:1020C00084EDA50A94EDCD0AB7EEC00A37EE400BB9
:1020D000B7EEC00B84EDCE0A94EDF60AB7EEC00A57
:1020E00038EE400BB7EEC00B84EDF70A97ED1F0AF0
:1020F000B7EEC00A31EE400BB7EEC00B87ED200AF9
:1021000093ED290AB7EEC00A33EE400BB7EEC00BD1
:1021100083ED2A0A93ED520AB7EEC00A39EE400B5E
:10212000B7EEC00B83ED530A93ED7B0AB7EEC00AFE
:102130003AEE400BB7EEC00B83ED7C0A93EDA40A98
:1021400000E022E0B7EEC00A3BEE400BB7EEC00B5A
:1021500083EDA50A93EDCD0AB7EEC00A3CEE400B25
:10216000B7EEC00B83EDCE0A93EDF60AB7EEC00AC8
:102170003DEE400BB7EEC00B83EDF70A91ED1F0A61
:10218000B7EEC00A3EEE400BB4E1A0F5B858A8F196
:102190007108D04514D2DFED6B0A82F829C02046C1
:1021A00084F81CC582F82CC0B0EE600A83F81CC508
:1021B0000BF064FCB0EE600A18460BF05FFCDBE14C
:1021C000A0F5D058A8F19108B8F52F7F46D293ED2D
:1021D000294A9FED5D2B9FED5E6B9FED5F1B9FED91
:1021E000605B9FED617B9FED620BB7EEC44A33EEFF
:1021F000443BB7EEC33B83ED2A3A93ED523AB7EE38
:10220000C33A32EE432BB7EEC22B83ED532A93ED44
:102210007B2AB7EEC22A36EE422BB7EEC22B83EDF5
:102220007C2A93EDA42AB7EEC22A31EE421BB7EE08
:10223000C11B83EDA51A93EDCD1AB7EEC11A35EE89
:10224000411BB7EEC11B83EDCE1A93EDF61AB7EE24
:10225000C11A37EE411BB7EEC11B8DE095E00000BF
:102260003333333F77BE9F1A2FDD33C05C8FC2F507
:10227000287071401C5A643B330B2B406DE7FB19EF
:102280008FE363C0448B6CE7FB6945C08B6CE76BE5
:10229000862B62C0F853E305A99250C02DB29D6F02
:1022A0000AF732C0AE47E13A1C7D4640EC51B81EF9
:1022B00041CB4D40DE2406819A982E40560E2DB219
:1022C0009DED72405839B4C877B837403D0AD7639E
:1022D00091CA5C403108ACFCBC8654C021B0726825
:1022E00087D04A40BE9F1A2FDD007440C520B072CF
:1022F00068D148C09BC42050062652C023DBF97E1B
:1023000031B32A40BE9F1AAF292749400AD7A330CC
:10231000025541408B6CE7FB13DB4440068195A3DB
:1023200042185E4048E17AD4E3374CC0F6285CEFAF
:10233000FEAF504052B81E8579102840295C8F723C
:10234000E51664C0CDCC0C3F4D3789C1F4913F40B8
:102350009BC42030DE195B4020B0722844654EC01B
:102360004D3789C1F4914F408195438BC16D254014
:1023700079E926D1BA1864C083EDF71A91ED1F1AD6
:10238000B7EEC11A30EE410BB4E0A0F5E858A8F161
:102390004D08B04502D882F808C0EDE0A0F50C5C0D
:1023A000ACF1290CB4457CD894ED290A9FED77EB6C
:1023B0009FED78DB9FED791B9FED7A2B9FED7B3BAB
:1023C0009FED7C4B9FED7D5B9FED7E6B9FED7F7B5B
:1023D0009FED808B9FED819B9FED82AB9FED83BB3B
:1023E0009FED84CBB7EEC00A3EEE400BB7EEC00BBC
:1023F00084ED2A0A94ED520AB7EEC00A3DEE400B76
:10240000B7EEC00B84ED530A94ED7B0AB7EEC00A19
:1024100031EE400BB7EEC00B84ED7C0A94EDA40ABC
:10242000B7EEC00A32EE400BB7EEC00B84EDA50A42
:1024300094EDCD0AB7EEC00A33EE400BB7EEC00BF9
:1024400084EDCE0A94EDF60AB7EEC00A34EE400BE6
:10245000B7EEC00B84EDF70A97ED1F0AB7EEC00A7E
:1024600035EE400BB7EEC00B87ED200A93ED290A3D
:10247000B7EEC00A36EE400BB7EEC00B83ED2A0A6A
:1024800093ED520AB7EEC00A37EE400BB7EEC00B21
:1024900083ED530A93ED7B0AB7EEC00A38EE400B8A
:1024A00000E02CE0B7EEC00B83ED7C0A93EDA40AAC
:1024B000B7EEC00A39EE400BB7EEC00B83EDA50AAC
:1024C00093EDCD0AB7EEC00A3AEE400BB7EEC00B63
:1024D00083EDCE0A93EDF60AB7EEC00A3BEE400B51
:1024E000B7EEC00B83EDF70A91ED1F0AB7EEC00AF5
:1024F0003CEE400BB7EEC00B81ED200A3CE0A0F5AE
:1025000024510539B14212D8B0EE600A20460BF0D2
:10251000B5FAB0EE600A18460BF0B0FA82F83590C2
:1025200020460BF063FB18460BF060FB24E0A0F59F
:102530003851E139B14204D882F8355082F8089018
:102540001AE0A0F55050BD38B0F5FA7F14D2B7EEBE
:10255000000A204682F83E500BF090FAB7EE000ACF
:1025600018460BF08BFA82F8365082F83450157703
:1025700084F80C5583F80C55B2F84000401CA2F8C2
:102580004000BDEC0E8BBDE8F0870000EE7C3F35CF
:102590005EFA47C0FA7E6A9CCC9E57C0DE24068154
:1025A0009A984EC08D976E12BEBD24C085EB51B86F
:1025B00015334540560E2DB2CDD527408716D9CEBE
:1025C000BF15F53FC520B07268C1724052B81E8574
:1025D000791018C08D976EF295B15D4085EB51185A
:1025E00074FD56C00E2DB21D13AF54C0FCA9F1529C
:1025F00018B73540F4FDD478E955AD3F70B50D46B8
:1026000092F93610144606460022012029B101290C
:1026100022D1218F012937D058E096F80C15C9072F
:102620001AD195F80C15C90716D1324B194693F8F3
:10263000375091F83A3091F83610012D0DD0BDB1D8
:102640000AD1012908D1012B06D184F8360022874E
:1026500084F83E00A4F8402070BD0029F1D1012B80
:10266000FAD184F83600228784F83A00A28770BD38
:102670000129FCD1012BFAD184F83600228784F895
:102680004200A4F8442070BD84F834002934284660
:1026900009F0B2FE304609F0AFFE28460BF0D8FE36
:1026A00030460BF0D5FEDFED140A3046B0EE600A7E
:1026B0000BF0E4F9B0EE600A28460BF0DFF9227067
:1026C00086F81C25E270293C85F81C2522462946FF
:1026D0003046FEF71FF8224629463046FEF7E2FD57
:1026E000224629463046FFF795FB208F401C208765
:1026F00070BD0000A8100024CDCC4C3FFEE70000C8
:1027000030B59BB00546302201466846FDF710FF04
:10271000134C94E80F0007F073F93022294601A802
:10272000FDF706FFE06800900DA894E80E0007F0A2
:1027300029F90C48302229460D9001A8FDF7F8FE32
:10274000E06800900EA894E80E00FDF797FF064899
:1027500030220EA9FDF7ECFE1BB0002030BD0000BA
:10276000F00B00241C0100246011002430B59BB044
:102770000546302201466846FDF7DAFE134C94E820
:102780000F0007F03DF93022294601A8FDF7D0FEE1
:10279000E06800900DA894E80E0007F0F3F80C48EC
:1027A000302229460D9001A8FDF7C2FEE068009096
:1027B0000EA894E80E00FDF761FF064830220EA92E
:1027C000FDF7B6FE1BB0002030BD0000000C002459
:1027D0002C0100249011002410B588B0044601ABF0
:1027E000002002210090012283E80700049069463E
:1027F0000590206802F0EBFA20680022012102F027
:102800005BFA206802F0ADFF08B010BD10B58AB0C9
:102810000C68002308220493CDE90043CDE902327D
:102820000A1D05930693694607930893006802F012
:1028300093FA10B100200AB010BD0120FBE70000A0
:10284000074B02689A4202D1064AD1601060064BDB
:1028500002689A4203D1034A1032D1601060704777
:1028600000A00040F00B002400A400402DE9F04738
:1028700007464E480D46117F99461446012290F8AE
:1028800037C0002690F8363051B101291DD1216A98
:102890004FF4FA6841451AD8227284F8342065E072
:1028A0004349BCF1010F03D091F83150012D0CD1F7
:1028B000002B0AD190F83F00012803D091F839008D
:1028C000012802D122772662E684BDE8F087A1F2D2
:1028D000D172424509D238460BF0BAFD28460BF0BA
:1028E000B7FD267284F8346040E0B1F57A6F3DD3CD
:1028F00094F82410D1BBBCF1000F804605D1012B08
:1029000003D198F83900012806D0A7F80E6500BF5A
:1029100098F83710D9B122E0B7F80E05401C80B204
:10292000A7F80E05142816D197F80C05C00703D197
:102930004946384600F094F897F80C05401C87F893
:102940000C05C107E4D138460BF082FDE0E798F8AA
:102950003600012803D198F8380001280AD0A5F8DC
:102960000E65224629463846FFF748FE206A401C7D
:102970002062AAE7B5F80E05401C80B2A5F80E0546
:102980001428EED195F80C05C00703D14946284616
:1029900000F010F895F80C05401C85F80C05C107EF
:1029A000DFD128460BF054FDDBE70000A81000241F
:1029B000540D002410B551F8403F224C00F58062C0
:1029C000C0F8B43040F8B03F0B6863604B681E4CF1
:1029D000C0F8A830C0F8A4304B6863608B681B4C0B
:1029E000C0F84C31C0F848318B686360CB68184C34
:1029F000C0F8F031C0F8EC31CB6863600B69154C5E
:102A0000C0F89432C0F890320B6963604B69C0F82B
:102A10003833C0F83433104B4869586091F91800C6
:102A200000EE100AB8EEC00A82ED230A82ED220AF7
:102A300091F9180000EE100A0848B8EEC00A80EDBF
:102A4000010A10BD9C0C0024AC0C0024BC0C00241A
:102A5000CC0C0024DC0C0024EC0C0024FC0C002426
:102A600010B551F8273F224C00F58062C0F8B43011
:102A700040F8B03F0B6863604B681E4CC0F8A8304C
:102A8000C0F8A4304B6863608B681B4CC0F84C31B5
:102A9000C0F848318B686360CB68184CC0F8F031DF
:102AA000C0F8EC31CB6863600B69154CC0F8943208
:102AB000C0F890320B6963604B69C0F83833C0F8D6
:102AC0003433104B4869586091F9180000EE100A31
:102AD000B8EEC00A82ED230A82ED220A91F91800AD
:102AE00000EE100A0848B8EEC00A80ED010A10BDD9
:102AF0002C0C00243C0C00244C0C00245C0C002406
:102B00006C0C00247C0C00248C0C0024014801F087
:102B1000A9B9000084240024014801F0A3B90000F1
:102B200064260024014801F09DB90000DC26002441
:102B3000014801F097B90000EC250024014801F09C
:102B400091B9000074250024014801F08BB9000000
:102B500094230024014801F085B90000FC240024DE
:102B6000014801F07FB9000054270024014801F01A
:102B700079B90000C4200024014801F073B90000B5
:102B80003C210024014801F06DB900001C23002401
:102B9000014801F067B90000B4210024014801F0A8
:102BA00061B900002C220024014801F05BB900004B
:102BB0000C240024014801F055B90000A42200248F
:102BC000014801F04FB90000CC270024264A0168D3
:102BD00091422CD0254A914229D0254A914226D0B3
:102BE000244A914223D0244A914220D0234A914240
:102BF0001DD0234A91421AD0224A914217D0224A2C
:102C0000914214D0214A914211D0214A91420ED0D2
:102C1000204A91420BD0204A914208D01F4A91424B
:102C200005D01F4A914202D01E4A914217D11E4B35
:102C3000CAB2103AA3FB02321209DFF870C002F0E8
:102C400007031CF80330C365032A04D96FF3090195
:102C5000091D816506E06FF30901816502E021F03D
:102C6000FF018165806D704710000240280002401E
:102C700040000240580002407000024088000240BC
:102C8000A0000240B80002401004024028040240A4
:102C9000400402405804024070040240880402408C
:102CA000A0040240B8040240ABAAAAAA8CE500081E
:102CB00001680123DFF894C0CAB261451BD0DFF878
:102CC00090C0614517D0DFF88CC0614513D0DFF8A4
:102CD00088C061450FD0DFF884C061450BD0DFF8B4
:102CE00080C0614507D0DFF87CC0614503D0DFF8C4
:102CF00078C0614511D1A2F108011C4AA2FB012153
:102D000009091B4A02EB810202661A4A426601F077
:102D10001F0103FA01F181667047DFF85CC0103AC9
:102D2000ACFB02C21209DFF854C06144A82900D8E4
:102D30000832134901EB820101661249416602F033
:102D40001F0103FA01F18166704700000854025820
:102D50001C540258305402584454025858540258D3
:102D60006C5402588054025894540258CDCCCCCCA8
:102D70000058025880580258ABAAAAAAF0FBFDBF1F
:102D8000000802408008024001794A1E072A28D81C
:102D9000144B0168994214D0134B994211D0134B34
:102DA00099420ED0124B99420BD0124B994208D047
:102DB000114B994205D0114B994202D0104B9942C8
:102DC00006D1104901EB8201C1660F49016705E098
:102DD0000E4901EB8201C1660D4901670121914055
:102DE00041677047085402581C5402583054025826
:102DF00044540258585402586C5402588054025893
:102E0000945402580059025840590258000902408F
:102E100040090240014600208B698A6A002B0FD0CE
:102E2000B3F5005F1DD08AB3012A30D0022A2ED01C
:102E3000032A04D1C96A11F0807F00D001207047B5
:102E40001AB1012A07D0022AF9D1C96A11F0807F8C
:102E5000F5D001207047C96AB1F1C07FFAD10120D5
:102E600070475AB1012A0BD0022A07D0032AF7D1A2
:102E7000C96AB1F1C07FF3D10120704701207047CA
:102E8000C96A11F0807FFAD001207047FFE7012066
:102E9000704700002DE9F04F846D794ED0F800C0E6
:102EA000784FDFF8E481B445DFF8E091DFF8E0A186
:102EB000DFF8E0B1784D4FD0BC454DD0C4454BD084
:102EC000CC4549D0D44547D0DC4545D0DFF8CCE1EE
:102ED000F44541D0AC453FD0DFF8C4E1F4453BD0E8
:102EE000DFF8C0E1F44537D0DFF8BCE1F44533D07A
:102EF000DFF8B8E1F4452FD0DFF8B4E1F4452BD08A
:102F0000DFF8B0E1F44527D0DFF8ACE1F44523D099
:102F1000DFF8A8E1F4451FD0DFF8A4E1F4451BD0A9
:102F2000DFF8A0E1F44517D0DFF89CE1F44513D0B9
:102F3000DFF898E1F4450FD0DFF894E1F4450BD0C9
:102F4000DFF890E1F44507D0DFF88CE1F44503D0D9
:102F5000DFF888E1F44510D1D0F864E0D0F868C01B
:102F6000CEF804C0D0F86CC0BCF1000F05D0D0F88A
:102F700070E0D0F874C0CEF804C0D0F800C0B445FA
:102F800026D0BC4524D0C44522D0CC4520D0D44541
:102F90001ED0DC451CD0414EB44519D0AC4517D0ED
:102FA0003F4DAC4514D03F4DAC4511D03E4DAC45E6
:102FB0000ED03E4DAC450BD03D4DAC4508D03D4DFF
:102FC000AC4505D03C4DAC4502D03C4DAC4523D181
:102FD00090F85CC03F250CF01F0C05FA0CFCC4F8FF
:102FE00008C0D0F800C0DCF8004024F48024CCF8FD
:102FF0000040D0F800C0CCF804308368402B05D0E6
:10300000036899600068C260BDE8F08F03689A6049
:103010000068C160BDE8F08F294DAC4514D0294D42
:10302000AC4511D0284DAC450ED0284DAC450BD049
:10303000274DAC4508D0274DAC4505D0264DAC45B5
:1030400002D0264DAC45E5D190F85CC001250CF0CE
:103050001F0C05FA0CFCC4F804C0D0F800C0CCF872
:1030600004308368402B05D0036899600068C26013
:10307000BDE8F08F03689A600068C160BDE8F08F1A
:103080001000024028000240400002405800024068
:103090007000024088000240B8000240A0000240D8
:1030A0001004024028040240400402405804024038
:1030B0007004024088040240A0040240B8040240A8
:1030C000085402581C5402583054025844540258B0
:1030D000585402586C540258805402589454025860
:1030E0002DE9F0410624064691FBF4F00D46174603
:1030F00004FB105018B9314610460BF045F895FB0B
:10310000F4F004FB1050012804D106F118013846F0
:103110000BF03AF895FBF4F004FB1050022804D1B0
:1031200006F1300138460BF02FF895FBF4F004FB64
:103130001050032804D106F1480138460BF024F85A
:1031400095FBF4F004FB1050042804D106F1600153
:1031500038460BF019F895FBF4F004FB10500528E5
:1031600004D106F1780138460BF00EF83046BDE880
:10317000F04100F037B803460A4600B50878F2EE91
:10318000090A00F00F0058700878BAEE090A000921
:103190009870B1F80100102140BA0BF049F883EDA6
:1031A000010AB2F803000C21F3EE0E0ABBEE0E0A80
:1031B00040BA00090BF03CF883ED020A107951790E
:1031C00000F00F00F2EE040A41EA00200C21BAEEF2
:1031D000040A0BF02DF883ED030A90791874D07966
:1031E000587400BD9FED260AD0ED010A00F58061FC
:1031F000C0ED4D0A20EE801AC0ED4E0A80ED501A47
:1032000080ED521AD0ED070AC0ED760A20EE801A42
:10321000C0ED770A80ED791A80ED7B1AD0ED0D0AAA
:10322000C0ED9F0A20EE801AC0EDA00A80EDA21A20
:1032300080EDA41AD0ED130AC0EDC80A20EE801A62
:10324000C0EDC90A80EDCB1A80EDCD1AD0ED190A78
:10325000C0EDF10A20EE801AC0EDF20A80EDF41AFA
:1032600080EDF61AD0ED1F0AC1ED1A0A20EE800A91
:10327000C1ED1B0A81ED1D0A81ED1F0A7047000098
:10328000302F65424FF48062428082800323C280E7
:10329000002102818372C37202800922C1810182EE
:1032A0004182A0F8E81080F8321080F8331080F8DE
:1032B000381080F8351080F8361080F83A1080F811
:1032C0003B1080F837109FED070A80F8341080F823
:1032D000391080ED3C0A80ED3D0A80F8FC2080F832
:1032E000FE10704700000000F0B40B880126002299
:1032F0004FF4A565C3F30A04A4F5B673AB4200D836
:1033000001224F788B78FF0847EA4317C7F30A0773
:10331000A7F5B677AF4200D8521C91F803C00F79D9
:103320009B0943EA8C0343EA8723C3F30A03A3F50B
:10333000B673AB4200D8521C4B797F0847EAC317DB
:10334000C7F30A07A7F5B677AF4200D8521CB6EB11
:10335000931F07D00225B5EB931F03D00325B5EBD0
:10336000931F00D1521CC3F30115012D05D0022D6E
:1033700003D06FEA13139B0700D1521C062A7CD19D
:103380004480A4F2FD344B78072C8D784FF4806292
:103390004FEAD30343EA4513C3F30A0585808B78CC
:1033A000CC780E794FEA931343EA840343EA8623E9
:1033B000C3F30A04C4800B794E794FEA530343EAFE
:1033C000C613C3F30A0303814E794FEA9616867239
:1033D0004E79C6F30116C6720E8AC6F30A06068037
:1033E00000D24280A5F2FD35072D00D28280A4F2E2
:1033F000FD34072C00D2C280A3F2FD33072B00D28C
:10340000028146F2A812B1F90630C381B1F9084031
:10341000934204824B8943820B7B03754B7B43753C
:1034200000DDC281B0F90E502E4B9D4200DAC381FF
:10343000944200DD0282B0F910209A4200DA038241
:10344000CA8902838A7B02F0010282768A7BC2F3F8
:10345000400202778A7BC2F38002C2768A7BC2F383
:10346000C0024277CA7BD20980F82720CA7BC2F308
:10347000801280F82220CA7B00E030E0C2F34012C4
:1034800080F82520CA7BC2F3001280F82920CA7B6D
:10349000C2F3C00280F82820CA7BC2F3800280F801
:1034A0002420CA7BC2F3400280F82320CA7B02F0AA
:1034B000010280F826208A7BD20980F821208A7BAD
:1034C000C2F3801280F820208A7BC2F34012C277B8
:1034D000897BC1F300118177F0BC06F0A1BBF0BC81
:1034E00070470000589EFFFF0A460146054800B598
:1034F000FFF7FAFE034805F031FC0349002008807D
:1035000000BD0000540D0024580E0024704772B610
:10351000FEE70000014801F093BD0000801900247F
:10352000014801F08DBD0000201A0024416B0268A3
:10353000D2F884306FF38F0343EA8103C2F88430FA
:103540000268D2F88430B0F838C023F47F0343EA2D
:103550000C43C2F88430826B11440268D2F8883080
:103560006FF38F0343EA8103C2F888300268D2F810
:103570008830B0F83CC023F4FE0343EA0C43C2F8A1
:103580008830C26B01EB42010268D2F8A0306FF3C1
:103590008F0343EA8103C2F8A0300268D2F8A0305A
:1035A000B0F840C023F4FE0343EA0C43C2F8A03055
:1035B000436C026C02FB03110268D2F8B0306FF367
:1035C0008F0343EA8103C2F8B0300268D2F8B0300A
:1035D000B0F848C023F4FE0343EA0C43C2F8B0300D
:1035E000C36C826C02FB03110268D2F8AC306FF33B
:1035F0008F0343EA8103C2F8AC30436D026D02FBD6
:1036000003110268D2F8F0306FF38F0343EA8103AD
:10361000C2F8F0300268D2F8F030B0F858C023F4A5
:103620007C1343EA0C43C2F8F030826D01EB420296
:103630000168D1F8C0306FF38F0343EA8202C1F80A
:10364000C0200168D1F8C020B0F85C3022F47C12B0
:1036500042EA0342C1F8C0200168D1F8C02090F8C6
:10366000603022F07C5242EA0362C1F8C020416B14
:10367000294A02EB8101C166826B01EB820202677B
:10368000C36B02EBC3024267D0F844C0036C03FB78
:103690000CF302EB83028267D0F84CC0836C03FB0F
:1036A0000CF302EB8302C267D0F854C0036D03FB36
:1036B0000CF302EB8302C0F88020836D02EBC3039E
:1036C000C0F88430D0F85CC0826E0CFB02FC03EBC7
:1036D0008C03C0F88830D0F860C00CFB02F203EB1A
:1036E0008202C0F890200D4B9A420AD9D0F89C1063
:1036F00041F02001C0F89C10032180F898100120AF
:1037000070478A4206D900220A60091DD0F890301D
:103710008B42F9D80020704700AC0040FCD3004039
:1037200070B4D1F808C00C694D6844EA0C0C0C6800
:10373000002D40D044F080444CEA040C8D69CC69E3
:1037400091F820602C434D6945EA06652C438D892C
:1037500044EA0544D0F88450806E00FB03F005EB8A
:103760008000C0F800C0001D0460031D0020134C41
:10377000D1F80CC014F80CC0BCF1000F19D902EB41
:10378000000C155C9CF8036045EA06659CF8026035
:103790009CF801C0360446EA0C2C45EA0C0CC3F830
:1037A00000C01B1D001DD1F80CC014F80CC08445CE
:1037B000E5D870BC70474CEA844CBFE730E50008A0
:1037C000F0B41F4CFF211D4B0222254627462A2616
:1037D0002170697009211A7003220578BD70254691
:1037E000E97021460A7122464E7126468178917110
:1037F00041880A0AF271224600210D4611721146D3
:103800004D722546017991720C218088020AEA7274
:10381000002019700222A55C521C0C2A284480B298
:10382000F9DBFF2800D9C0B2C04360544A1C1A70AB
:10383000F0BC03490D22034805F084B9C4000024FC
:10384000640E0024B81C0024024910B508F0B8FC2E
:10385000002010BDC01100242DE9F84F044602F0ED
:10386000B1F800905CB194F8350002280AD08020AD
:103870006065002084F834000120BDE8F88F012045
:10388000BDE8F88FB6492068B64EB74F8842DFF8DA
:10389000DC82DFF8DC92DFF8DCA2DFF8DCB226D0D5
:1038A000B04224D0B84222D0404520D048451ED056
:1038B00050451CD058451AD0B04A904217D0B04A53
:1038C000904214D0AF4A904211D0AF4A90420ED0ED
:1038D000AE4A90420BD0AE4A904208D0AD4A9042D8
:1038E00005D0AD4A904202D0AC4A90420AD102685B
:1038F00022F01E0202602068426922F080024261CA
:10390000256804E0026822F00E0202602568206843
:1039100088423ED0B0423CD0B8423AD0404538D040
:10392000484536D0504534D0584532D0934A90421D
:103930002FD0934A90422CD0924A904229D0924A5A
:10394000904226D0914A904223D0914A904220D072
:10395000904A90421DD0904A90421AD08F4A90428D
:1039600017D08F4A904214D08E4A904211D08E4A7E
:1039700090420ED08D4A90420BD08D4A904208D092
:103980008C4A904205D08C4A904202D08B4A904299
:1039900004D1206E026822F48072026070492068AF
:1039A000884226D0B04224D0B84222D0404520D010
:1039B00048451ED050451CD058451AD06F49884202
:1039C00017D06F49884214D06E49884211D06E4991
:1039D00088420ED06D4988420BD06D49884208D08C
:1039E0006C49884205D06C49884202D06B498842B4
:1039F00004D1016821F00101016003E0016821F0B8
:103A000001010160286810F0010F14D001F0DAFF05
:103A10000099401A05280AD920206065032084F8FF
:103A20003500002084F834000120BDE8F88F2868B4
:103A300010F0010FEAD14A4A01212068904226D0B5
:103A4000B04224D0B84222D0404520D048451ED0B4
:103A500050451CD058451AD0484B984217D0484B77
:103A6000984214D0474B984211D0474B98420ED001
:103A7000464B98420BD0464B984208D0454B984253
:103A800005D0454B984202D0444B98420AD1A06DD4
:103A90004FF03F0C94F85C3003F01F030CFA03F373
:103AA000836007E0A06D94F85C3003F01F0301FA17
:103AB00003F34360206890423ED0B0423CD0B8420D
:103AC0003AD0404538D0484536D0504534D0584596
:103AD00032D02A4A90422FD0294A90422CD0294AEB
:103AE000904229D0284A904226D0284A904223D09A
:103AF000274A904220D0274A90421DD0264A904221
:103B00001AD0264A904217D0254A904214D0254A0E
:103B1000904211D0244A90420ED0244A90420BD0B9
:103B2000234A904208D0234A904205D0224A90422C
:103B300002D0224A90420BD1626EA06E5060E06EBD
:103B400030B1026822F480720260226F606F5060B0
:103B500084F83510002084F83400BDE8F88F0000A8
:103B6000100002402800024040000240580002407D
:103B70007000024088000240A0000240B8000240ED
:103B8000100402402804024040040240580402404D
:103B90007004024088040240A0040240B8040240BD
:103BA000085402581C5402583054025844540258C5
:103BB000585402586C540258805402589454025875
:103BC0002DE9F05F002808D090F83510022907D0C1
:103BD000802141650120BDE8F09F0120BDE8F09FF4
:103BE000DFF81CE20168874BDFF81CC27145874C87
:103BF000874D884E884FDFF82482DFF82492DFF863
:103C000024A2DFF824B2894A25D0994223D0614505
:103C100021D0A1421FD0A9421DD0B1421BD0B94230
:103C200019D0DFF80CE2714515D0DFF808E27145D4
:103C300011D0DFF804E271450DD041450BD0494564
:103C400009D0DFF8F8E1714505D0514503D0594559
:103C500001D0914232D14FF0040E80F835E068482F
:103C6000814221D099421FD061451DD0A1421BD075
:103C7000A94219D0B14217D0B94215D06C4881423F
:103C800012D06C4881420FD06B4881420CD0414524
:103C90000AD0494508D06948814205D0514503D032
:103CA000594501D0914204D1086820F00100086014
:103CB000A3E0086820F0010008609EE0D1F800E071
:103CC0002EF00E0EC1F800E0DFF834E10168714516
:103CD00025D0994223D0614521D0A1421FD0A942CD
:103CE0001DD0B1421BD0B94219D0DFF844E1714573
:103CF00015D0DFF840E1714511D0DFF83CE17145A6
:103D00000DD041450BD0494509D0DFF830E1714570
:103D100005D0514503D0594501D0914206D1D1F883
:103D200000E02EF0010EC1F800E005E0D1F800E05F
:103D30002EF0010EC1F800E0DFF8C4E00168714523
:103D400039D0994237D0614535D0A14233D0A9420C
:103D500031D0B1422FD0B9422DD0354B99422AD023
:103D6000344B994227D0344B994224D0414522D03C
:103D7000494520D0314B99421DD051451BD0594562
:103D800019D0914217D02E4A914214D02D4A914217
:103D900011D02D4A91420ED02C4A91420BD02C4A80
:103DA000914208D02B4A914205D02B4A914202D031
:103DB0002A4A914218D1016E0A6822F480720A6080
:103DC000816D90F85C2002F01F0301229A404A6046
:103DD000426E816E5160C16E31B10A6822F4807208
:103DE0000A60026F416F5160012180F83510002197
:103DF00080F83410016D01B188470020BDE8F09FC4
:103E000010000240280002404000024058000240DA
:103E10007000024088000240A000024040040240BE
:103E20005804024088040240A0040240B804024042
:103E3000B80002401004024028040240700402400E
:103E4000085402581C540258305402584454025822
:103E5000585402586C5402588054025894540258D2
:103E6000406D70472DE9F04F83B00446002002906A
:103E70004FF41651FD480068B0FBF1F00190A56DBC
:103E80002E682968FA4F2068DFF8E8A3DFF8E8B366
:103E9000B842DFF8E883DFF8E8932DD0524690422D
:103EA0002AD05A46904227D0404525D0484523D0B5
:103EB000F44A904220D0F44A90421DD0F34A9042F6
:103EC0001AD0F34A904217D0DFF8C8C3604513D028
:103ED000F14A904210D0DFF8C4E370450CD0F04AAC
:103EE000904209D0EF4A904206D0EF4A904203D068
:103EF000EE4B984240F0408294F85C10082201F0AA
:103F00001F0102FA01F1314241D0B84228D0504598
:103F100026D0584524D0404522D0484520D0D94904
:103F200088421DD0D84988421AD0D849884217D033
:103F3000D749884214D0D749884211D0D6498842FF
:103F40000ED0D64988420BD0D549884208D0D549F1
:103F5000884205D0D449884202D0D449884203D14E
:103F6000016801F0040102E0016801F0080171B18B
:103F7000016821F00401016094F85C0000F01F006A
:103F800002FA00F0A860606D40F00100606594F8EE
:103F90005C0000F01F01012000FA01F1314234D031
:103FA0002068B84228D0504526D0584524D04045F6
:103FB00022D0484520D0B34A90421DD0B24A904208
:103FC0001AD0B24A904217D0B14A904214D0B14AA6
:103FD000904211D0B04A90420ED0B04A90420BD0DD
:103FE000AF4A904208D0AF4A904205D0AE4A9042C4
:103FF00002D0AE4A90427DD1406910F0800F04D0CB
:10400000A960606D40F00200606594F85C0000F00B
:104010001F01042000FA01F1314234D02068B84277
:1040200028D0504526D0584524D0404522D0484578
:1040300020D0944A90421DD0934A90421AD0934A7D
:10404000904217D0924A904214D0924A904211D096
:10405000914A90420ED0914A90420BD0904A9042A1
:1040600008D0904A904205D08F4A904202D08F4AA1
:10407000904245D1006810F0020F04D0A960606D35
:1040800040F00400606594F85C0000F01F0110200F
:1040900000FA01F1314259D02068B84228D0504589
:1040A00026D0584524D0404522D0484520D0754AD6
:1040B00090421DD0744A90421AD0744A904217D050
:1040C000734A904214D0734A904211D0724A90427F
:1040D0000ED0724A90420BD0714A904208D0714A79
:1040E000904205D0704A904202D0704A904209D165
:1040F000006800E002E000F0080006E0006884E7E5
:104100000068C0E7006800F00400F8B1A96020680A
:10411000016811F4802F0DD0006810F4002F04D036
:10412000A16C99B12046884710E0216C71B12046FE
:1041300088470BE0016811F4807F03D1016821F00A
:1041400008010160216C09B12046884794F85C00A1
:1041500000F01F01202000FA01F131426FD02068E9
:10416000B84228D0504526D0584524D0404522D0CA
:10417000484520D0434A90421DD0434A90421AD02D
:10418000424A904217D0424A904214D0414A90424B
:1041900011D0414A90420ED0404A90420BD0404A42
:1041A000904208D03F4A904205D03F4A904202D008
:1041B0003E4A904203D1006800F0100002E000681F
:1041C00000F00200D8B3A96094F8350004280DD09F
:1041D0002068016811F4802F37D0006810F4002F98
:1041E0002ED0E16B59B32046884764E0206801680F
:1041F00021F0160101602068416921F080014161D0
:10420000206C08B9A06C20B12068016821F0080179
:10421000016094F85C003F2100F01F0001FA00F0FB
:10422000A860012084F83500002084F83400216D56
:1042300000297BD003B02046BDE8F04F084737E0A7
:10424000616CA9B32046884735E0016811F4807F8E
:1042500009D1016821F010010160012084F83500C6
:10426000002084F83400E16B11B322E0240C002418
:104270001000024028000240400002405800024066
:104280007000024088000240A0000240B8000240D6
:104290001004024028040240400402405804024036
:1042A0007004024088040240A0040240B8040240A6
:1042B00001E020468847606D002837D0606D10F01F
:1042C000010F51D0042084F835002068B84228D06E
:1042D000504526D0584524D0404522D0484520D0CE
:1042E000AB4988421DD0AB4988421AD0AA498842BE
:1042F00017D0AA49884214D0A949884211D0A949A7
:1043000088420ED0A84988420BD0A849884208D0DC
:10431000A749884205D0A749884202D0A6498842C9
:1043200005D1016821F00101016004E096E0016817
:1043300021F00101016021680298019A401C02905D
:10434000904203D8086810F0010FF5D1086810F00A
:10435000010F03D0032084F8350002E0012084F827
:104360003500002084F83400E16C002976D003B0D9
:104370002046BDE8F04F0847904B984214D0904B30
:10438000984211D08F4B98420ED08F4B98420BD051
:104390008E4B984208D08E4B984205D08D4B984258
:1043A00002D08D4B984259D103684FF0040A94F81B
:1043B0005C6006F01F060AFA06FA1AEA010F5AD0E4
:1043C00013F0040F57D0C5F804A013F4004F12D017
:1043D00013F4803F07D0216C00293FD003B0204662
:1043E000BDE8F04F0847A16C002937D003B0204644
:1043F000BDE8F04F084713F0200F34D12068B842D1
:1044000027D07649884224D07549884221D040453A
:104410001FD048451DD05E4988421AD05D49884268
:1044200017D05D49884214D05C49884211D060455C
:104430000FD05C4988420CD070450AD05B49884255
:1044400007D05B49884204D0904202D05A49884242
:1044500005D1016821F00801016004E083E00168F2
:1044600021F004010160216C00297CD003B02046BA
:10447000BDE8F04F08474FF0020A0AFA06FA1AEAB6
:10448000010F5FD013F0020F5CD0C5F804A013F445
:10449000004F12D013F4803F07D0E16B002974D095
:1044A00003B02046BDE8F04F0847616C00296CD08E
:1044B00003B02046BDE8F04F084713F0200F39D174
:1044C0002068B84227D04549884224D044498842D0
:1044D00021D040451FD048451DD02D4988421AD0D3
:1044E0002C49884217D02C49884214D02B49884245
:1044F00011D060450FD02B4988420CD070450AD0AE
:104500002A49884207D02A49884204D0904202D0E2
:104510002949884204D1016821F01401016003E0B7
:10452000016821F00A010160012084F835000020B3
:1045300084F83400E16B002927D003B02046BDE8A1
:10454000F04F08470822B2400A421ED013F0080F6D
:104550001BD0016821F00E01016094F85C0000F0AE
:104560001F01012000E010E000FA01F169606065C0
:1045700084F83500002084F83400E16C002904D070
:1045800003B02046BDE8F04F084703B0BDE8F08F08
:1045900088000240A0000240B8000240100402401F
:1045A00028040240400402405804024070040240C3
:1045B00088040240A0040240B80402400854025893
:1045C0001C5402583054025844540258585402584B
:1045D0006C540258805402589454025828000240E7
:1045E000400002402DE9F05F044601F0EBF9064679
:1045F000002C6AD0DC4F022220680025DFF86C8393
:10460000DFF86C93B842DFF86CA3DFF86CB328D006
:10461000DA49884225D0404523D0484521D050452D
:104620001FD058451DD0D64988421AD0D549884256
:1046300017D0D549884214D0D449884211D0D449E2
:1046400088420ED0D34988420BD0D349884208D043
:10465000D249884205D0D249884202D0D149884205
:104660007ED184F8352084F83450B84228D0C3492C
:10467000884225D0404523D0484521D050451FD001
:1046800058451DD0BE4988421AD0BE49884217D02D
:10469000BD49884214D0BD49884211D0BC498842E6
:1046A0000ED0BC4988420BD0BB49884208D0BB49D8
:1046B000884205D0BA49884202D0BA49884207D117
:1046C000016821F00101016006E00120BDE8F09FD2
:1046D000016821F0010101602068006810F0010FFD
:1046E00011D001F06FF9801B052807D920206065E3
:1046F000032084F835000120BDE8F09F20680068A1
:1047000010F0010FEDD122681068A7490840E36856
:10471000A168D4F814C01943236943EA0C03194370
:10472000A3691943E3691943236A19430843616A7A
:10473000042903D1236BE16A194308439B490968A3
:104740006FF30F01B1F1005F11D36168A1F129038B
:10475000052B0AD9163B032B07D9083B012B00E098
:104760002CE002D94F39032901D840F480101060A1
:104770002068406920F00701606A40EA01060428C9
:104780000ED1A06A0643E06A50B12046FEF742FB14
:1047900030B140206065012084F83500BDE8F09F0D
:1047A000206846612046FEF711FA94F85C103F221B
:1047B00001F01F0102FA01F181605BE07C4988424F
:1047C00014D07C4B984211D07B4B98420ED07B4B3F
:1047D00098420BD07A4B984208D07A4B984205D039
:1047E000794B984202D0794B98427DD188420CD0C7
:1047F0007049884209D07049884206D06F49884282
:1048000003D06F49884200D06E4984F8352084F87F
:10481000345002686FF31012A168402979D08029C2
:1048200079D00021E36841EAD301236941EAD30149
:10483000636941EAD301A36941EAD301E36941EA2B
:10484000D301236A41EA13111143016060492068D2
:1048500001446048A0FB011000098000E06520468B
:10486000FEF7B4F994F85C10012201F01F0102FA7E
:1048700001F141602068B84242D0404988423FD0AF
:1048800040453DD048453BD0504539D0584537D0BC
:104890003B49884234D03B49884231D03A4988422A
:1048A0002ED03A4988422BD03949884228D03949FC
:1048B000884225D03849884222D0384988421FD0C2
:1048C000374988421CD03749884219D03849884234
:1048D00016D03849884213D03749884210D037491A
:1048E00088420DD0364900E018E0884208D03549AA
:1048F000884205D03449884202D0344988422CD1BC
:104900002046FEF7D5F9A06880280FD00FE000E020
:1049100001E0102186E74FF4804183E74020606585
:10492000032084F835000120BDE8F09F6560216E0A
:1049300020790860616EA06E48606068401E07289C
:1049400008D82046FEF720FAE06E0560216F606F00
:10495000486002E0E566256765676565012084F8C3
:1049600035000020BDE8F09F1000024040000240EA
:1049700058000240700002408800024028000240B7
:10498000A0000240B8000240100402402804024087
:10499000400402405804024070040240880402406F
:1049A000A0040240B80402403F8010FE0010005CEA
:1049B000085402581C5402583054025844540258A7
:1049C000585402586C540258805402589454025857
:1049D000F8ABFDA7CDCCCCCC2DE9F84F0446002098
:1049E0000090002C16D094F83400012815D0012036
:1049F00084F8340094F835C00020BCF1010F0FD0CA
:104A00004FF40061616584F8340001200090009843
:104A1000BDE8F88F0120BDE8F88F0220BDE8F88FCF
:104A20004FF0020C84F835C06065DFF82CC22068B6
:104A30008A4D8B4E60458B4FDFF82C82DFF82C922D
:104A4000DFF82CA2DFF82CB22DD0A8422BD0B04238
:104A500029D0B84227D0404525D0484523D05045DD
:104A600021D058451FD0DFF810C260451BD0DFF8B9
:104A70000CC2604517D0DFF808C2604513D0DFF8DC
:104A800004C260450FD0DFF800C260450BD0DFF8EC
:104A9000FCC1604507D0DFF8F8C1604503D0DFF8FE
:104AA000F4C1604506D1D0F800C02CF0010CC0F86C
:104AB00000C005E0D0F800C02CF0010CC0F800C028
:104AC0002046FEF7E7F964492068884225D0A842CD
:104AD00023D0B04221D0B8421FD040451DD0484518
:104AE0001BD0504519D0584517D0634A904214D076
:104AF000624A904211D0624A90420ED0614A90427E
:104B00000BD0614A904208D0604A904205D0604A7A
:104B1000904202D05F4A90420DD1026822F01E02FC
:104B200042F016020260206C90B12068026842F0E8
:104B3000080202600CE0026822F00E0242F00A0253
:104B40000260206C20B12068026842F0040202601A
:104B5000206888423DD0A8423BD0B04239D0B8420C
:104B600037D0404535D0484533D0504531D05845F1
:104B70002FD0414A90422CD0404A904229D0404AFE
:104B8000904226D03F4A904223D03F4A904220D0C4
:104B90003E4A90421DD03E4A90421AD03D4A904231
:104BA00017D03D4A904214D03C4A904211D03C4A22
:104BB00090420ED03B4A90420BD03B4A904208D0E4
:104BC0003A4A904205D03A4A904202D0394A90423D
:104BD0000ED1206E026812F4803F03D0026842F4C6
:104BE00080720260E06E18B1026842F48072026066
:104BF0002068884225D0A84223D0B04221D0B842B4
:104C00001FD040451DD048451BD0504519D05845B0
:104C100017D01949884214D01849884211D0184930
:104C200088420ED0174988420BD01749884208D0D5
:104C30001649884205D01649884202D01549884253
:104C400004D1016841F001010160E0E6016841F032
:104C500001010160DBE60000100002402800024074
:104C600040000240580002407000024088000240AC
:104C7000A0000240B8000240100402402804024094
:104C8000400402405804024070040240880402407C
:104C9000A0040240B8040240085402581C540258B0
:104CA0003054025844540258585402586C54025814
:104CB000805402589454025890F89830012B09D02F
:104CC000022B07D0D0F89C1041F00201C0F89C10D4
:104CD000012070470368D3F858C01CEA010F06D1C1
:104CE000D3F85CC04CF0010CC3F85CC008E0D3F80A
:104CF00058C031EA0C0C26D04FF0030CC3F85CC04E
:104D000011F4007F06D00368D3F8E0C04CEA020C2F
:104D1000C3F8E0C011F4806F06D00368D3F8E4C094
:104D20004CEA0202C3F8E4200068426D21F440130B
:104D300023F040431A4342650648026842EA9171F3
:104D4000016000207047D3F85CC04CF0020CC3F83F
:104D50005CC0D5E714A8004070B5044694F89800EC
:104D6000022807D0D4F89C0040F00800C4F89C004A
:104D7000012070BD2068D0F8C03013F07C5F0CD0EB
:104D8000D0F8C43013F4001F0FD0D4F89C0040F4C6
:104D90000070C4F89C00012070BDD4F89C0040F065
:104DA0002000C4F89C00012070BDD0F8C400C0F3FE
:104DB000044520462B46FEF7B3FC21680120A8409D
:104DC000C1F8D000C4F89400002070BD704790F87E
:104DD0009820012A09D0022A07D0D0F89C1041F06F
:104DE0000201C0F89C1001207047CA680B6893B19B
:104DF000072A0B6943EA42732ED091F808C04A692A
:104E000042EA8C724968006F00EBC10003604260A7
:104E10004FF000007047072A12D091F808C04FEAFF
:104E2000C2624B6943EA8C73B1F810C042EA0C428B
:104E300043EA02024968C06E00EB81000260E7E7C6
:104E40000B8A4FF0605C8A6942EA0342CB694CEA04
:104E5000032342EA0302EDE78A69D3E7704770470C
:104E6000F0B44FF0000C90F89840022C08D0D0F825
:104E70009C1041F00801C0F89C10F0BC0120704764
:104E800040290DD0412940D0046D8C4273D8D0F810
:104E90009C1041F02001C0F89C10F0BC012070472C
:104EA0000468D4F8A05015F4FE0F1CD0D4F8A45018
:104EB00015F07F0F20D0D4F8A45015F0807F06D0D5
:104EC000D4F8A05015F0004F01D54FF0010CD4F8E4
:104ED000A440C4F30524A444456C446F05FB0CF5C1
:104EE00004EB85044DE0D0F89C1041F02001C0F89F
:104EF0009C10F0BC01207047D0F89C1041F48071E8
:104F0000C0F89C10F0BC012070470468D4F8B05081
:104F100015F4FE0F1CD0D4F8B45015F07F0F20D03C
:104F2000D4F8B45015F0807F06D0D4F8B05015F006
:104F3000004F01D54FF0010CD4F8B440C4F3052460
:104F4000A444C56C846F05FB0CF504EB850418E0E4
:104F5000D0F89C1041F02001C0F89C10F0BC01205A
:104F60007047D0F89C1041F48071C0F89C10F0BCE0
:104F700001207047FFE7456DC46F05FB01F504EBA9
:104F80008504256805F080455560E5B3256825F062
:104F900060451560256805F000559560256805F0A9
:104FA00000451561241D2588ADB2D5612568C5F37E
:104FB0000347D760256805F480155561256805F419
:104FC000001595612568C5F3066515622568ED0F26
:104FD0005562251D0024184EF75D002F06D92F5D60
:104FE0001F55641CD768F75DA742F8D8402910D038
:104FF000412912D00122202913D2006802FA01F1BE
:10500000C0F8981014E0FFE72568C5F38A451560DD
:10501000C0E70068C0F8A8C00AE00068C0F8B8C0DF
:1050200006E0006801F01F0102FA01F1C0F89C10CF
:105030000020F0BC7047000030E500087047000019
:105040002DE9F04F83B00446BC4F38688007391D06
:10505000096800EA81792068016D01F47041426DB0
:1050600002EA010A016D01F00F01426D02EA010B33
:10507000016D01F0F001426D11400291016D01F0EE
:105080007151426D02EA0108016D01F06071426DDB
:1050900011400191456D066D15F4807F09D016F41D
:1050A000807F06D0B9150165002038602046FFF7E3
:1050B000C5FF15F4806F10D016F4806F0DD02068F6
:1050C000D0F8DC10D0F8E42011404FF48062026583
:1050D00000203860204600F063FBB9F1000F0CD0CF
:1050E000216829F4401020F0404008654FEA99708B
:1050F000386049462046FFF769FEBAF1000F0CD030
:1051000021682AF4401020F0404008654FEA9A7068
:1051100038605146204600F045FBBBF1000F0CD033
:1051200021682BF4401020F0404008654FEA9B7046
:1051300038605946204600F0E5FA029868B12168C7
:10514000029820F4401020F0404008650298800F3B
:1051500038600299204600F003FB15F4006F0BD075
:1051600016F4006F08D021684FF400600865002035
:105170003860204600F017FB15F4007F10D016F4BD
:10518000007F0DD02068D0F8D810D0F8E020114072
:105190004FF40072026500203860204600F001FBE9
:1051A00015F4002F0BD016F4002F08D021684FF40F
:1051B0000020086500203860204600F0A1FA15F4B0
:1051C000803F0BD016F4803F08D021684FF4803028
:1051D000086500203860204600F0E1FA15F4802FC1
:1051E0000BD016F4802F08D021684FF4802008657A
:1051F00000203860204600F0D1FA15F4003F0ED0B0
:1052000016F4003F0BD021684FF4003008650020F1
:105210003860D4F89C0040F08000C4F89C000198ED
:1052200068B12168019820F4401020F040400865E2
:105230000198800F386001992046FFF710FEB8F101
:10524000000F0ED0216828F4401020F0404008657F
:105250004FEA98703860D4F89C0040EA0800C4F81F
:105260009C002068A0F18041B1F520415CD16068CC
:10527000816811F0030F57D0016A01F00F01426AF3
:105280001140026A02F03002436A03EA0207026A2E
:1052900002F4C072436A03EA0208026A02F4FC42A2
:1052A000436A03EA0205026A02F4F022436A03EA4F
:1052B0000206D0F82490D0F820A019B1016220464F
:1052C00000F069FA2FB1606807623946204600F0A5
:1052D00064FA19F0400F0DD01AF0400F0AD0606840
:1052E000C16B090CC26B02F03F02402303622046EF
:1052F00000F052FAB8F1000F06D06068C0F82080C4
:105300004146204600F046FA35B160680562D4F89F
:105310009C002843C4F89C0036B160680662D4F84B
:105320009C003043C4F89C00D4F89C00002802D0B4
:105330002046FFF793FD03B0BDE8F08F10A80040B2
:105340002DE9F04194B004464C22A14901A8FBF795
:10535000EFF85CB19F4F2068B84202D100F5807031
:10536000606094F89800002620B108E014B0012095
:10537000BDE8F08184F89960204600F02DF920689E
:10538000816921F01001816100F01CFB0546206855
:1053900080694FF0030810F0080F15D000F012FBE1
:1053A000401B0A280BD9D4F89C0040F00100C4F837
:1053B0009C0084F8988014B00120BDE8F08120683A
:1053C000806910F0080FE9D12068816941F001017E
:1053D000816100F0F7FA05462068806910F0010F3E
:1053E00015D100F0EFFA401B0A280BD9D4F89C0025
:1053F00040F00100C4F89C0084F8988014B00120AB
:10540000BDE8F0812068806910F0010FE9D02068C4
:10541000816941F002018161207C012839D0206836
:10542000816941F040018161607C012837D02068AA
:10543000816921F480418161A07C012835D02068F8
:10544000816941F48051816120688169A26821F4F9
:105450004071114381612068816921F0A40181615B
:105460002068016921F010010161E068012822D063
:1054700030B302282BD02068816941F0800181611E
:105480002068016941F010010161E068032818D02B
:1054900022E02068816921F040018161C4E7206831
:1054A000816941F480418161C6E72068816921F406
:1054B00080518161C8E72068816941F00401816100
:1054C0000AE02068816941F02001816104E02068E0
:1054D000816941F020018161207EE169401E491E01
:1054E000400640EA0120216A491E0843A18A491E5C
:1054F00040EA01402168C861A068B0F5407F0FD143
:10550000E16AA06A491E401E40EA0120216B491E43
:1055100040EA0110A18C491E40EA01402168C860A0
:10552000206E30B12068D0F8C010626E1143C0F810
:10553000C010216EE06DC84201A90AD02068D0F8E1
:10554000C820A36E22F0070251F823301A43C0F896
:10555000C820206C50B12068D0F8BC20636C22F0C9
:10556000070251F823301A43C0F8BC20A06C58B190
:105570002068D0F8BC20E36C22F0700251F8233090
:1055800042EA0312C0F8BC20206D58B12068D0F860
:10559000BC20636D22F4E06251F8231042EA01213D
:1055A000C0F8BC102068B84204D16068816821F05E
:1055B00003018160C4F89460C4F89C60012084F801
:1055C00098002046FDF7B2FF14B0BDE8F08100005E
:1055D00040E5000800A000402DE9F043B7B0804648
:1055E000142130A8FAF7D6FFC0216846FAF7D2FF97
:1055F0003E4D0026D8F800004FF080513C4A0C3D4B
:10560000394F4FF00208394C90424FF0090931D11F
:1056100000201C914A13CDE90020684600F0AAFC46
:1056200008B1FDF774FF3868401C3860012807D1C5
:10563000206840F480702060206800F4807035900D
:10564000286840F00100286028684FF4C05230926A
:1056500030A900F00100CDE931863396CDE93490D0
:10566000244800F0A1F800221320114600F028FA87
:10567000132033E0204A904232D100201C914FF495
:105680000042CDE90020684600F074FC08B1FDF747
:105690003EFF3868401C3860012807D1206840F47C
:1056A00080702060206800F480703590286840F099
:1056B0000200286028686022309230A900F00200C1
:1056C000CDE931863396CDE934900C4800F06CF882
:1056D00000221420114600F0F3F9142000F0E2F942
:1056E00037B0BDE8F0830000140C0024EC440258ED
:1056F00000A000400000025800A40040000402582E
:105700007047000030B51349044600688DB00AADFB
:1057100088420BD140212B466A462046FFF7A0FB6A
:10572000012803D00C48C168684688470B492068A7
:1057300088420CD140212B466A462046FFF790FB59
:10574000012804D004481030C168684688470DB06D
:1057500030BD000000A00040F00B002400A4004079
:10576000704790F89810012907D0D0F89C1041F0AC
:105770000401C0F89C1001207047022180F89810A5
:1057800001688A6922F001028A610021C0F89C1038
:1057900000207047704770477047704770477047E8
:1057A00070477047704770472DE9F84F0022DFF8C7
:1057B000E4C10B68002B7DD0DFF8DCB14FF0B04ABC
:1057C0004FF0010E4FF003084FF00F090B680EFA6F
:1057D00002F52B40002B6ED00C7904F00304012C51
:1057E00001D0022C11D18668540008FA04F7BE4398
:1057F000CF6807FA04F4344384604468AC430D79FD
:10580000C5F3001595402C4344604C6838EA040405
:1058100009D0C568540008FA04F6B5438E6806FA44
:1058200004F42C43C4600C7904F00304022C0DD161
:10583000D40800EB84052E6A5407E40E09FA04F735
:10584000BE430F6907FA04F434432C620568540020
:1058500008FA04F6B5430E7906F0030606FA04F4D6
:105860002C4304604C6814F4403F78D0DBF80040CF
:1058700044F00204CBF80040DBF8004004F00204DE
:10588000009422F0030404F1B046D6F808449507CA
:105890002D0F09FA05F724EA0707A0F1B044B4F583
:1058A000003463D0A0F1B044B4F5013460D0A0F16D
:1058B000B04401E058E052E0B4F502345AD0A0F10F
:1058C000B044B4F5033457D0A0F1B044B4F5043477
:1058D00054D0A0F1B044B4F5053451D0A0F1B04497
:1058E000B4F506344ED0A0F1B044B4F507344BD033
:1058F000A0F1B044B4F5083448D0A0F1B044B4F5F8
:10590000093445D00A24AC403C43C6F80844DAF8D0
:1059100000409C434D6815F4801F00D01C43CAF81A
:105920000040DAF804409C434D6815F4001F00D095
:105930001C43CAF80440DCF804409C434D6815F44D
:10594000003F00D01C43CCF80440DCF800409C43EE
:105950004D6815F4803F00D01C43CCF80040521C29
:105960000B68D3407FF432AFBDE8F88F0024CAE75C
:105970000124C8E70224C6E70324C4E70424C2E7DD
:105980000524C0E70624BEE70724BCE70824BAE7DD
:105990000924B8E780000058F4440258006908421E
:1059A00001D00120704700207047002A01D081619A
:1059B000704709048161704701480068000C704716
:1059C0000010005C0148806870470000180C00243B
:1059D000024881680278114481607047180C0024E5
:1059E00010B5032000F0A2F801F0C2F90F4A1168C7
:1059F000C1F303230E49CB5C03F01F03D8401268A8
:105A000002F00F02895C0B4A01F01F0120FA01F13C
:105A1000116009490860002000F010F808B1012069
:105A200010BD00F031F8002010BD000018440258ED
:105A3000BCE50008280C0024240C002470B50446A2
:105A40000F4D2A78002A0CD04FF47A700D49B0FB24
:105A5000F2F00968B1FBF0F001F016FE18B1012078
:105A600070BD012070BD102C07D200222146501EAF
:105A700000F026F86C60002070BD012070BD0000B1
:105A8000180C0024240C0024054808B5016841F0D6
:105A900002010160006800F00200009008BD0000F3
:105AA000F444025800280ADB012200F01F0102FA28
:105AB00001F14009800000F1E020C0F800117047BA
:105AC0004DF8044D184B1B68C3F30223C3F1070CB8
:105AD000BCF1040F01D94FF0040C1C1D072C01D29E
:105AE000002300E0DB1E012404FA0CFCACF1010CE5
:105AF0000CEA0101994004FA03F35B1E1A401143BA
:105B0000002807DB00F1E020090180F800145DF8AF
:105B1000044B704700F00F0000F1E020090180F80D
:105B2000141D5DF8044B70470CED00E000F0070019
:105B3000064A11684FF6FF03194041EA002040F081
:105B4000FD7040F080601060704700000CED00E0D8
:105B500070B515490A6812F0040F0DD00A6822F0DA
:105B6000070210430860FFF72DFF04460F4D286819
:105B700010F4005F09D014E0096801F007018142C8
:105B800001D0012070BD002070BDFFF71BFF001B7E
:105B9000B0F57A7F01D9012070BD286810F4005F4C
:105BA000F3D0002070BD00000C4802580448025891
:105BB00010B501F091F805490968054AC1F30211D1
:105BC000515C01F01F01C84010BD00002044025884
:105BD000BCE5000869490A6802F003020968C1F3DC
:105BE0000531674B1B68C3F30013DFF898C1DCF87D
:105BF00000C0CCF3CC0C1CFB03F300EE103AB8EE63
:105C0000400A002972D09FED601A604B002AF7EE1F
:105C1000000A46D0DFED5E1A012A68D0022A67D05A
:105C200002EE101A1968F8EE422A81EEA22AC1F398
:105C3000080101EE901AF8EE611A40EE011A31EEF9
:105C4000A00A22EE000A1968C1F3462101EE101ADB
:105C5000B8EE411A31EE201AC0EE011ABCEEE11A7C
:105C600080ED001A1968C1F3064101EE101AB8EE72
:105C7000411A31EE201AC0EE011ABCEEE11A80ED95
:105C8000011A1968C1F3066101EE101AB8EE411A43
:105C900071EE200A80EE201ABCEEC10A80ED020AE5
:105CA00070473C4AD2F800C01CF0200F21D0126887
:105CB000DFF8E4C0C2F3C1022CFA02F201EE902A2E
:105CC000F8EE612A01EE901A1968F8EE611A82EE78
:105CD000A12AC1F3080101EE901AF8EE611A40EE14
:105CE000011A31EEA00A22EE000AACE741E016E00C
:105CF00029E001EE901ADFED292A1968F8EE611A01
:105D000082EEA12AC1F3080101EE901AF8EE611AA1
:105D100040EE011A31EEA00A22EE000A93E702EEED
:105D2000101A1968F8EE422A81EEA22AC1F308017E
:105D300001EE901AF8EE611A40EE011A31EEA00A57
:105D400022EE000A7FE701EE901ADFED152A1968AE
:105D5000F8EE611A82EEA12AC1F3080101EE901A51
:105D6000F8EE611A40EE011A31EEA00A22EE000AA6
:105D700069E7002101604160816070472844025852
:105D80002C4402583C440258000000393844025860
:105D90000024744A004402580090D0030024744C3C
:105DA0000024F44A69490A6802F003020968C1F351
:105DB0000551674B1B68C3F30023DFF898C1DCF87B
:105DC00000C0CCF3CC0C1CFB03F300EE103AB8EE91
:105DD000400A002972D09FED601A604B002AF7EE4E
:105DE000000A46D0DFED5E1A012A68D0022A67D089
:105DF00002EE101A1968F8EE422A81EEA22AC1F3C7
:105E0000080101EE901AF8EE611A40EE011A31EE27
:105E1000A00A22EE000A1968C1F3462101EE101A09
:105E2000B8EE411A31EE201AC0EE011ABCEEE11AAA
:105E300080ED001A1968C1F3064101EE101AB8EEA0
:105E4000411A31EE201AC0EE011ABCEEE11A80EDC3
:105E5000011A1968C1F3066101EE101AB8EE411A71
:105E600071EE200A80EE201ABCEEC10A80ED020A13
:105E700070473C4AD2F800C01CF0200F21D01268B5
:105E8000DFF8E4C0C2F3C1022CFA02F201EE902A5C
:105E9000F8EE612A01EE901A1968F8EE611A82EEA6
:105EA000A12AC1F3080101EE901AF8EE611A40EE42
:105EB000011A31EEA00A22EE000AACE741E016E03A
:105EC00029E001EE901ADFED292A1968F8EE611A2F
:105ED00082EEA12AC1F3080101EE901AF8EE611AD0
:105EE00040EE011A31EEA00A22EE000A93E702EE1C
:105EF000101A1968F8EE422A81EEA22AC1F30801AD
:105F000001EE901AF8EE611A40EE011A31EEA00A85
:105F100022EE000A7FE701EE901ADFED152A1968DC
:105F2000F8EE611A82EEA12AC1F3080101EE901A7F
:105F3000F8EE611A40EE011A31EEA00A22EE000AD4
:105F400069E7002101604160816070472844025880
:105F50002C4402584444025800000039404402587E
:105F60000024744A004402580090D0030024744C6A
:105F70000024F44A2DE9F84F044600250026206845
:105F8000C04310F0006FFE4FDFF8F8830DD1A06E14
:105F900088B1B0F5801F13D0B0F5001F17D0B0F551
:105FA000401F00D00125CDB12E462088C04310F4FB
:105FB000807F1CD039E0386840F400303860F2E768
:105FC000022104F1080004F0CBF90546EBE70221B9
:105FD00004F1280004F064FA0546E4E7D8F800006C
:105FE000A16E20F440100843C8F80000DDE7A06D62
:105FF000052817D2DFE800F003080F1717003868EC
:1060000040F4003038600EE0002104F1080004F094
:10601000A7F9054607E0002104F1280004F040FA42
:10602000054600E0012535B12E462088C04310F416
:10603000007F09D018E0D8F80000A16D20F007001B
:106040000843C8F80000F0E7E06D802820D003DCAA
:1060500090B1402805D114E0C02803D0B0F5807F6E
:1060600000D00125DDB12E462088DFF81C93C04307
:1060700010F4806F1CD02FE0386840F40030386096
:10608000F0E7002104F1080004F06AF90546E9E7A9
:10609000002104F1280004F003FA0546E2E7D8F8ED
:1060A0000000E16D20F4E0700843C8F80000DBE771
:1060B000D4F8A800B0F5800F20D004DC90B1B0F582
:1060C000001F06D113E0B0F5C00F03D0B0F5000FEC
:1060D00000D00125CDB12E462088C04310F4006FBA
:1060E0001DD030E0386840F400303860F2E700211D
:1060F00004F1080004F034F90546EBE7002104F14F
:10610000280004F0CDF90546E4E7D9F80000D4F8FA
:10611000A81020F460000843C9F80000DCE7D4F8B8
:10612000AC00B0F1007F20D004DC90B1B0F1807FF2
:1061300006D113E0B0F1407F03D0B0F1806F00D002
:106140000125CDB12E462068C04310F0007F1DD040
:1061500027E0386840F400303860F2E7002104F1AD
:10616000080004F0FDF80546EBE7002104F12800E3
:1061700004F096F90546E4E7D9F80000D4F8AC102D
:1061800020F0E0600843C9F80000DCE7E06C30B1C3
:1061900010280CD020280FD0302800D0012595B130
:1061A0002E462088C04310F4805F14D026E0386863
:1061B00040F400303860F2E7022104F1080004F0F6
:1061C000CFF80546EBE771480168E26C21F0300139
:1061D00011430160E5E7206EB0F5005F20D004DCDC
:1061E00090B1B0F5805F06D113E0B0F5405F03D009
:1061F000B0F5804F00D00125CDB12E462088C04398
:1062000010F4005F1CD031E0386840F40030386092
:10621000F2E7002104F1080004F0A2F80546EBE7DC
:10622000002104F1280004F03BF90546E4E7D8F822
:106230000000216E20F4E0400843C8F80000DDE7CC
:10624000606EB0F5403F0FD007DC68B1B0F5803F1D
:1062500012D0B0F5003F06D115E0B0F5802F03D085
:10626000B0F5A02F00D00125A5B12E462088C0434F
:1062700010F4804F17D02DE0012104F1080004F044
:106280006FF80546F0E7012104F1280004F008F951
:106290000546E9E7D8F80000616E20F4E0200843E5
:1062A000C8F80000E2E7D4F8B000B0F1405F0FD0CA
:1062B00007DC68B1B0F1805F12D0B0F1005F06D1A9
:1062C00015E0B0F1804F03D0B0F1A04F00D0012510
:1062D000A5B12E462088C04310F4004F18D022E00C
:1062E000012104F1080004F03BF80546F0E7012124
:1062F00004F1280004F0D4F80546E9E7D9F80000D5
:10630000D4F8B01020F0E0400843C9F80000E1E7FD
:10631000206F30B1B0F1805F0BD0B0F1005F0DD0D5
:10632000012595B12E462068C04310F0807F15D01E
:106330001FE0386840F400303860F2E7012104F1D2
:10634000080004F00DF80546EBE7D8F80000216FCF
:1063500020F040500843C8F80000E4E7A06C30B1DA
:10636000012819D002281CD0032800D00125FDB136
:106370002E462068DFF818B0C04310F4800F09E003
:106380002C44025850440258584402584C44025875
:106390001044025814D030E0386840F400303860BF
:1063A000E5E7022104F1080003F0DAFF0546DEE725
:1063B000F8480168A26C21F0030111430160D8E79D
:1063C000F548006840F48071F3480160FFF7FAFA7D
:1063D0008246F148006810F4807F0CD1FFF7F2FA92
:1063E000A0EB0A00642801D9032504E0EA4800680C
:1063F00010F4807FF2D045B12E462078DFF89CA3C0
:10640000C04310F0010F60D070E0DFF894A3DAF819
:106410000000B4F8B41000F4407001F440718842F8
:1064200011D0DAF8000020F44070DAF8001041F4DE
:106430008031CAF80010DAF8001021F48031CAF86F
:106440000010CAF80000D4F8B400B0F5807F16D16F
:10645000FFF7B8FA0090DAF8000010F0020F0ED142
:10646000FFF7B0FA0099411A41F28830814201D910
:10647000032504E0DAF8000010F0020FF0D00DB1AF
:106480002E46BAE7D4F8B4004FF4407181430FD0E0
:10649000DBF8000020F47C50CBF80000DAF80000B4
:1064A000B4F8B410C1F30B010843CAF80000A4E724
:1064B000DBF8001020F4407020F0704021F47C5193
:1064C00041EA1010CBF80000E8E7E06F18280BD085
:1064D00005DC48B108280FD0102804D113E020288B
:1064E00002D0282800D00125A5B12E462078C0432F
:1064F00010F0020F17D02FE0012104F1080003F083
:106500002FFF0546F0E7012104F1280003F0C8FF42
:106510000546E9E7DAF80000E16F20F038000843AB
:10652000CAF80000E2E7A06F062812D2DFE800F008
:1065300012030A121212012104F1080003F010FFE5
:10654000054607E0012104F1280003F0A9FF0546F4
:1065500000E0012535B12E462078C04310F0040F2D
:1065600009D022E0DAF80000A16F20F0070008430C
:10657000CAF80000F0E7D4F89400062812D2DFE849
:1065800000F012030A121212012104F1080003F0B4
:10659000E7FE054607E0012104F1280003F080FF33
:1065A000054600E0012535B12E462078C04310F0A5
:1065B000200F0AD020E0D9F80000D4F8941020F081
:1065C00007000843C9F80000EFE7D4F89000B0F1E5
:1065D000405F0FD007DC68B1B0F1805F12D0B0F13E
:1065E000005F06D115E0B0F1804F03D0B0F1A04FAD
:1065F00000D00125A5B12E462078C04310F0400FF1
:1066000018D02EE0002104F1080003F0A9FE054691
:10661000F0E7022104F1280003F042FF0546E9E714
:10662000DAF80000D4F8901020F0E0400843CAF8EF
:106630000000E1E7D4F89C00B0F5406F0FD007DC14
:1066400068B1B0F5806F12D0B0F5006F06D115E0DB
:10665000B0F5805F03D0B0F5A05F00D00125A5B1F3
:106660002E462078C04310F0800F18D02EE0002175
:1066700004F1080003F074FE0546F0E7022104F17E
:10668000280003F00DFF0546E9E7D9F80000D4F82B
:106690009C1020F4E0500843C9F80000E1E7D4F86A
:1066A000A000B0F5C04F0FD007DC68B1B0F5005FB7
:1066B00012D0B0F5804F06D115E0B0F5004F03D0F1
:1066C000B0F5204F00D00125A5B12E462078C0435B
:1066D00010F0080F18D02CE0002104F1080003F09E
:1066E0003FFE0546F0E7022104F1280003F0D8FE42
:1066F0000546E9E7D9F80000D4F8A01020F460407E
:106700000843C9F80000E1E7D4F88400B0F5805FE1
:1067100006D1022104F1280003F0C2FE00B10126D7
:10672000DAF80000D4F8841020F440500843CAF886
:1067300000002078C04310F0100F14D1D4F8980056
:10674000B0F5807F06D1022104F1280003F0A8FEF5
:1067500000B10126D9F80000D4F8981020F4407058
:106760000843C9F800002068C04310F4002F0BD183
:10677000D4F8A400B0B1B0F5803F1AD0B0F5003F16
:1067800000D00125E5B12E462068C04310F4802FCB
:1067900020D02DE04C44025800480258544402587E
:1067A00070440258002104F1080003F0D9FD0546A9
:1067B000E8E7022104F1280003F072FE0546E1E754
:1067C000D9F80000D4F8A41020F440300843C9F8E8
:1067D0000000D9E7D4F88800B0F5801F0ED0B0F5DE
:1067E000001F10D0B0F5401F00D0012595B12E46F6
:1067F0002068C04310F4803F16D01DE0386840F494
:1068000000303860F2E7012104F1280003F048FE6F
:106810000546EBE7DAF80000D4F8881020F44010C1
:106820000843CAF80000E3E7206D58B1B0F5803F97
:106830000DD0012595B12E462068C04310F0005FB1
:1068400014D01AE0386840F400303860F2E70221D2
:1068500004F1080003F084FD0546EBE76E4801688B
:10686000226D21F4803111430160E5E7022104F13A
:10687000280003F015FE00B101262068C04310F483
:10688000003F0ED1D4F8800048B1B0F5807F0ED023
:10689000B0F5007F03D0B0F5407F00D001255DB199
:1068A0002E462068C04310F4801F0FD016E03868D1
:1068B00040F400303860F2E7DAF80000D4F88010D5
:1068C00020F440700843CAF80000EAE7D8F8000056
:1068D000616F20F000400843C8F800002068C04302
:1068E00010F0805F08D1DBF80000D4F8B81020F475
:1068F00080400843CBF800002068C04310F4001F1C
:1069000007D1D8F80000E16E20F080700843C8F885
:1069100000002068C04310F0804F0CD1DBF800006D
:1069200020F40040CBF80000DBF80000D4F8BC10E5
:106930000843CBF800002068C04310F0004F06D198
:1069400035480168626D21F04051114301602068B3
:10695000C04310F4000F08D1DAF80000D4F88C100E
:1069600020F440000843CAF8000020790025C04305
:1069700000F00100284306D1002104F1080003F0D3
:10698000EFFC00B106462079C04300F00200284326
:1069900006D1012104F1080003F0E2FC00B1064633
:1069A0002079C04300F00400284306D1022104F1FD
:1069B000080003F0D5FC00B106462079C04300F082
:1069C0000800284306D1002104F1280003F068FDE7
:1069D00000B106462079C04300F01000284306D1DC
:1069E000012104F1280003F05BFD00B10646207987
:1069F000C04300F02000284306D1022104F1280002
:106A000003F04EFD00B1064616B10120BDE8F88F37
:106A10000020BDE8F88F00004C4402582DE9F05FDB
:106A200004460D46002C17D0DFF88492D9F80000F8
:106A300000F00F00A84212D2D9F8000020F00F0099
:106A40002843C9F80000D9F8000000F00F00A84260
:106A500005D00120BDE8F09F0120BDE8F09F20781F
:106A6000944E10F0040F0AD02069316801F07001D3
:106A7000884204D9316821F07001084330602078E1
:106A80008D4F10F0080F0AD06069396801F070016D
:106A9000884204D9396821F07001084338602078B1
:106AA00010F0100F0AD0A069396801F4E061884243
:106AB00004D9396821F4E061084338602078DFF8B0
:106AC000FCB110F0200F0DD0E069DBF8001001F0F0
:106AD0007001884206D9DBF8001021F070010843EC
:106AE000CBF80000207810F0020F0AD0E06831687F
:106AF00001F00F01884204D9316821F00F010843E9
:106B00003060207810F0010F51D03068A16820F477
:106B100070600843306060686949022808D0032823
:106B20000DD0012812D0096811F0040F34D011E003
:106B3000096811F4003F0DD10120BDE8F09F0968FC
:106B400011F0007F06D10120BDE8F09F096811F423
:106B5000807F1ED0DFF86CA1DAF8001021F0070169
:106B60000843CAF80000FEF72DFF8046DAF800005F
:106B7000616800F03800B0EBC10F18D0FEF722FFBB
:106B8000A0EB080141F28830814208D90320BDE81A
:106B9000F09F0120BDE8F09F0120BDE8F09FDAF8EA
:106BA0000000616800F03800B0EBC10FE6D120783A
:106BB00010F0020F0AD0E068316801F00F0188423E
:106BC00004D2316821F00F0108433060D9F8000089
:106BD00000F00F00A8420FD9D9F8000020F00F00F4
:106BE0002843C9F80000D9F8000000F00F00A842BF
:106BF00002D00120BDE8F09F207810F0040F0AD0E9
:106C00002069316801F07001884204D2316821F0B6
:106C1000700108433060207810F0080F0AD06069D6
:106C2000396801F07001884204D2396821F070019E
:106C300008433860207810F0100F0AD0A069396836
:106C400001F4E061884204D2396821F4E06108432C
:106C50003860207810F0200F0DD0E069DBF80010CC
:106C600001F07001884206D2DBF8001021F07001BB
:106C70000843CBF8000000F07BF83168C1F3032231
:106C800011498A5C02F01F02D040326802F00F0204
:106C9000895C0E4A01F01F0120FA01F111600C49D4
:106CA00008600C480068BDE8F05FFEF7C7BE000052
:106CB00000200052184402581C4402582044025834
:106CC0000044025810440258BCE50008280C002477
:106CD000240C00241C0C00244DF804ED00F048F8AE
:106CE0000B4A11680B4BC1F30321595C01F01F01E2
:106CF00020FA01F11068084A00F00F00185C00F05B
:106D00001F0021FA00F01060044A11605DF804FBD6
:106D100018440258BCE50008280C0024240C002468
:106D20004DF804EDFFF7D8FF05490968054AC1F39E
:106D30000211515C01F01F01C8405DF804FB000026
:106D40001C440258BCE500084DF804EDFFF7C4FFF1
:106D500005490968054AC1F30221515C01F01F0190
:106D6000C8405DF804FB00001C440258BCE5000864
:106D70004DF8044D69480068DFF8A4C1694B10F074
:106D800038014ED008294FEA2C1047D0102959D08D
:106D9000182943D16448016801F003010068C0F379
:106DA0000510624A126802F00102614C2468C4F3C3
:106DB000CC0414FB02F200EE102AB8EE400A0028C0
:106DC0007BD0DFED5C0A5C4AB7EE001AA9B39FEDF9
:106DD0005B2A012974D0022971D001EE900A106853
:106DE000F8EE611AC2EE212AC0F3080001EE900A03
:106DF000F8EE611A40EE201A31EE810A22EE800A86
:106E00001068C0F34620401C00EE900AF8EE600ABD
:106E100080EE201ABCEEC10A10EE100A5DF8044B99
:106E20007047186810F0200F08D018685DF8044B00
:106E3000C0F3C1002CFA00F0704707E05DF8044B86
:106E4000604670473E485DF8044B7047196811F082
:106E5000200F1CD01968C1F3C1012CFA01F101EE19
:106E6000901AF8EE612A01EE900A1068F8EE611AA5
:106E700082EEA12AC0F3080001EE900AF8EE611A32
:106E800040EE201A31EE810A22EE000AB8E701EE48
:106E9000900ADFED2C2A1068F8EE611A82EEA12A22
:106EA000C0F3080001EE900AF8EE611A40EE201AD5
:106EB00031EE810A22EE000AA2E72BE000E013E0A7
:106EC00001EE900A1068F8EE611AC2EE212AC0F3B2
:106ED000080001EE900AF8EE611A40EE201A31EE39
:106EE000810A22EE800A8BE701EE900ADFED162A76
:106EF0001068F8EE611A82EEA12AC0F3080001EED4
:106F0000900AF8EE611A40EE201A31EE810A22EE64
:106F1000000A75E75DF8044B0020704710440258E2
:106F20000090D00300440258284402582C440258D0
:106F30003444025800000039304402580024744A96
:106F400000127A000024744C0024F44A2DE9F05F0A
:106F50000446002C11D02078DFF8F883FE4F10F0A3
:106F6000010FFE4D6BD0D8F8000000F038003968F2
:106F7000102823D0182803D006E00120BDE8F09F98
:106F800001F00300022819D06068B0F5803F1ED0E0
:106F900010B3B0F5A02F28D0286820F480302860E6
:106FA000286820F480202860606878B3FEF70AFD26
:106FB0000646286810F4003F20D040E0286810F40E
:106FC000003F3CD0606830BB0120BDE8F09F2868DE
:106FD00040F480302860E7E7286820F4803028609B
:106FE000286820F480202860DEE7286840F48020AC
:106FF0002860286840F480302860D5E7FEF7E2FC7E
:10700000801B642803D90320BDE8F09F04E02868B2
:1070100010F4003FF2D012E0FEF7D4FC06462868D8
:1070200010F4003F0BD0FEF7CDFC801B642802D982
:107030000320BDE8F09F286810F4003FF3D12078CA
:1070400041F2030AC64E10F0020F4BD0D8F80000F0
:1070500000F038003968A0B1182802D111F0030FF0
:107060000FD0E068002878D0296821F01901084382
:107070002860FEF7A7FC8146286810F0040F41D075
:107080004DE0286810F0040F01D0E06868B128686E
:10709000E16820F0190008432860FEF793FC814660
:1070A000286810F0040F03D00FE00120BDE8F09F26
:1070B000FEF788FCA0EB0900022802D90320BDE8F6
:1070C000F09F286810F0040FF2D0FEF775FC5045D1
:1070D00010D82069402806D0316821F47C3141EA7B
:1070E0000030306051E0306820F47C3040F40030F3
:1070F00030604AE03068217C20F0FE4040EA0160C8
:10710000306042E0FEF75EFCA0EB0900022802D9E5
:107110000320BDE8F09F286810F0040FF2D0FEF7BE
:107120004BFC504511D82069402806D0316821F425
:107130007C3141EA0030306027E0306820F47C3058
:1071400040F40030306020E007E03068217C20F01F
:10715000FE4040EA0160306017E0286820F001003E
:107160002860FEF72FFC8146286810F0040F0CD031
:10717000FEF728FCA0EB0900022802D90320BDE895
:10718000F09F286810F0040FF2D1207810F0100F53
:1071900045D0D8F8000000F038003968DFF8C4B1F5
:1071A000082813D0182803D101F0030001280DD0BE
:1071B000E069A8B3286840F080002860FEF702FC70
:1071C0008146286810F4807F2BD037E0286810F4BF
:1071D000807F05D0E069802802D00120BDE8F09FC3
:1071E000FEF7EAFB504510D8206A202806D0316807
:1071F00021F0F84141EA8060306056E0306820F0CC
:10720000F84040F0804030604FE0DBF8000094F838
:10721000201020F07C5040EA0160CBF8000044E0F0
:107220002CE0FEF7CFFBA0EB0900022802D90320D7
:10723000BDE8F09F286810F4807FF2D0FEF7BCFB19
:10724000504510D8206A202806D0316821F0F84136
:1072500041EA8060306028E0306820F0F84040F07B
:107260008040306021E0DBF8000094F8201020F02E
:107270007C5040EA0160CBF8000016E0286820F05E
:1072800080002860FEF79EFB0646286810F4807F89
:107290000BD0FEF797FB801B022802D90320BDE824
:1072A000F09F286810F4807FF3D1207810F0080F49
:1072B0003AD0DFF8B4906069D8B1D9F8000040F056
:1072C0000100C9F80000FEF77DFB0646D9F8000072
:1072D00010F0020F28D1FEF775FB801B022802D99F
:1072E0000320BDE8F09FD9F8000010F0020FF2D0A3
:1072F0001AE0D9F8000020F00100C9F80000FEF7FC
:1073000061FB0646D9F8000010F0020F0CD0FEF722
:1073100059FB801B022802D90320BDE8F09FD9F851
:10732000000010F0020FF2D1207810F0200F3DD0B5
:10733000A06920B3286840F480502860FEF742FB23
:107340000646286810F4005F30D1FEF73BFB801B37
:1073500002280BE010440258284402580044025806
:10736000044402580C4402587444025802D90320C1
:10737000BDE8F09F286810F4005FE6D016E02868AA
:1073800020F480502860FEF71DFB0646286810F4A4
:10739000005F0BD0FEF716FB801B022802D90320EA
:1073A000BDE8F09F286810F4005FF3D1207810F05A
:1073B000040F6CD0B14E306840F480703060FEF73E
:1073C00001FB8146306810F4807F0CD1FEF7FAFA99
:1073D000A0EB0900642802D90320BDE8F09F3068C3
:1073E00010F4807FF2D0A068A54E012816D0D0B14D
:1073F000052821D0306820F001003060306820F08E
:1074000004003060A06841F2883A60B3FEF7DAFA0F
:107410008146306810F0020F17D038E0306840F035
:1074200001003060EEE7306820F001003060306825
:1074300020F004003060E5E7306840F00400306080
:10744000306840F001003060DCE7FEF7BBFAA0EBEB
:107450000900504502D90320BDE8F09F306810F0C4
:10746000020FF2D013E0FEF7ADFA8146306810F05B
:10747000020F0CD0FEF7A6FAA0EB0900504502D986
:107480000320BDE8F09F306810F0020FF2D1616A6E
:10749000A1B3D8F80000DFF8EC9100F0380018280C
:1074A00009F10408A9F104067DD0022912D0286848
:1074B00020F080702860FEF785FA0446286810F0F6
:1074C000007F1BD0FEF77EFA001B02286CD9032038
:1074D000BDE8F09F286820F080702860FEF772FAFF
:1074E0008246286810F0007F0DD0FEF76BFAA0EB03
:1074F0000A00022803D90320BDE8F09FBBE02868FA
:1075000010F0007FF1D13868E16A20F0F30020F438
:10751000407040EA0110A16A08433860208E4FF4A1
:107520007E42616B401E491EC0F3080002EA412101
:107530000843218FD201491E02EA0141084394F811
:107540003C10491E120202EA01610843C9F800001A
:10755000306820F001003060D8F80000A16C6FF3B3
:10756000CF0040EAC100C8F800003068216C20F06C
:107570000C00084330603068616C20F00200084362
:107580003060306840F480303060306840F4003063
:107590003060306840F480203060306840F0010096
:1075A0003060286801E01DE016E040F0807028603F
:1075B000FEF708FA0446286810F0007F5BD1FEF75A
:1075C00001FA001B022802D90320BDE8F09F2868B9
:1075D00010F0007FF3D04EE0286810F0007F7FF4B9
:1075E00071AF48E03A68D9F80000012921D0A36AB8
:1075F00002F0030199421CD1E16AC2F305129142E3
:1076000017D1226BC0F30801521E914211D1616B58
:10761000C0F34622491E91420BD1A16BC0F3064232
:10762000491E914205D1E16BC0F30660491E8142BB
:1076300002D00120BDE8F09FD8F80000C0F3CC00D4
:10764000A16C814217D0306820F001003060FEF755
:10765000B9F90546FEF7B6F9A842FBD0D8F8000004
:10766000A16C6FF3CF0040EAC100C8F80000306899
:1076700040F0010030600020BDE8F09F0048025853
:107680007044025830440258401EB0F1807F01D34C
:10769000012070474FF0E0214861F020034A10704C
:1076A00000208861072008610020704723ED00E07A
:1076B0007047704770470000F0B490F83C20012AF2
:1076C00046D0012480F83C40022280F83D20036827
:1076D0005A68D3F808C0204D204EAB4201D0B342C7
:1076E00003D122F470024F683A4322F070020F680F
:1076F0003A435A600268AA421DD0B2F1804F1AD0B4
:10770000A2F18043B3F5806315D0A2F18043B3F5B5
:10771000006310D0A2F18043B3F540630BD0B242B6
:1077200009D0A2F18043B3F5C05304D0A2F1804345
:10773000B3F5A03304D12CF080038968194391601C
:1077400080F83D40002180F83C100020F0BC7047DC
:10775000F0BC02207047000000000140000401401E
:1077600010B50446002C03D094F83D0010B107E09A
:10777000012010BD002084F83C00204600F022F8D3
:10778000022084F83D002068211D03F0C1F801208B
:1077900084F8480084F83E0084F83F0084F84000F4
:1077A00084F8410084F8420084F8430084F84400DF
:1077B00084F8450084F8460084F8470084F83D00CA
:1077C000002010BD08B500680B49884212D10B4853
:1077D000016841F48071016000680022012100F419
:1077E000807000902D20FEF76BF9BDE808402D2039
:1077F000FEF758B908BD000000200040E8440258D8
:1078000090F83D10012901D001207047022180F835
:107810003D100168CA6842F00102CA600068A0F128
:107820008041B1F5803126D0B0F1804F23D0A0F156
:107830008041B1F580611ED0A0F18041B1F50061B9
:1078400019D0A0F18041B1F5406114D0A0F1804180
:10785000B1F582310FD0A0F18041B1F5C0510AD00D
:10786000A0F18041B1F5A03105D0016841F00101DE
:107870000160002070478168054A11400629F8D050
:10788000B1F5803FF5D0016841F001010160F0E7FA
:1078900007000100704770B505460C46002695F8B4
:1078A0003C0001280FD0012085F83C006AB1042A71
:1078B0001CD0082A2CD00C2A3BD00126002085F8A9
:1078C0003C00304670BD022070BDE36862682168EC
:1078D000286803F035FA2868816921F00C0181617C
:1078E00028688169A26811438161E7E7E3686268FB
:1078F0002168286803F06BFA2868816921F44061E7
:10790000816128688169A26841EA02218161D5E725
:10791000E36862682168286803F079FA2868C16919
:1079200021F00C01C1612868C169A2681143C161DD
:10793000C4E7E36862682168286803F086FA28686B
:10794000C16921F44061C1612868C169A26841EA46
:107950000221C161B2E710B50446002C03D094F8AF
:107960003D0010B107E0012010BD002084F83C006C
:10797000204600F023F8022084F83D002068211DF5
:1079800002F0C6FF012084F8480084F83E0084F825
:107990003F0084F8400084F8410084F8420084F8F5
:1079A000430084F8440084F8450084F8460084F8D5
:1079B000470084F83D00002010BD000010B586B0DF
:1079C000044614216846F8F7E5FD1249206888420C
:1079D0001ED11148016841F004010160006800F007
:1079E000040005900C480838016841F00801016066
:1079F0000068002100F00800059002208203009238
:107A0000CDE90101CDE9031004486946FDF7CCFE3C
:107A100006B010BD00080040E8440258000C0258AF
:107A20002DE9F04104462068C66805694FF000075B
:107A300015F0020F16D016F0020F13D0F91E0161D7
:107A4000012020772068806910F0030F03D02046C2
:107A5000FFF720FF05E0204600F0C8F8204600F0C0
:107A6000A7F9277715F0040F18D016F0040F15D0DA
:107A700021686FF004000861022020772068806987
:107A800010F4407F03D02046FFF704FF05E02046B6
:107A900000F0ACF8204600F08BF9277715F0080FBE
:107AA00018D016F0080F15D021686FF00800086193
:107AB000042020772068C06910F0030F03D020460F
:107AC000FFF7E8FE05E0204600F090F8204600F0C1
:107AD0006FF9277715F0100F18D016F0100F15D08A
:107AE00021686FF010000861082020772068C069C5
:107AF00010F4407F03D02046FFF7CCFE05E020467F
:107B000000F074F8204600F053F9277715F0010FC4
:107B100009D016F0010F06D021686FF0010008614E
:107B2000204600F047F905F0800005F400510843B5
:107B300009D016F0800F06D021686FF4025008615A
:107B40002046FFF7B6FD15F4807F09D016F0800FB0
:107B500006D021686FF4807008612046FFF7A8FD09
:107B600015F0400F09D016F0400F06D021686FF0D5
:107B700040000861204600F029F915F0200F0BD0D5
:107B800016F0200F08D021686FF020000861204611
:107B9000BDE8F041FFF78EBDBDE8F08110B586B0BD
:107BA000044614216846F8F7F5FC0D492068884220
:107BB00014D10C48016841F0040101600068002103
:107BC00000F004000590022002020092CDE90101BC
:107BD000CDE9031004486946FDF7E6FD06B010BD87
:107BE00000040040E044025800080258704770B595
:107BF00004460D46002694F83C0001280BD00120D5
:107C000084F83C000C2A4FD007DC82B1042A22D031
:107C1000082A06D134E0022070BD102A59D0142A57
:107C20006BD00126002084F83C00304670BD2068EF
:107C3000294602F0D9FE2068816941F0080181617E
:107C40002068816921F004018161206881692A69C5
:107C500011438161E6E72068294602F019FF206898
:107C6000816941F4006181612068816921F480614A
:107C70008161206881692A6941EA02218161D1E735
:107C80002068294602F052FF2068C16941F00801CE
:107C9000C1612068C16921F00401C1612068C16926
:107CA0002A691143C161BDE72068294602F08CFFB3
:107CB0002068C16941F40061C1612068C16921F493
:107CC0008061C1612068C1692A6941EA0221C161FC
:107CD000A8E72068294602F0B6FF2068416D41F010
:107CE000080141652068416D21F00401416520686B
:107CF000416D2A691143416594E72068294602F0E5
:107D0000DFFF2068416D41F4006141652068416DED
:107D100021F4806141652068416D2A6941EA0221B0
:107D200041657FE710B50446002C03D094F83D0070
:107D300010B107E0012010BD002084F83C0020466F
:107D400000F022F8022084F83D002068211D02F096
:107D5000DFFD012084F8480084F83E0084F83F00ED
:107D600084F8400084F8410084F8420084F843001D
:107D700084F8440084F8450084F8460084F84700FD
:107D800084F83D00002010BD08B50068064988420F
:107D900008D10648016841F002010160006800F066
:107DA0000200009008BD000000040040E8440258B2
:107DB000704700000349884202D10348C068004769
:107DC00070470000581B002448110024704790F8A9
:107DD0008410012918D0012180F884102421C0F8D2
:107DE000881001680A680B6823F001030B6022F019
:107DF000005100224266036819602021C0F88810F3
:107E000080F8842000207047022070477047704738
:107E100070B5044694F8840001281DD0012084F830
:107E200084002420C4F8880020680568026822F0D5
:107E3000010202602068826822F060621143816062
:107E4000204603F06FF8206805602020C4F8880001
:107E5000002084F8840070BD022070BD70B5044617
:107E600094F8840001281DD0012084F88400242087
:107E7000C4F8880020680568026822F001020260E8
:107E80002068826822F0604211438160204603F03E
:107E900049F8206805602020C4F88800002084F894
:107EA000840070BD022070BD7047704770B50446F5
:107EB000D4F88800D4F88C60216889684FF01005E8
:107EC00011F0800F18D0212816D12068083050E812
:107ED000001F21F0800140E80012002AF5D1E06F78
:107EE00038B1FBF7B9FC20B1E06FFBF7B9FF2028F0
:107EF0000AD0204603F0FEF92068806810F0400F99
:107F00001FD0222E04D01CE0C4F89050032070BD76
:107F10002068083050E8001F21F0400140E80012BE
:107F2000002AF5D1D4F8800040B1FBF795FC28B1C8
:107F3000D4F88000FBF794FF202804D0204603F0FB
:107F40009FF9002070BDC4F89050032070BD7047A9
:107F50002DE9F04104462368D86919689A6840F60B
:107F60000F0C00EA0C0CBCF1000F0FD110F0200F29
:107F70000CD001F0200502F08056354306D0616F29
:107F800000297DD02046BDE8F041084700250226A3
:107F9000BCF1000F75D0DFF864C3D94F02EA0C0CB6
:107FA0000F405CEA07076CD010F0010F0AD011F403
:107FB000807F07D001271F62D4F8903043F001037F
:107FC000C4F8903010F0020F0AD012F0010F07D061
:107FD00023681E62D4F8903043F00403C4F8903054
:107FE00010F0040F0BD012F0010F08D02668042304
:107FF0003362D4F8903043F00203C4F8903010F0AC
:10800000080F0FD001F0200353EA0C030AD0D4F874
:1080100000C00823CCF82030D4F8903043F0080397
:10802000C4F8903010F4006F0ED011F0806F0BD0B8
:10803000D4F800C04FF40063CCF82030D4F890306E
:1080400043F02003C4F89030D4F89030002B3FD098
:1080500010F0200F09D001F0200002F080510843F9
:1080600003D0616F09B120468847D4F89000216899
:10807000896811F0400F02D110F0280F2FD001E0D5
:1080800026E033E0204603F0FBF82068806810F01B
:10809000400F1FD02068083050E8001F21F0400139
:1080A00040E80012002AF5D1D4F8800068B1954963
:1080B0000165D4F88000FBF783FD002808D0D4F8D0
:1080C0008000016DBDE8F04108472046FFF73FFF03
:1080D000BDE8F0812046FFF73AFFBDE8F081204679
:1080E000FFF735FFC4F89050BDE8F081D4F86CC0BC
:1080F000BCF1010F7DD110F0100F7AD011F0100FEC
:1081000077D010201862206880684FF0200310F0AC
:10811000400F7ED0D4F880107B4A086890422CD063
:108120007A4A904229D07A4A904226D0794A90429F
:1081300023D0794A904220D0784A90421DD0784A84
:1081400090421AD0774A904217D0774A904214D082
:10815000764A904211D0764A90420ED0754A9042AB
:108160000BD0754A904208D0744A904205D0744AA8
:10817000904202D0734A904201D1406800E04068CA
:1081800080B20028B0D0B4F85C208242ACD9A4F808
:108190005E00C869B0F5807F2FD0206850E8001FCE
:1081A00021F4807140E80012002AF6D120680830DE
:1081B00050E8001F21F0010140E80012002AF5D12B
:1081C0002068083050E8001F21F0400140E800120C
:1081D000002AF5D1C4F88C30E566206850E8001F0D
:1081E00021F0100140E80012002AF6D1D4F88000F6
:1081F00001E044E00DE0FBF72FFB2667B4F85C00DC
:10820000B4F85E10401A81B22046FFF7FFFDBDE8CA
:10821000F081B4F85C00B4F85E10401A81B2B4F892
:108220005E000028F3D00029F1D0206850E8002F2C
:1082300022F4907240E8002CBCF1000FF5D12068C8
:10824000083050E8002F22F0010222F0805240E86E
:10825000002CBCF1000FF2D1C4F88C30E5666567E4
:10826000206850E8002F22F0100240E80023002B85
:10827000F6D126672046FFF7C9FDBDE8F08110F46E
:10828000801F0AD012F4800F07D04FF480101862BC
:108290002046BDE8F041FFF708BE10F0800F0CD07B
:1082A00001F0800302F400021A4306D0A16F0029F6
:1082B000E3D02046BDE8F041084710F0400F07D05A
:1082C00011F0400F04D02046BDE8F04103F000B8A3
:1082D00010F4000F07D011F0804F04D02046BDE805
:1082E000F041FFF7E1BD10F0807FC6D011F0004FE4
:1082F000C3D02046BDE8F041FFF789BD0100001062
:108300002001000413B100081000024028000240C0
:1083100040000240580002407000024088000240C5
:10832000A0000240B80002401004024028040240AD
:108330004004024058040240700402408804024095
:10834000A0040240B804024010B50446002C03D03B
:10835000D4F8880010B107E0012010BD002084F897
:108360008400204600F028F82420C4F88800206803
:10837000016821F001010160A06A10B1204602F0FD
:10838000FFFD204602F0FAFF012813D02068416863
:1083900021F4904141602068816821F02A018160C8
:1083A0002068016841F0010101602046BDE81040ED
:1083B00002F052BE012010BD2DE9F04FB7B00446C7
:1083C000142130A8F8F7E6F8C0216846F8F7E2F87B
:1083D000FF4D0227DFF8F8934FF0030B083D4FF0F5
:1083E00040080021FB4A20681615904263D1002204
:1083F0001E9102238A466846CDE90032FDF7BAFD98
:1084000008B1FBF784F8D9F8001041F40021C9F84D
:108410000010D9F8000000F400203590286840F0E2
:108420000100286028680821CDF8C0B0554600F04A
:108430000100CDE9317ACDF8CCA0CDE93410E64881
:1084400030A9FDF7B1F9E54F3F21E54887E8230062
:10845000C7E903567D613846BD61FD613D627D62BD
:10846000FCF7C0F808B1FBF752F8DFF8709341460B
:10847000DB4A09F17809C4F880704846BC631832B9
:10848000E0E8022880E86200C56005614561856119
:108490004846C9F82450FCF7A5F808B1FBF737F8AF
:1084A0000022C4F87C9034201146C9F83840FDF70A
:1084B00007FB342066E0CB4A904268D100221E912F
:1084C00002238A466846CDE90032FDF753FD08B124
:1084D000FBF71DF8D9F8001041F48011C9F800101D
:1084E000D9F8000000F480103590286840F00200B0
:1084F000286028680E21D146554600F002003590CC
:108500004FF440503090CDE9317ACDE933A1B648EF
:1085100030A9FDF749F9B14F4121B148F037483052
:1085200087E82300C7E903567D613846BD61FD61D8
:108530003D627D62FCF756F808B1FAF7E8FFAB4DF3
:108540004223C4F88070BC632846A54AC5E9039657
:10855000C5F814906032C5F81890C5F81C90C5F89D
:108560002090C5F8249085E80C01FCF73BF808B191
:10857000FAF7CDFF0022E56735201146AC63FDF721
:108580009FFA3520FDF78EFA37B0BDE8F08F984A94
:108590004FF0070A904267D100201E9102228B46BD
:1085A000CDE900206846FDF7E5FC08B1FAF7AFFF1A
:1085B000D9F8001041F08041C9F80010D9F8000046
:1085C00000F080403590286840F01000286028684E
:1085D0004FF4C071309130A900F010005D46CDE934
:1085E000317BCDF8CCB0CDE934A08248FDF7DCF882
:1085F000DFF8F8914F227A4909F17809903148461D
:1086000089E82600C0E90356C9F81450C9F8185083
:10861000C9F81C50C9F82050C9F82450FBF7E2FFF4
:1086200008B1FAF774FF714F5023C4F88090F03707
:10863000C9F838406A4A3846C7E903567D61303286
:10864000BD61FD613D627D6287E80C01FBF7CAFFF9
:1086500008B1FAF75CFFE76700220121BC635220F2
:10866000FDF72EFA52208DE7634A904262D1002234
:108670001E9102238A466846CDE90032FDF77AFC56
:1086800008B1FAF744FFD9F8001041F00041C9F8E9
:108690000010D9F8000000F000403590286840F044
:1086A0001000286028680821CDF8C0B0554600F0B9
:1086B0001000CDE9317ACDF8CCA0CDE934104D4889
:1086C00030A9FDF771F84D4F51214D4887E823003F
:1086D000C7E903567D613846BD61FD613D627D623B
:1086E000FBF780FF08B1FAF712FF444D5223C4F89C
:1086F00080707835BC633A4A2846C5E903A6C5F8B8
:1087000014A07832C5F818A0C5F81CA0C5F820A0A0
:10871000C5F824A085E80C01FBF764FF08B1FAF75F
:10872000F6FEE56700220121AC635320FDF7C8F98E
:10873000532027E7334ADFF8D0B0904268D10020B9
:108740001F9101228946CDE900206846FDF712FC01
:1087500008B1FAF7DCFEDBF8001041F01001CBF8AD
:108760000010DBF8000000F010003590286840F0A1
:1087700001002860286801234FF4C0624D4600F0D4
:108780000100CDE9323930A9CDE934A01248CDE954
:108790003027FDF709F8194F2923194A4FF4003AF9
:1087A000F0372846783A07F118013A609215C7E980
:1087B0000135C7E903567D6181E8050438467D62CD
:1087C000FBF710FF08B1FAF7A2FE104D0C4A20E0AB
:1087D000E8440258004C004000000258C420002425
:1087E0001004024000500040000402582C220024D3
:1087F0000078004000100258007C004094230024C0
:108800008800024000100140F0440258FC2400247B
:108810001FE0C4F880701832BC632A23C5E90396B0
:10882000C5F814902846C5F81890C5E9079AC5F808
:10883000249085E80C01FBF7D5FE08B1FAF767FE36
:108840000022E56725201146AC63FDF739F92520A4
:1088500098E69E4A904265D100201E9102228B46E6
:10886000CDE900206846FDF785FB08B1FAF74FFE19
:10887000D9F8001041F40031C9F80010D9F800000F
:1088800000F400303590286840F001002860286826
:108890000C21309130A900F001005D46CDE9317B1B
:1088A000CDF8CCB0CDE934A08948FCF77DFF894FE5
:1088B0002B21894887E82300C7E903567D613846A4
:1088C000BD61FD613D627D62FBF78CFE08B1FAF788
:1088D0001EFEDFF800922C23C4F8807009F178099D
:1088E000BC6348467C4A183AC0E90356C9F814509C
:1088F000C9F81850C9F81C50C9F8205089E80C0173
:10890000C9F82450FBF76EFE08B1FAF700FE00220A
:10891000C4F87C9026201146C9F83840FDF7D0F8FD
:1089200026202FE66D4A904266D100201E91022239
:108930008B46CDE900206846FDF71CFB08B1FAF72D
:10894000E6FDD9F8001041F48021C9F80010D9F8EB
:10895000000000F480203590286840F0080028606E
:1089600028684FF44071309130A900F008005D464E
:10897000CDE9317BCDF8CCB0CDE934A05848FCF737
:1089800013FF544F2D215448F037483887E823000F
:10899000C7E903567D613846BD61FD613D627D6278
:1089A000FBF720FE08B1FAF7B2FDDFF838912E236D
:1089B000C4F880704846BC63474AC0E90356C9F80A
:1089C0001450303AC9F81850C9F81C50C9F8205052
:1089D00089E80C01C9F82450FBF704FE08B1FAF746
:1089E00096FD0022C4F87C9027201146C9F8384033
:1089F000FDF766F82720C5E53B4A90427FF4C4ADF9
:108A000000221F91012389466846CDE90032FDF717
:108A1000B1FA08B1FAF77BFDDBF8001041F0200154
:108A2000CBF80010DBF8000000F02000359028683B
:108A300040F0040028602868C021309130A900F07F
:108A400004004D46CDE93179CDF8CC90CDE934A084
:108A50002648FCF7A9FE234F48221F4978374831A2
:108A60003846C7E903567D61BD61FD613D627D62A7
:108A700087E80601FBF7B6FD08B1FAF748FDDFF815
:108A8000648047221A4908F1F008E7674046BC6352
:108A900088E82600C0E90356C8F81450C8F81850F2
:108AA000C8F81C50C8F82050C8F82450FBF79AFDAD
:108AB00008B1FAF72CFD0022C4F880804720114647
:108AC000C8F83840FCF7FCFF47205BE50044004055
:108AD0000000025874250024700002400048004045
:108AE000000C0258DC260024001401400008025843
:108AF000B804024030B4D0F88C30202B02D030BC07
:108B000002207047C1B1BAB10023C3660368A3F164
:108B1000B04CBCF5406C0CD05B6813F4000F08D06F
:108B2000036853E800CF4CF0806C43E800C4002C8D
:108B3000F6D130BC02F084BE30BC012070477047D3
:108B40007047000010B50446D4F88800202801D0F2
:108B5000022010BD00292BD0002A29D02165A4F8BD
:108B60005420A4F856200021C4F890102120C4F805
:108B70008800E06FF0B1174BC363E36F16481864C9
:108B8000E36F1648D864E06F016513462068D4F897
:108B90007CC02830216D02466046FBF71DFF48B1BE
:108BA0001020C4F890002020C4F88800012010BDD7
:108BB000012010BD2168402008622068083050E87C
:108BC000001F41F0800140E80012002AF5D100208A
:108BD00010BD000027B2000869B2000827B10008E4
:108BE00070477047FEE70000384810B5FAF74AFBB7
:108BF000374802F05FFF3749374802F0D1FE374966
:108C0000374802F036FB3549354802F0B2FB3549AA
:108C1000354802F0C5FE3549354802F02AFB334994
:108C2000334802F0A6FB3349334802F0B9FE33491A
:108C3000334802F01EFB3149314802F09AFB3149BA
:108C4000314802F0ADFE3149314802F012FB2F49A4
:108C50002F4802F08EFB2B492E4802F0A1FE2E4930
:108C60002E4802F006FB2C492C4802F082FB2549D5
:108C70002B4802F095FE2B492B4802F0FAFA2949BD
:108C8000294802F076FB1F49284802F089FE28494E
:108C9000284802F0EEFA2649264802F06AFB2649E7
:108CA0002648F9F7CDFD2648F9F796FD25492648CF
:108CB000F9F7C6FD2548F9F78FFD2549254802F04B
:108CC000E5F8BDE81040244802F037B8540D002400
:108CD000A8100024E9340008741E002400000024B9
:108CE000B00B0024DDC80008081F0024C8000024C1
:108CF000B80B0024B1DD0008241C00242C0D002436
:108D0000C80B002449380008B81C00243C0D00247E
:108D1000D00B002430200024440D0024D80B002464
:108D20004C1D0024340D0024E00B0024E01D002421
:108D30004C0D0024E80B00240127000880190024B2
:108D4000F00B00246D270008201A0024000C0024DA
:108D500005A80008581B002448110024F0B54188DC
:108D6000012300244FF49676A1F58062B24201DD22
:108D7000437704E0A1F20145B54200D244775F4F4A
:108D8000BA4201DAC37604E0A1F53572B24200D2EC
:108D9000C47682881546A2F58062B24201DD8376F0
:108DA00004E0A5F20145B54200D28476BA4201DA68
:108DB000037704E0A1F53571B14200D20477847ED7
:108DC000017F4F4A90ED3C1A9FED4E2A4E4BDFED4E
:108DD0004F1AF0EE000A9FED4E0A8C4222D1B5EEFA
:108DE000C01AF1EE10FA0ADB31EE601A80ED3C1A7F
:108DF000B5EEC01AF1EE10FA01D280ED3C0A90ED0A
:108E00003C1AB5EEC01AF1EE10FA21D231EE201A5A
:108E100080ED3C1AB5EEC01AF1EE10FA18DD80EDC7
:108E20003C0A15E0611A490002EE901AF8EEE22AB7
:108E300032EE811A11EE101A80ED3C1A914201DDDA
:108E400080ED3C2AD0F8F010994201D9C0ED3C1ACF
:108E5000C47E417F90ED3D1A8C4222D1B5EEC01AFE
:108E6000F1EE10FA0ADB31EE601A80ED3D1AB5EE34
:108E7000C01AF1EE10FA01D280ED3D0A90ED3D1AD4
:108E8000B5EEC01AF1EE10FA21D271EE200AC0ED53
:108E90003D0AF5EEC00AF1EE10FA18DD80ED3D0A4C
:108EA00015E0091B490000EE901AF8EEE00A70EE9A
:108EB000810A10EE901AC0ED3D0A914201DD80ED6D
:108EC0003D2AD0F8F410994201D9C0ED3D1A01882D
:108ED000B1F5AF6F03D9DFED0F0AC0ED3E0AB1F572
:108EE000487F03D2DFED0C0AC0ED3E0AA1F54871C0
:108EF000B1F5167F01D880ED3E0AF0BDD4FEFFFF2C
:108F00000000C8420000C8420000C8C20000C8C239
:108F100000000000000096C40000964410B5847A5A
:108F20004B494C4B90ED140ADFED4B1A4B4AD1EDF7
:108F3000090A9FED4B2A9FED4B1A44B390F820107D
:108F400090F82240A1422CD1B5EEC00AF1EE10FA01
:108F50000ADB30EE600A80ED140AB5EEC00AF1EECD
:108F600010FA01D280ED141A90ED140AB5EEC00A81
:108F7000F1EE10FA2AD230EE200A80ED140AB5EE96
:108F8000C00AF1EE10FA21DD80ED141A1EE0002176
:108F900080F8221080F8201080F8211080F823102B
:108FA000D2E7091B490002EE901AF8EEE22A02EE1F
:108FB000A00A10EE101A80ED140A994201DDC0EDEE
:108FC000141A016D914201D980ED142A90F82140C4
:108FD00090F8231090ED150A8C4222D1B5EEC00A0C
:108FE000F1EE10FA0ADB30EE600A80ED150AB5EEFC
:108FF000C00AF1EE10FA01D280ED151A90ED150AB3
:10900000B5EEC00AF1EE10FA0AD230EE200A80ED79
:10901000150AB5EEC00AF1EE10FA01DD80ED151A61
:1090200010BD091B490001EE101AB8EEC11A01EE7D
:10903000200A10EE101A80ED150A994201DDC0EDEC
:10904000151A416D9142EBD980ED152A10BD000033
:10905000880B00240000C8420000C8420000C8C2BB
:109060000000C8C200000000D0ED000A80ED030A35
:10907000F7EE001A20EE800A71EEE00A90ED011A78
:1090800000EE810A80ED020A80ED010A70470000BF
:10909000494808B5016841F001010160016801F02B
:1090A00001010091016841F00201016000680022A5
:1090B000012100F0020000900B20FCF701FD0B20C5
:1090C000FCF7F0FC00220C201146FCF7F9FC0C2008
:1090D000FCF7E8FC00220D201146FCF7F1FC0D2006
:1090E000FCF7E0FC00220E201146FCF7E9FC0E2004
:1090F000FCF7D8FC00220F201146FCF7E1FC0F2002
:10910000FCF7D0FC002210201146FCF7D9FC1020FF
:10911000FCF7C8FC002211201146FCF7D1FC1120FD
:10912000FCF7C0FC00222F201146FCF7C9FC2F20C1
:10913000FCF7B8FC002201213820FCF7C1FC3820E4
:10914000FCF7B0FC002201213920FCF7B9FC3920E2
:10915000FCF7A8FC00223A201146FCF7B1FC3A20AB
:10916000FCF7A0FC00223B201146FCF7A9FC3B20A9
:10917000FCF798FC00223C201146FCF7A1FC3C20A7
:10918000FCF790FC002244201146FCF799FC442097
:10919000FCF788FC002201214520FCF791FC4520CA
:1091A000FCF780FC002201214620FCF789FCBDE889
:1091B00008404620FCF776BCD844025818480021E5
:1091C00070B5164D00F11406816001220560082477
:1091D000C1601F25017404234174817486E8340042
:1091E000C0E9084282622024C262C0E90C21816386
:1091F0000A22C0E90F14C0E91131C0E91331C0E9F6
:109200001531C0E91712C0E91913FCF799F80028C5
:1092100003D0BDE87040FAF77AB970BD00A00040F5
:109220008019002470B519480021174D012200F162
:10923000140C082481601F2605604FF4A065C160EE
:1092400004230174417481748CE85400C0E908421D
:1092500082622024C26202630A22C0E90D51C0E981
:109260000F14C0E91131C0E91331C0E91531C0E96B
:109270001712C0E91913FCF763F8002803D0BDE802
:109280007040FAF744B970BD00A40040201A0024D1
:10929000F0B587B014216846F7F77CF932480168C9
:1092A00041F080010160016801F0800105910168D1
:1092B00041F001010160016801F0010105910168BF
:1092C00041F002010160016801F0020105910168AD
:1092D00041F010010160016801F010010591016881
:1092E00041F008010160016801F008010591016881
:1092F00041F00401016000684FF47C461B4F0022DE
:1093000000F00400314605903846FCF74EFB00247F
:109310001748022569460295CDE90054FCF744FA46
:10932000280269468DE831003846FCF73DFA0120F5
:109330000096CDE90104694638460394FCF734FAF7
:109340000C4E4FF46050CDE900046946304602945B
:10935000FCF72AFA680369468DE831003046FCF7CD
:1093600023FA07B0F0BD0000E04402580010025894
:1093700000040258000C02580B4840F2E73210B5C6
:109380000021084CEF23C0E9021201618161C0E9AC
:109390000043FEF7E5F9002803D0BDE81040FAF7D6
:1093A000B6B810BD00200040581B002410B58AB08C
:1093B000002468461C21079408940994F7F7EAF8FA
:1093C000164844F62061EF22134BC0E902410461C4
:1093D0008461C0E90032FEF7A5FC08B1FAF797F8FE
:1093E0000E4807A907940994FEF766F908B1FAF741
:1093F0008EF860206946CDE9000408480C220294EA
:109400000494FEF7F4FB08B1FAF781F80348FEF77D
:10941000C5FB0AB010BD000000040040C01A0024C3
:1094200010B588B01848002416496B224FF6FF7318
:10943000009401940294039404940594069480E8A3
:109440001600C0E903348461FEF785FA08B1FAF723
:109450005EF80D48694600940294FEF72DF908B1B4
:10946000FAF755F801200C2203A9CDE9034006487C
:1094700005940694FEF70FFA002801D0FAF747F892
:1094800008B010BD000800400C1B00241848002143
:1094900010B5164C0C224FF4E1330460C0E90131E1
:1094A000C160C0E904128161C161016241628162EF
:1094B000FEF74AFF08B1FAF72AF80D480021FEF737
:1094C000CDFC08B1FAF723F809480021FEF7A0FC0B
:1094D00008B1FAF71CF80648FEF779FC002803D01B
:1094E000BDE81040FAF713B810BD0000004C004072
:1094F000241C00241848002110B5164C0C224FF4EF
:10950000E1330460C0E90131C160C0E90412816146
:10951000C161016241628162FEF716FF08B1F9F78D
:10952000F6FF0D480021FEF799FC08B1F9F7EFFFAF
:1095300009480021FEF76CFC08B1F9F7E8FF06487E
:10954000FEF745FC002803D0BDE81040F9F7DFBF67
:1095500010BD000000500040B81C00241848002135
:1095600010B5164C0C224FF4E1330460C0E9013110
:10957000C160C0E904128161C1610162416281621E
:10958000FEF7E2FE08B1F9F7C2FF0D480021FEF731
:1095900065FC08B1F9F7BBFF09480021FEF738FC6C
:1095A00008B1F9F7B4FF0648FEF711FC002803D014
:1095B000BDE81040F9F7ABBF10BD000000780040D7
:1095C0004C1D00241848002110B5164C0C224FF4F5
:1095D000E1330460C0E90131C160C0E90412816176
:1095E000C161016241628162FEF7AEFE08B1F9F726
:1095F0008EFF0D480021FEF731FC08B1F9F787FF17
:1096000009480021FEF704FC08B1F9F780FF06487D
:10961000FEF7DDFB002803D0BDE81040F9F777BF67
:1096200010BD0000007C0040E01D002470B518480B
:109630000021164C0C2300F10C0C164D22158CE861
:109640000E008161A614C16101624162816280E8FD
:109650007000FEF779FE08B1F9F759FF0C480021B8
:10966000FEF7FCFB08B1F9F752FF09480021FEF7AD
:10967000CFFB08B1F9F74BFF0548FEF7A8FB002820
:1096800003D0BDE87040F9F742BF70BD0010014043
:10969000741E0024A08601001848002110B5164C45
:1096A0000C224FF461230460C0E90131C160C0E9BC
:1096B00004128161C161016241628162FEF744FE70
:1096C00008B1F9F724FF0D480021FEF7C7FB08B1E8
:1096D000F9F71DFF09480021FEF79AFB08B1F9F7D9
:1096E00016FF0648FEF773FB002803D0BDE81040C4
:1096F000F9F70DBF10BD000000440040081F002412
:109700001848002110B5164C0C224FF4E1330460C8
:10971000C0E90131C160C0E904128161C161016227
:1097200041628162FEF710FE08B1F9F7F0FE0D48C4
:109730000021FEF793FB08B1F9F7E9FE0948002183
:10974000FEF766FB08B1F9F7E2FE0648FEF73FFBBD
:10975000002803D0BDE81040F9F7D9BE10BD0000C5
:10976000004800409C1F00241848002110B5164CEA
:109770000C224FF4E1330460C0E90131C160C0E95B
:1097800004128161C161016241628162FEF7DCFD08
:1097900008B1F9F7BCFE0D480021FEF75FFB08B1E8
:1097A000F9F7B5FE09480021FEF732FB08B1F9F7D9
:1097B000AEFE0648FEF70BFB002803D0BDE81040C4
:1097C000F9F7A5BE10BD00000014014030200024B0
:1097D0000278EE2A06D14278A22A03D18278C07894
:1097E0000A704870704700002DE9F0410446554862
:1097F000554BEF220F46A12102709FED540A544AA7
:109800009FED543B554D9FED562B4170D3ED3D0AD6
:1098100092ED151A60EE800A41EE000AFDEEE00AB4
:1098200010EE901AC0F80210D3ED3C0A92ED141A13
:1098300060EE800A41EE000ABDEEE00A10EE101A5A
:10984000C0F8061032F9106FD98806EB460600EE14
:10985000106AA1F5806100EE901AB8EEC01BB8EE58
:10986000E00B00EE031BBDEEC10B10EE106A46814B
:1098700019888181997A8173D97AC17393F8E1103B
:10988000017492F8271092F8263092F82E6092F820
:1098900030C0490192F831E041EA031141EAC601C2
:1098A00092F82D3041EA8C012F4E41EA4E011943C6
:1098B000417492F82A1096F80CE52C4E92F82B3051
:1098C000090192F82CC00EF0010E96F80C6541EAE1
:1098D000C30141EA8C0106F0010641EA4E01314321
:1098E0008174D17A224A127A41EA4201C174297AFA
:1098F000202201751F4991ED010AB8EEC00B20EE40
:10990000020BBCEEC00B10EE101AA0F8151095F863
:109910003510C17501463846F6F7C5FD1648844234
:109920000ED1084DAD1F2878012802D06888032881
:1099300006D3124920222046FFF704F900202870A0
:10994000BDE8F081120D0024540D002400007A447B
:10995000A8100024333333333333D33F00110024B2
:109960009A9999999999A93F680600244801002479
:10997000580E002448110024241C00246C280024C4
:10998000FEE7000010B50DA90446039A172A13D26A
:10999000DFE802F0120C0E181A1C1E12121212121C
:1099A0001212121212202225282B2E00124814E027
:1099B000114800BFF9F7DFFB3022204603A9F6F774
:1099C000B7FD10BD0C480BE00B480CE00A480DE059
:1099D00009480EE00948EDE708481830EAE707486B
:1099E0003030E7E705484830E4E704486030E1E715
:1099F00002487830DEE700004801002468060024B1
:109A000070B58AB000250E9880B232E031F80A3C79
:109A1000A1F1F00483422BD1002C2DD024226846E2
:109A200011A9F6F785FD0DF1380CD4F8F860204641
:109A30009CE80E00B0474C48B4F9001000EE101A34
:109A40000268B8EEC00A04EB820181ED0B0AB4F99A
:109A50000210026800EE101A04EB8201B8EEC00A90
:109A600081ED1F0A0168491C0160142906D006E037
:109A7000096813688B42C9D10AB070BD0560002126
:109A80000268D0ED010A90ED020A04EB8202D2EDE9
:109A90000B1A92ED1F1A00BF71EEA00A31EE000AF8
:109AA000491C1429F8DBF3EE041A9FED301A80EEFE
:109AB000212AC0EEA12ABDEEC20A10EE102AA4F897
:109AC000D220FDEEE20A10EE901AA4F8D01080ED3C
:109AD000021A80ED011AB4F8EC00B4F8EA10B4F9F7
:109AE0000020B1EB500F05D201EB5001914207DA93
:109AF000101A04E0A1EB5001914201DD10442080D6
:109B0000B4F90010B4F8EA009FED190A081A00EE43
:109B1000900AF8EEE00A60EE800AC4ED040AB4F898
:109B2000EC00B4F8EA10B4F9D020B1EB500F05D234
:109B300001EB5001914208DA101A04E0A1EB500148
:109B4000914202DD1044A4F8D000B4F9D000B4F87A
:109B5000EA10401A00EE900AF8EEE00A20EE800AC1
:109B600084ED330A88E70000400000240000000074
:109B7000ACFF333D2DE9F041224C06464FF46177AE
:109B80000D462DED028BB4F90800B84228DAA07812
:109B9000012830D196F8D8009FED1B8A70B91B4878
:109BA000002100F03BFD1A4890ED020A86ED290ADB
:109BB00060EE080A86ED270AC6ED250A95F8D8005A
:109BC00070B91448002100F029FD134890ED020AF5
:109BD00085ED290A60EE080A85ED270AC5ED250AFC
:109BE000B4F90800B84206D101200021A17086F81E
:109BF000D80085F8D8002089401C2081BDEC028B5C
:109C0000BDE8F0813C01002403FA8E3CF00B0024F7
:109C10001C010024000C00242C010024FEE700009D
:109C20002DE9F04F847E0123F7490022012C7BD0DF
:109C300080F82C200A80C47E012C7ED04A8080F8D7
:109C40002D20047F012C6DD08A8080F82E20447F47
:109C5000012C68D0CA8080F82F2000BF90F82770B0
:109C6000012F74D00A8480F8392000BF90F8254075
:109C7000012CA2466CD00A8280F8372090F826404A
:109C8000012CA6466FD04A8480F8562090F82340D5
:109C9000012C69D04A8280F8352000BF90F8294015
:109CA000012CA1467DD0CA8380F83B2090F8244047
:109CB000012C77D0A1F8142090F82040012CA34665
:109CC00071D0CA8290F82140012C6DD0A1F81820E3
:109CD00090F82880B8F1010F67D04A8380F83A20C5
:109CE00090F82260012E73D08A8380F83420C57FDB
:109CF000012D6ED080F83120847F012C6AD080F84D
:109D0000302000BF90F814C0BCF1010F72D08A81DE
:109D10008275437D012B6ED0CA81012D6CD00EE17E
:109D200002E00AE015E020E00C88641CA4B20C807C
:109D3000052C80D180F82C307DE74C88641CA4B2BF
:109D40004C80052C7FF47DAF80F82D3079E716E04C
:109D50002FE08C88641CA4B28C80052C7FF477AF34
:109D600080F82E3073E736E047E0CC88641CA4B25C
:109D7000CC80052C7FF472AF80F82F306EE70C8C0E
:109D8000641CA4B20C84052C7FF470AF90F857408B
:109D900090F85A50641C80F839306D1C80F8574098
:109DA00004E034E042E053E05FE06BE080F85A50BA
:109DB0005CE70C8A641CA4B20C82032C7FF45EAFB7
:109DC00090F8554080F83730641C80F8554055E7CE
:109DD00067E075E07FE04C8C641CA4B24C84052CD9
:109DE0007FF454AF90F8384080F85630641C80F807
:109DF00038404BE785E092E09CE04C8A641CA4B2BA
:109E00004C82052C7FF44AAF80F8353046E7CC8B86
:109E1000641CA4B2CC83052C7FF448AF90F8594061
:109E200080F83B30641C80F859403FE78C8A641C02
:109E3000A4B28C82052C7FF43FAF90F8364090F8A6
:109E40005450641C80F836406D1C80F8545033E741
:109E5000CC8A641CA4B2CC82052C7FF433AF90F87A
:109E60003240641C80F832402CE70C8B641CA4B296
:109E70000C83052C7FF42CAF90F83340641C80F8E1
:109E8000334025E74C8B641CA4B24C83052C7FF433
:109E900027AF90F8584080F83A30641C80F858405A
:109EA0001EE78C8B641CA4B28C83052C7FF41FAF3F
:109EB00090F8524080F83430641C80F8524016E725
:109EC0000C89641CA4B20C81052C7FF415AF80F8BA
:109ED00031300A8110E7B1F80AC00CF1010C1FFA09
:109EE0008CFCA1F80AC0BCF1050F7FF40BAF80F821
:109EF000303090F85BC00CF1010C80F85BC04A81F7
:109F000000E7B1F80CC00CF1010C1FFA8CFCA1F8B1
:109F10000CC0BCF1050F7FF4FCAE8375F9E6CB896C
:109F20005B1C9BB2CB81052B7FF4F7AEC37D5B1C22
:109F3000C375F2E6012C02D1B8F1010F03D0012D57
:109F40008A840CD010E08B8C5B1C9BB28B84052B1D
:109F500007D190F83C305B1C80F83C3001E0012CCC
:109F600002D1B9F1010F03D0012DCA840CD00FE04A
:109F7000CB8C5B1C9BB2CB84052B07D190F83D307A
:109F80005B1C80F83D3001E0012C01D1012E03D093
:109F9000012C0A850BD00DE00B8D5B1C9BB20B8551
:109FA000052B04D190F83E305B1C80F83E30BAF1AE
:109FB000010F03D08A85012D0CD010E08B8D5B1C26
:109FC0009BB28B85052BF6D190F83F305B1C80F857
:109FD0003F30F0E7012C02D1BEF1010F03D0012C7C
:109FE000CA850BD00CE0CB8D5B1C9BB2CB85052BBF
:109FF00004D190F840305B1C80F84030012E05D031
:10A00000012C0A860DD00EE0080000240B8E5B1C8C
:10A010009BB20B86052B04D190F841305B1C80F875
:10A020004130012F03D0012C4A860CD00FE04B8E1B
:10A030005B1C9BB24B86052B07D190F842305B1C12
:10A0400080F8423001E0012F01D1012D03D0012C15
:10A050008A860BD00DE08B8E5B1C9BB28B86052B0A
:10A0600004D190F843305B1C80F84330BBF1010F02
:10A0700002D04A85BDE8F08F4A8D521C92B24A85C3
:10A08000052AF7D190F84410491C80F84410F1E7F4
:10A0900010B5817A00297CD090F820400123AE4988
:10A0A0000022012C76D080F832200A8090F82140DE
:10A0B000012C70D04A8080F8332000BF90F82240F5
:10A0C000012C69D08A8080F8342000BF90F82340AA
:10A0D000012C6FD0CA8080F8352000BF90F82D4049
:10A0E000012C68D00A8480F83F2000BF90F82B40F4
:10A0F000012C75D00A8280F83D2000BF90F82C40DA
:10A10000012C6ED080F83E20A1F8222090F8294042
:10A11000012C67D04A8280F83B2000BF90F82F4086
:10A12000012C74D0CA8380F8412000BF90F82A40E7
:10A13000012C6DD08A8280F83C2000BF90F8264028
:10A14000012C70D0CA8280F8382000BF90F82740D8
:10A15000012C69D00A8380F8392000BF90F82E4086
:10A16000012C79D04A8380F8402000BF90F8284025
:10A17000012C72D08A8380F83A2000BF90F82540E5
:10A18000012C6BD080F8372090F82440012C70D03F
:10A1900003E00EE010E019E025E080F83620847D31
:10A1A000012C67D08A814276037E012B7AD0C27659
:10A1B000CA8110BD21E02CE00C88641CA4B20C8084
:10A1C000052C7FF473AF80F832306FE74C88641C45
:10A1D000A4B24C80052C7FF471AF80F833306DE76A
:10A1E00023E02CE03BE08C88641CA4B28C80052C1E
:10A1F0007FF46CAF80F8343068E7CC88641CA4B27C
:10A20000CC80052C7FF46AAF80F8353066E732E009
:10A210003BE00C8C641CA4B20C84052C7FF466AF6C
:10A2200080F83F3062E73EE04AE00C8A641CA4B24A
:10A230000C82052C7FF462AF80F83D305EE74C8CD9
:10A24000641CA4B24C84052C7FF460AF90F83E40AF
:10A25000641C80F83E4059E73FE048E051E04C8AFA
:10A26000641CA4B24C82052C7FF458AF80F83B30BC
:10A2700054E751E05BE0CC8B641CA4B2CC83052C8A
:10A280007FF454AF80F8413050E78C8A641CA4B24C
:10A290008C82052C7FF452AF90F83C40641C80F80F
:10A2A0003C404BE74CE0CC8A641CA4B2CC82052C29
:10A2B0007FF44CAF90F83840641C80F8384045E794
:10A2C0000C8B641CA4B20C83052C7FF447AF90F870
:10A2D0003940641C80F8394040E74C8B641CA4B2C0
:10A2E0004C83052C7FF442AF80F840303EE78C8BE6
:10A2F000641CA4B28C83052C7FF440AF80F83A3004
:10A300003CE70C89641CA4B20C81052C7FF43CAFA3
:10A3100080F837300A8137E74C89641CA4B24C813D
:10A32000052C7FF43CAF80F836304A8137E78C89C2
:10A33000641CA4B28C81052C7FF436AF437633E7DE
:10A34000CA89521C92B2CA81052A7FF432AFC17EFB
:10A35000491CC1762DE70000880B002470470000DF
:10A360002DE9F047044688460027DFF82091D9F808
:10A370000000032131EA000013D0454D286820F089
:10A3800080602860FBF71EFB0646286810F0006F0F
:10A390000ED0FBF717FB801B022805D90320BDE870
:10A3A000F0870120BDE8F087286810F0006FF0D139
:10A3B000D9F80000216820F47C3040EA0130C9F867
:10A3C0000000A0884FF47E42A168401E491EC0F3E1
:10A3D000080002EA41210843A189D201491E02EA8C
:10A3E00001410843217C491E120202EA016108432F
:10A3F0002849086028480168626921F0C0011143BA
:10A4000001600168A26921F0200111430160016827
:10A4100021F01001016021490A68E3696FF3CF025E
:10A4200042EAC3020A60016841F010010160B8F11C
:10A43000000F12D0B8F1010F14D0016841F40011DF
:10A440000160286840F080602860FBF7BBFA044692
:10A45000286810F0006F0AD015E0016841F400216F
:10A460000160EEE7016841F480110160E9E7FBF764
:10A47000A9FA001B022802D90320BDE8F08728684A
:10A4800010F0006FF3D03846BDE8F087284402583A
:10A4900000440258384402582C4402583C440258A4
:10A4A0002DE9F047044688460027DFF82091D9F8C7
:10A4B0000000032131EA000013D0454D286820F048
:10A4C00080502860FBF77EFA0646286810F0005F8F
:10A4D0000ED0FBF777FA801B022805D90320BDE8D0
:10A4E000F0870120BDE8F087286810F0005FF0D108
:10A4F000D9F80000218820F07C7040EA0150C9F8AA
:10A500000000A0884FF47E42A168401E491EC0F39F
:10A51000080002EA41210843A189D201491E02EA4A
:10A5200001410843217C491E120202EA01610843ED
:10A530002849086028480168626921F44061114394
:10A5400001600168A26921F4007111430160016892
:10A5500021F48071016021490A68E3696FF3CF0239
:10A5600042EAC3020A60016841F480710160B8F1F7
:10A57000000F12D0B8F1010F14D0016841F08071C2
:10A580000160286840F080502860FBF71BFA044601
:10A59000286810F0005F0AD015E0016841F48001DE
:10A5A0000160EEE7016841F400010160E9E7FBF7B3
:10A5B00009FA001B022802D90320BDE8F0872868A9
:10A5C00010F0005FF3D03846BDE8F0872844025809
:10A5D00000440258404402582C4402584444025853
:10A5E000DFED0C0AF0B420EE200A0B4ABDEEC00AE3
:10A5F00010EE101A0B0A0C0C0D0E161F86ED000A39
:10A60000D17402F10C01137554759575F0BCF8F70F
:10A61000FDB8000000F89045F8000024084A0B0A35
:10A6200030B40C0C0D0E82F8201002F1180182F8E3
:10A63000213082F8224082F8235030BCF8F7E6B887
:10A64000F800002410B5018842888488491CC3881A
:10A6500089B2521C018092B242805B1C641C8480CF
:10A660009BB2C380642901D96421018040F6B831CE
:10A670008A4200D941804FF4FA618B4200D9C180EF
:10A6800010BD7047FBF7A4B970B59CB04C2168466B
:10A69000F5F780FF202113A8F5F77CFF0220FBF7D8
:10A6A00057FA2D4900242D480A6822F001020A6059
:10A6B0000A68026842F440420260026802F44042C2
:10A6C0001B9202689204FCD5254A136843F00203EA
:10A6D0001360126802F002021B92026842F44042C8
:10A6E000026002680A6842F001020A60096801F02B
:10A6F00001011B9101688904FCD502200990012108
:10A70000C20378231825CDE900120AAA0C2682E894
:10A710000B00CDE90D05CDE910640F906846129449
:10A72000FCF714FC08B172B6FEE740201A9008232B
:10A730000501CDE9163013ABCDE918053F21032201
:10A7400083E81600042113A8FCF768F9002801D05B
:10A7500072B6FEE71CB070BD2C04005818480258B1
:10A76000F44402581D48016841F4700101601C491D
:10A77000086840F0010008601A4A002010600A686A
:10A78000194B1A400A60194A1060121D1060121D00
:10A790001060174A1060121D1060121D1060121D0B
:10A7A0001060121D1060121D1060121D1060121D2D
:10A7B00010600A6822F480220A600E4908600E4880
:10A7C00000686FF30F00B0F1005F02D20B49012067
:10A7D00008604FF000600A490860704788ED00E0AB
:10A7E00000440258104402587FEDF6EA184402581B
:10A7F00028440258604402580010005C088100514F
:10A8000008ED00E02DE9FC41334C6068401C6060BD
:10A8100003F08EFB61687826304D4FF4FA67B94239
:10A8200015DC2F4A2F48F8F75BFC2F4A2F48616848
:10A83000F8F756FC606890FBF6F106FB11003C2827
:10A8400005D1B5F91220A98A287C03F045FC60687F
:10A85000A0F2D170B84217D224492248FFF78AF9F2
:10A8600023492048F8F7FCF821492048F8F7A2F8D6
:10A87000606890FBF6F106FB110028B9B5F90220DB
:10A88000A988287803F028FC6068B0F57A6F20DD8D
:10A890001749CDE90010114B164A14491148F5F734
:10A8A0000FFF12490F4802F059FC0C49606801F093
:10A8B000F7FF6068072190FBF1F201FB120000280E
:10A8C00007D10D490D48FEF78FFF0D490888401C40
:10A8D0000880BDE8FC810000481100249400002499
:10A8E000F00B002448010024000C0024680600241A
:10A8F0007B0E0024001100246C280024241C00245A
:10A900000E0D00240148FDF78BB80000581B0024F1
:10A910002DE9F00302682C4BDFF8B0C02C4D9842B3
:10A920002C4E2D4C0AD0B0F1804F07D0604505D099
:10A93000A84203D0B04201D0A04203D122F070025D
:10A940004F683A43254FDFF898809842DFF894909B
:10A9500010D0B0F1804F0DD060450BD0A84209D087
:10A96000B04207D0A04205D0B84203D0404501D044
:10A97000484505D122F44072D1F80CC04CEA0202DD
:10A98000D1F814C022F0800242EA0C0202608A6808
:10A99000C2620A688262984207D0A04205D0B842DB
:10A9A00003D0404501D0484501D109690163012127
:10A9B0004161016911F0010F03D0016921F001012A
:10A9C0000161BDE8F0037047000001400004004051
:10A9D00000080040000C004000040140004001401D
:10A9E00000440140004801402DE9F003026A036A77
:10A9F00023F0010303624368D0F818C02CF0700CF8
:10AA00002CF4803C2CF0030C0C6844EA0C0C22F073
:10AA100002028C682243194C194D1A4EA0421A4F5B
:10AA2000DFF8688007D0A84205D0B04203D0B84212
:10AA300001D0404507D122F00802D1F80C9049EA34
:10AA4000020222F00402A04207D0A84205D0B04280
:10AA500003D0B84201D0404507D123F4807323F4DA
:10AA600000734C6923438C6923434360C0F818C0CA
:10AA7000496841630262BDE8F0037047000001408D
:10AA800000040140004001400044014000480140F2
:10AA900070B4026A036A23F0100303624368D0F8BB
:10AAA00018C02CF4E04C2CF0807C2CF4407C0C681A
:10AAB0004CEA042C22F020028C6842EA0412194C61
:10AAC000194DA04201D0A84206D122F08002CE68E2
:10AAD00042EA061222F04002A04210D0A8420ED054
:10AAE000A0F18044B4F5A03409D0A0F18044B4F5BD
:10AAF000A23404D0A0F18044B4F5A43409D123F4E5
:10AB0000806323F400634C6943EA84038C6943EA5D
:10AB100084034360C0F818C049688163026270BC56
:10AB200070470000000001400004014070B4026A58
:10AB3000036A23F4807303624368D0F81CC02CF0CE
:10AB4000700C2CF4803C2CF0030C0C6844EA0C0CC8
:10AB500022F400728C6842EA0422194C194DA0427A
:10AB600001D0A84206D122F40062CE6842EA062251
:10AB700022F48062A04210D0A8420ED0A0F18044FE
:10AB8000B4F5A03409D0A0F18044B4F5A23404D0C7
:10AB9000A0F18044B4F5A43409D123F4805323F404
:10ABA00000534C6943EA04138C6943EA041343607D
:10ABB000C0F81CC04968C163026270BC70470000E5
:10ABC00000000140000401404DF8044D036A026A90
:10ABD00022F4805202624268D0F81CC02CF4E04C8F
:10ABE0002CF0807C2CF4407C0C684CEA042C23F480
:10ABF00000538C6843EA0433A0F18044B4F58034F8
:10AC000013D0A0F18044B4F582340ED0A0F180447A
:10AC1000B4F5A03409D0A0F18044B4F5A23404D036
:10AC2000A0F18044B4F5A43404D122F480424C69EC
:10AC300042EA84124260C0F81CC0496801640362A1
:10AC40005DF8044B70474DF8044D036A026A22F424
:10AC5000803202624268D0F854C02CF0700C2CF4A0
:10AC6000803C0C6844EA0C0C23F400330C8943EA62
:10AC70000443A0F18044B4F5803413D0A0F18044A3
:10AC8000B4F582340ED0A0F18044B4F5A03409D0DC
:10AC9000A0F18044B4F5A23404D0A0F18044B4F50E
:10ACA000A43404D122F480324C6942EA0422426086
:10ACB000C0F854C04968816503625DF8044B704771
:10ACC0004DF8044D036A026A22F48012026242685F
:10ACD000D0F854C02CF4E04C2CF0807C0C684CEA8A
:10ACE000042C23F400130C8943EA0453A0F180449C
:10ACF000B4F5803413D0A0F18044B4F582340ED082
:10AD0000A0F18044B4F5A03409D0A0F18044B4F59A
:10AD1000A23404D0A0F18044B4F5A43404D122F4C8
:10AD200080224C6942EA84224260C0F854C04968DB
:10AD3000C16503625DF8044B70470068FCF760BDB5
:10AD400030B4046AD0F820C02CF0010CC0F820C048
:10AD5000D0F818C0A0F18045B5F5803532D0B0F1FB
:10AD6000804F2FD0A0F18045B5F580652AD0A0F1A5
:10AD70008045B5F5006525D0A0F18045B5F5406565
:10AD800020D0A0F18045B5F582351BD0A0F18045DB
:10AD9000B5F5C05516D0A0F18045B5F5A03511D058
:10ADA0004CF0010222F0F0024FF0F00C0CEA031319
:10ADB0001A4324F00A0301F00A0119438261016277
:10ADC00030BC70472CF0030C4CEA0202EAE74DF865
:10ADD000044DD0F820C0046A24F010040462846991
:10ADE00024F4407444EA022222F470424FF4704486
:10ADF00004EA03331A432CF0A0034FF0A00C0CEA32
:10AE000001111943826101625DF8044B70474DF8EE
:10AE1000044DD0F820C0046A24F480740462C4692C
:10AE200024F00304224322F0F002F02404EA031386
:10AE30001A432CF420634FF4206C0CEA01211943CF
:10AE4000C26101625DF8044B70474DF8044DD0F8C3
:10AE500020C0046A24F480540462C46924F4407459
:10AE600044EA022222F470424FF4704404EA0333AD
:10AE70001A432CF420434FF4204C0CEA01311943BF
:10AE8000C26101625DF8044B70470000034B026829
:10AE90009A4202D1024AD1601060704700200040FF
:10AEA000481100240449054810B500F03AFABDE8FD
:10AEB00010400348FDF74CB82C0D0024C80B0024AB
:10AEC000241C00240449054810B500F02AFABDE806
:10AED00010400348FDF73CB83C0D0024D00B002483
:10AEE000B81C00240449054810B500F01AFABDE862
:10AEF00010400348FDF72CB8340D0024E00B00246B
:10AF00004C1D00240449054810B500F00AFABDE8BC
:10AF100010400348FDF71CB84C0D0024E80B00243A
:10AF2000E01D00244DF8044D416E00291DD002683B
:10AF30009168C1F342619268520F104B13F802C03E
:10AF40004FEA0C1403F1080C1CF80220B4FBF2F2D7
:10AF5000A0F86A205A5C1CF801101201B2FBF1F152
:10AF6000A0F868105DF8044B70470121A0F86A1042
:10AF7000A0F868105DF8044B70470000ACE50008CD
:10AF800090F8281011F0080F06D001684A68836B0A
:10AF900022F400421A434A6090F8281011F0010F81
:10AFA00006D001684A68C36A22F400321A434A6034
:10AFB00090F8281011F0020F06D001684A68036B60
:10AFC00022F480321A434A6090F8281011F0040FDE
:10AFD00006D001684A68436B22F480221A434A6013
:10AFE00090F8281011F0100F06D001688A68C36B22
:10AFF00022F480521A438A6090F8281011F0200F32
:10B0000006D001688A68036C22F400521A438A60F1
:10B0100090F8281011F0400F11D001684A68436C75
:10B0200022F480121A434A60416CB1F5801F06D1A8
:10B0300001684A68836C22F4C0021A434A6090F89F
:10B04000281011F0800F06D001684A68C06C22F405
:10B0500000221043486070472DE9F843044600255C
:10B06000C4F89050FAF7AEFC8046206800686FF094
:10B070007E474FF0200610F0080F17D000224346FD
:10B0800031042046009700F031FC78B1206850E888
:10B09000001F21F0800140E80012002AF6D1C4F818
:10B0A000886084F884500320BDE8F8832068006835
:10B0B00010F0040F22D0002243464FF480012046B6
:10B0C000009700F013FCC8B1206850E8001F21F47D
:10B0D000907140E80012002AF6D12068083050E84C
:10B0E000001F21F0010140E80012002AF5D1C4F848
:10B0F0008C6084F884500320BDE8F883C4F888602D
:10B10000C4F88C60E566256784F884500020BDE8AB
:10B11000F88310B5806B0021A0F85E10A0F85610DF
:10B12000FCF715FF10BD70B5846BD4F88800D4F817
:10B130008C50216889684FF0000611F0800F06D00E
:10B14000212804D1A4F85660204600F0D3F82068E6
:10B15000806810F0400F06D0222D04D1A4F85E6064
:10B16000204600F08DF8D4F8900040F01000C4F8AC
:10B1700090002046FCF7EBFE70BD014610B5886BD1
:10B180000023C969B1F5807F31D0A0F85E30016835
:10B1900051E8002F22F4807241E8002CBCF1000F2E
:10B1A000F5D10168083151E8002F22F0010241E891
:10B1B000002CBCF1000FF4D10168083151E8002FD8
:10B1C00022F0400241E8002CBCF1000FF4D1202114
:10B1D000C0F88C10C16E012909D1016851E8002F17
:10B1E00022F0100241E8002CBCF1000FF5D10367FA
:10B1F000C16E012902D0FDF7A2FC10BDB0F85C10B1
:10B20000FCF704FE10BD10B5806B01210167C16E13
:10B21000012902D0FDF794FC10BDB0F85C1049087C
:10B22000FCF7F4FD10BD014610B5886BC969B1F596
:10B23000807F16D00021A0F856100168083151E82F
:10B24000002F22F0800241E80023002BF5D1016895
:10B2500051E8002F42F0400241E80023002BF6D1D4
:10B2600010BDFDF7BDFC10BD10B5806BFDF7B9FC3E
:10B2700010BD00680068016841F01001016070476E
:10B28000016851E8002F22F4907241E80023002B5E
:10B29000F6D10168083151E8002F22F0010222F0B6
:10B2A000805241E80023002BF3D1C16E012908D15F
:10B2B000016851E8002F22F0100241E80023002B22
:10B2C000F6D12021C0F88C100021C166416770477B
:10B2D00010B5016851E8002F22F0400241E8002338
:10B2E000002BF6D12021C0F8881000218167FDF7DE
:10B2F00077FC10BD016851E8002F22F0C00241E840
:10B300000023002BF6D10168083151E8002F22F408
:10B31000000241E80023002BF5D12021C0F888105D
:10B32000704770B5044600680D460168C969C94395
:10B33000C9061DD4FCF7BAFD226810210820126846
:10B340001162216809680862D4E90012A888D1F85E
:10B35000801009684968A0EB010081B20AB1286831
:10B360009047AA8820682968BDE87040FDF7C2BBF5
:10B3700070BD8A8800680968FDF7BCBB2DE9F04301
:10B3800087B004460025F64B20682269A168D4F8EE
:10B390001CC01143626942EA0C0211430268DFF8E3
:10B3A000C4C302EA0C021143016020684168E268EC
:10B3B00021F4405111434160A0692168994201D0B4
:10B3C000226A10438A6822F4306222F06E421043EF
:10B3D00088602068C16A626A21F00F011143C1626E
:10B3E0002268E148A2F18041B1F588312FD0A2F165
:10B3F0008041B1F5884148D0A2F18041B1F590413A
:10B400005BD0A2F18041B1F5984170D0A2F18041AA
:10B41000B1F5A0416AD0A2F18041B1F58A3172D074
:10B42000A2F18041B1F5F0416ED0A2F18041B1F5B9
:10B43000F8416AD09A4269D1001D006800F0070007
:10B4400006286ED2DFE800F0D6D8DADCDEE000684D
:10B4500000F03800182812D005DC50B108280AD0B6
:10B46000102804D109E020280BD028280BD08021F7
:10B47000CFE00121CDE00421CBE00821C9E010217B
:10B48000C7E02021C5E04021C3E0006800F00700CC
:10B49000062810D2DFE800F0030507090B0D002194
:10B4A000B7E00421B5E00821B3E01021B1E020218C
:10B4B000AFE04021ADE08021ABE0006800F0070084
:10B4C000062810D2DFE800F0030507090B0D002164
:10B4D0009FE004219DE008219BE0102199E02021BC
:10B4E00097E0402195E0802193E000E01CE00068B7
:10B4F00000F00700062815D2DFE800F003090B0D65
:10B500000F11002185E027E044E05BE080E00421AA
:10B510007FE008217DE010217BE0202179E04021BF
:10B5200077E073E0802174E0006800F007000628EF
:10B5300010D2DFE800F0030507090B0D002168E0D9
:10B54000042166E0082164E0102162E0202160E02F
:10B5500040215EE080215CE0006800F0380018289F
:10B5600012D005DC50B108280AD0102804D109E017
:10B5700020280BD028280BD080214AE0012148E068
:10B58000042146E0082144E0102142E0202140E06F
:10B5900040213EE0006800F00700062810D2DFE8F6
:10B5A00000F0030507090B0D002132E0042130E013
:10B5B00008212EE010212CE020212AE0402128E063
:10B5C000802126E0006800F00700062810D2DFE89E
:10B5D00000F0030507090B0D00211AE0042118E013
:10B5E000082116E0102114E0202112E0402110E093
:10B5F00080210EE002210CE004210AE0082108E08D
:10B60000102106E0202104E0402102E0802100E03A
:10B6100080215648564E0027DFF858919A424FEA4B
:10B62000201C57D110292AD006DC02291AD004295F
:10B630001BD0082904D11DE020292BD040292BD074
:10B6400000200125F0B3616A36F81120B0FBF2F159
:10B65000666806EB46038B4202D8B1EB063F1ED963
:10B660000125E1E0FAF7A4FAECE704A8FAF7B2FA48
:10B670000598E7E701A8FAF795FB0298E2E7D9F801
:10B68000001011F0200FDDD0D9F80010C1F3C10176
:10B69000C840D7E76046D5E74FF40040D2E7002323
:10B6A0001946F4F789FE0902020241EA10617008A6
:10B6B0001018324679410023F4F77EFE2E4AA0F599
:10B6C000407100E04BE0914202D82168C860ABE0D5
:10B6D0000125A9E0E2694FF6EF78B2F5004F08D0F6
:10B6E00008297DD061DC71B301297ED0042962D1A3
:10B6F0007EE0082942D005DC31B3012927D0042996
:10B7000006D127E010293ED0202947D0402947D034
:10B710000020012518B3616A36F81110B0FBF1F072
:10B720004100606801EB5001B1FBF0F0A0F11001A5
:10B73000414538D84FF6F0710140C0F3420008434C
:10B740002168C86070E04DE0FBF7EAFAE2E7FBF73A
:10B75000FBFADFE704A8FAF73DFA0598DAE75CE0C0
:10B76000000C0058F369FFCF544402580090D003F6
:10B7700094E5000800440258FFFC0F0001A8FAF706
:10B7800011FB0298C6E7D9F8001011F0200FC1D0C4
:10B79000D9F80010C1F3C101C840BBE76046B9E762
:10B7A0004FF40040B6E701253EE010292AD02029B9
:10B7B00034D0402934D00020012570B3616A36F8B6
:10B7C0001110B0FBF1F1606801EB5001B1FBF0F03A
:10B7D000A0F11001414526D8216880B2C86023E05D
:10B7E0000BE002E0FBF79CFAE7E7FBF7ADFAE4E7D2
:10B7F00004A8FAF7EFF90598DFE701A8FAF7D2FAFB
:10B800000298DAE7D9F8001011F0200FD5D0D9F856
:10B810000010C1F3C101C840CFE705E06046CCE7A6
:10B820004FF40040C9E701250120A4F86A00A4F8FC
:10B8300068006767A76707B02846BDE8F083000087
:10B8400010B504461346A165A4F85C300021C4F885
:10B8500090102220C4F88C00D4F8800000281DD05D
:10B860001F4AC263D4F880201E481064D4F8802098
:10B870001D48D064D4F8800001652068A26D00F1F5
:10B880002401D4F88000F9F7A7F838B11020C4F8E3
:10B8900090002020C4F88C00012010BD206940B128
:10B8A000206850E8001F41F4807140E80012002A2F
:10B8B000F6D12068083050E8001F41F0010140E84F
:10B8C0000012002AF5D12068083050E8001F41F02E
:10B8D000400140E80012002AF5D1002010BD000010
:10B8E0007BB1000807B2000827B100082DE9F04736
:10B8F00004460D4617469846089E2068C06935EAFA
:10B90000000028D00020B84245D14FF00009B6F120
:10B91000FF3F38D0FAF756F8A0EB0800B0421CD829
:10B92000DEB12068016811F0040F2CD0802D2AD0E0
:10B93000402D28D0C16911F0080F11D020680825CA
:10B9400005622046FFF79CFCC4F8905084F8849070
:10B950000120BDE8F0870120D5E70320BDE8F0878E
:10B96000C06910F4006F0ED021684FF400600862C7
:10B970002046FFF785FC2020C4F8900084F88490CE
:10B980000320BDE8F0872068C06935EA000005D0D3
:10B990000020B842BBD00020BDE8F0870120F8E7C6
:10B9A0001F4B02689A4202D11E4AC2E900011E4B97
:10B9B00002689A4203D11B4A0832C2E900011B4BBC
:10B9C00002689A4203D1174A1032C2E90001184BAB
:10B9D00002689A4203D1134A1832C2E90001154B9A
:10B9E00002689A4203D10F4A2032C2E90001124B89
:10B9F00002689A4203D10B4A2832C2E900010F4B78
:10BA000002689A4203D1074A3032C2E900010C4B66
:10BA100002689A4203D1034A3832C2E900017047F2
:10BA200000100140B00B00240044004000480040DA
:10BA3000004C0040005000400014014000780040DD
:10BA4000007C00400449054810B5FFF76AFCBDE8DA
:10BA500010400348FCF77CBA00000024B00B00241F
:10BA6000741E00240449054810B5FFF75AFCBDE8D0
:10BA700010400348FCF76CBAC8000024B80B00243F
:10BA8000081F00240148FCF763BA00009C1F002433
:10BA90000449054810B5FFF744FCBDE810400348D1
:10BAA000FCF756BA440D0024D80B002430200024A3
:10BAB000FEE700004FF48062028042800021828015
:10BAC000C280028101824182818280F8381080F830
:10BAD000391080F83E1080F83B1080F83C1080F858
:10BAE000401080F8411080F83D109FED090A80F861
:10BAF0003A1080F83F1080ED150A80ED140A80F8A6
:10BB0000211080F8231080F8201080F82210704750
:10BB10000000000003B401984100009850EAC120E1
:10BB200018BF04204A0D18BF40F0010040F2FF7218
:10BB3000B2EB515F08BF40F00200012808BF0520AA
:10BB400002B070470000000070B56B482DED020B8D
:10BB50002DED0A8B82B00D9D25F000449FED68BB52
:10BB60009FED699B84422EDBA4F140510C98A1F11A
:10BB70007F6108430FD06648844202DC18D10C98DC
:10BB8000B0B19DED0C0B02B0BDEC0A8B02B0BDE86C
:10BB9000704000F0F5BA9DED0C0B9DED0C1B20EEF6
:10BBA0000B0B01EE090B02B0BDEC0A8B02B070BDAD
:10BBB0000120F4F71EFD02B0BDEC0A8B02B0BDE817
:10BBC000704000F0E5BA53489FED538B844230DA61
:10BBD0009DED0C0BB4F1795F0ADA51EC100BFFF715
:10BBE00099FF042808BF00F0DFFA9DED0C0BDAE79F
:10BBF00020EE009B4A480621B0EE490B784400F045
:10BC000087FA20EE09AB4748B0EE490B042178448F
:10BC100000F07EFA09EE008B8AEE080B8DED000B2A
:10BC20009DED0C0B9DED0C1B9DED002B01EE020B11
:10BC3000B9E79DED0C0B51EC100B00F011FE41EC3F
:10BC4000100B9FED391B3A4838EE400B06218DED65
:10BC5000000B20EE01ABB0EE4A0B784400F058FA2E
:10BC600020EE0ACB3348B0EE4A0B0421784400F0B2
:10BC70004FFA0AEE008B51EC1A0B02F04FFA41EC2E
:10BC8000110B2D489FED2E2BA0420EDC8CEE080BE5
:10BC90008DED000B9DED003BB0EE410B01EE030B73
:10BCA00010EE029B3BEE490B21E08DED001B0020C6
:10BCB00000909DED000B9DED003B00EE43AB31EE9F
:10BCC000000B21EE021B8AEE003B8CEE080B03EE0C
:10BCD000429B9DED003B11EE009B9FED1B1BB0EEC8
:10BCE000410B03EE420B39EE400B31EE400B002DC1
:10BCF000D8BFB1EE400B56E70000F03F0000000057
:10BD0000182D4454FB21F93F075C143326A6913CBF
:10BD10000000F07F0000E03F000000000000F03F66
:10BD2000D0290000EE290000000000000000E03FE4
:10BD300072290000902900003333EF3F000000001B
:10BD40000000000000000040182D4454FB21E93F92
:10BD500070B565482DED020B2DED048B059D25F08A
:10BD60000044A04218DC6148844202DC0AD10498F5
:10BD700040B19DED040BBDEC048B02B0BDE87040FA
:10BD800000F0FEB9002DCCBF9FED590B9FED5A0B73
:10BD9000BDEC048B02B070BD5948A04215DD594876
:10BDA000A042D8BF4FF0FF3455DD9DED040B51ECA0
:10BDB000100BFFF7AFFE042808BF00F0F5F99DED6A
:10BDC000040BBDEC048B02B070BD9DED040B51EC77
:10BDD000100B00F045FDCDE904014B489FED4C0BE5
:10BDE000A0421CDD4C48A0420BDD9DED042B00243D
:10BDF0009FED4B1B12EE010B32EE011B80EE012B6F
:10BE000027E09DED041B9DED042B012431EE401B2A
:10BE100032EE000B81EE002B8DED042B1BE042482F
:10BE2000A0420FDD9DED042B02249FED411B9DEDF3
:10BE3000043B32EE412B03EE010B82EE001B8DED35
:10BE4000041B08E09DED040B9FED3B1B032481EEDA
:10BE5000002B8DED042B9DED040B3948062120EEBF
:10BE6000009B29EE098BB0EE480B784400F050F9A6
:10BE700020EE099B3348B0EE480B0521784400F0D2
:10BE800047F920EE080B002C0BDA9DED042B39EE60
:10BE9000001B9DED040BBDEC048B02B002EE410BC8
:10BEA00070BD2948784439EE000B00EBC4009DEDCD
:10BEB000042B90ED001B254812EE001B9DED040B9A
:10BEC00031EE400B784400EBC400002D90ED001BD8
:10BED00031EE400BB8BFB1EE400BBDEC048B02B0AD
:10BEE00070BD000000000000000010440000F07F62
:10BEF000182D4454FB21F93F182D4454FB21F9BF60
:10BF00000000DC3F0000203E0000F33F0000000086
:10BF1000000000000000F03F0000E63F00000000CD
:10BF2000000000000000004000800340000000000E
:10BF3000000000000000F83F000000000000F0BF1B
:10BF40001A280000E027000098270000582700006A
:10BF500070B55F4E2DED040B2DED028B82B0DDF838
:10BF60001CC0DDE905235C422CF000411C4341EA82
:10BF7000D474049D22F00040B44205D86C422C4396
:10BF800040EAD474B4420BD99DED061B9DED040B21
:10BF900002B0BDEC028B04B0BDE8704000F0F3B815
:10BFA000ACF14054A4F17F641C430BD0022404EA9A
:10BFB000AC7444EAD27405439FED478B9FED482B48
:10BFC0000DD016E09DED040B51EC100B00F046FA7D
:10BFD00041EC100B02B0BDEC028B04B070BD002C24
:10BFE00014BF012C9DED040BF4D0022C2ED0032C99
:10BFF0002FD00B439FED3C1B9FED3D0B0AD0B14270
:10C000001DD1B04209D121F0804120F0804007913C
:10C01000059014E0002ADDDA15E0374B7B44002C54
:10C0200008BF93ED000BD5D0012C04BF93ED000B9E
:10C03000B1EE400BCED0022C08D0032C09D0B04278
:10C040000AD1002AC6DAB0EE410BC3E7B0EE480BC6
:10C05000C0E7B0EE420BBDE7401A00153C28C8BF50
:10C060008DED000B17DCBCF1000FBEBF10F13C0FD3
:10C070009FED230B8DED000B0DDB9DED041B9DED66
:10C08000062B81EE020B51EC100B00F0E9FB00F0E7
:10C09000E5F9CDE90001002C08BF9DED000B99D01A
:10C0A000012C0CD09DED001B9FED170B022C31EEE7
:10C0B000400B0CBF38EE400B30EE480B8AE701987E
:10C0C00080F0004001909DED000B83E70000000030
:10C0D0000000F07F00000000182D4454FB210940AF
:10C0E000182D4454FB2109C0182D4454FB21F9BFDD
:10C0F000182D4454FB21F93F982600000000000051
:10C100000000000000000000075C143326A6A13CDC
:10C11000491E00EBC102B0EE401B92ED000B31F066
:10C1200006020DD0491E00EBC102B0EE403B92ED7D
:10C13000002B31F00602B0EE420B03EE010BF1D101
:10C14000022914D004290AD0062918BF704790ED9F
:10C150000A2B00EE012B90ED080B02EE010B90ED87
:10C16000062B00EE012B90ED040B02EE010B90ED7F
:10C17000022B00EE012B90ED000B02EE010B70473D
:10C1800030EE000B704730EE010B704700000000EE
:10C190009FED031B81EE010B7047000000000000C3
:10C1A00000000000000000009FED030B20EE000BDC
:10C1B00070470000000000000000000000000010B8
:10C1C00070B52DED068B0278552A7CD14278552A20
:10C1D00079D1C27B01F580649FED7B0A032A1FD1D0
:10C1E000817E427EDFED790A090209B2114301EE38
:10C1F000101AB8EEC11A21EE001A21EE201A84EDB1
:10C20000EA1A017FC27E090209B2114301EE101A37
:10C21000B8EEC11A21EE001A61EE200AC4EDEB0A55
:10C220008178022927D1B0F9041000EE901AF8EEB7
:10C23000E00A60EE800AC4EDE00AB0F9061000EEF4
:10C24000901AF8EEE00A60EE800AC4EDE10AB0F957
:10C25000081000EE901AF8EEE00A60EE800AC4EDD5
:10C26000E20AB0F90A0000EE900AF8EEE00A20EEC9
:10C27000800A84EDE30A564DF8EE008AB0EE008A9B
:10C2800095EDD90AB7EE009A85EDDA0AD4EDE20A07
:10C2900094EDE12AD4EDE01A20EEA81A62EE082A05
:10C2A00061EE881A94EDE30A21EE201A62EEA00AEC
:10C2B00020EE082A41EE800A02EE401AB7EEE00AAC
:10C2C00031EE091A00E07CE0B7EEC11AFFF740FE3C
:10C2D0009FED40AB20EE0A0BB7EEC00B84EDD90A00
:10C2E000D4EDE11A94EDE30A94EDE01A61EEA81A98
:10C2F000D4EDE20A21EE081A21EE800A01EE200AAE
:10C30000B7EEC00AFFF720FC20EE0A0BB7EEC00B19
:10C3100084EDDC0AD4EDE20A94EDE10A94EDE32A1F
:10C3200020EE881A60EE281AD4EDE02A21EE022AC7
:10C3300061EE801A62EE882A41EE601A02EE802ACF
:10C3400031EE891AB7EEC20AB7EEC11AFFF700FE46
:10C350009FED221B234820EE010BB7EEC00B84EDAE
:10C36000DD0A90F83F00C0072BD095EDD90A1E4991
:10C3700010EE102A1D488A4208D9D5EDDA0A10EECF
:10C38000902A824202DDDFED1A1A0BE010EE102A2D
:10C3900082420CDDD5EDDA0A10EE900A884206D909
:10C3A000DFED141A95EDDB1A30EE210A03E0D5ED2E
:10C3B000DA0A95EDDB1A30EE600A30EE010A85EDFF
:10C3C000DB0ABDEC068B70BD000000380000FAC42B
:10C3D000C015002400000000E6A54CC000000000CD
:10C3E000E6A54C40540D00240000C8C20000C8421D
:10C3F0000000B4430000B4C3D0ED240A9FED160A38
:10C4000000F5806160EE800AC0ED270AD0ED4D0A8C
:10C4100060EE800AC0ED500AD0ED760A60EE800A28
:10C42000C0ED790AD0ED9F0A60EE800AC0EDA20A45
:10C43000D0EDC80A60EE800AC0EDCB0AD0EDF10A5B
:10C4400060EE800AC0EDF40AD1ED1A0A20EE800AEF
:10C4500081ED1D0A70470000302F654210B541EC98
:10C46000100BFFF775FC51EC100B10BD3C4BF0B5F9
:10C4700093F8315000263B4C012D03D094F83750EF
:10C48000012D0DD193F83650012D03D094F83C5076
:10C49000012D05D193F8305015B994F8365055B1A7
:10C4A000A2F82A6093F83150012D14D094F8375037
:10C4B000012D10D01DE0558D6D1CADB25585142D8C
:10C4C000F0D192F829506D1C82F8295005F001072F
:10C4D00080F81C75E6E793F83550012D03D094F8E9
:10C4E0003B50012D05D193F8303013B994F8363014
:10C4F0006BB1D68540F2BD6290F81C35DB0716D0D3
:10C5000040F21133A0F81235A0F8182517E0D38DAA
:10C510005B1C9BB2D385142BECD192F82C305B1CA6
:10C5200082F82C3003F0010481F81C45E2E740F268
:10C530007E44A0F812454FF4AA63A0F8183591F88C
:10C540001C05C00702D040F2726003E040F2915235
:10C5500040F29E70A1F81225A1F81805F0BD000068
:10C56000540D0024A81000242DE9F041174C074673
:10C5700078250E46606890FBF5F105FB110010B9B7
:10C580003846F7F71DF9606890FBF5F105FB1100DF
:10C590001E2802D1B81DF7F713F9606890FBF5F17A
:10C5A00005FB11003C2802D13046F7F709F9606815
:10C5B00090FBF5F105FB11005A2804D1B01DBDE830
:10C5C000F041F7F7FDB8BDE8F08100004811002404
:10C5D000F0B5B0F80520A2F54073023B7DD16D4B5C
:10C5E00000246B4ADC80B0F807305380B0F8093083
:10C5F0001380B0F80B309380B0F80D30D380B0F8D2
:10C600000F309381B0F811305381B0F8133013819B
:10C61000B0F815301382B0F81730D381B0F8193064
:10C620009382B0F81B305382B0F81D305383B0F8BA
:10C630001F301383B0F82130D382002390F82350A9
:10C6400025FA03F6CF185B1C042B06F0010687F8C9
:10C650005960F5DB90F820009FED4F0A00F00100D3
:10C6600081F85D00B2F9000000EE900AB8EEE01A21
:10C67000C1EE000A10EE900AC1F82700B2F90200DC
:10C6800000EE900AB8EEE01AC1EE000A10EE900A31
:10C69000C1F82B00B2F9040000EE900AB8EEE01ADF
:10C6A000C1EE000A10EE900AC1F82F00B2F90600A0
:10C6B00000EE900AB8EEE01AC1EE000A10EE900A01
:10C6C000C1F83300B2F9080000EE900AB8EEE01AA3
:10C6D000C1EE000A10EE900A00E057E0C1F8370002
:10C6E000B2F90A0000EE900AB8EEE01AC1EE000AB4
:10C6F00010EE900AC1F83B00107B81F83F00B2F9C0
:10C700000E0000EE900AB8EEE01AC1EE000A10EE3C
:10C71000900A0864B2F9100000EE900AB8EEE01A30
:10C72000C1EE000A10EE900A4864B2F9120000EE61
:10C73000900AB8EEE01AC1EE000A10EE900A886482
:10C74000B2F9140000EE900AB8EEE01AC1EE000A49
:10C7500010EE900AC864B2F9160000EE900AB8EE26
:10C76000E01AC1EE000A10EE900A0865B2F918004E
:10C7700000EE900AB8EEE01AC1EE000A10EE900A40
:10C780004865907E81F8580004480480F0BD0000A0
:10C79000D0000024580E002400004842100C002451
:10C7A0002DE9F041F0EE413AF0EE602AB0EE613A48
:10C7B000B2EE091AFAEE090A0E460746102000F0FA
:10C7C0005BF8B3EE0E1AFBEE0E0AB0EE620A0546F7
:10C7D0000C2000F051F8DFED202A9FED1E1AB0EE7C
:10C7E000630AF0EE620A04460C2000F045F8B1EE50
:10C7F000041AF0EE620AB0EE430A03460C2000F081
:10C800003BF8B2EE041AFAEE040AB0EE420A02460F
:10C810000C2000F031F8317816014FEA121E0F4A51
:10C820004FEA041C24094CEA132C1160290A1171E7
:10C8300046EA102655711146947182F807C01372AA
:10C8400082F809E09672D0723846BDE8F041F5F7FB
:10C85000DDBF00000000FA43000000006C1000245F
:10C8600082B0CDE9000121F0004001909DED000B68
:10C8700002B051EC100B7047012170EE601A81403C
:10C88000491E31EE600A00EE901AF8EEE00A61EE01
:10C89000A00A80EE801ABDEEC10A10EE100A7047A1
:10C8A00070B57826054690FBF6F00C4606FB105056
:10C8B00028B9B4F90220A188207801F00DFC95FB7D
:10C8C000F6F006FB10503C2807D1B4F91220A18ADB
:10C8D000207CBDE8704001F0FFBB70BD10B506497B
:10C8E0000446FFF775FE0549204601F0F7FC0449B0
:10C8F0000020488110BD00007B0E0024A8100024F9
:10C90000580E002410B504462C489FED2D0B94EDD5
:10C910002A1A40F264410088884203D394F80C1527
:10C92000C90707D0B0F5677F11D894F80C05C00788
:10C9300005D00CE0B7EEC11A31EE400B03E0B7EEC4
:10C94000C11A31EE000BB7EEC00B84ED2A0AD4ED0C
:10C950002A0A94ED291A94ED270A9FED1B2B30EE3D
:10C96000811AB7EEC00A04F19000B7EEC11A30EE9A
:10C97000023BB4EEC31BF1EE10FA06DD01F06CFCD5
:10C98000D4ED270A30EE200A0FE030EE420BB4EE71
:10C99000C01BF1EE10FA02D394ED270A07E001F074
:10C9A0005BFCD4ED270A30EEC00A84ED270ADFEDE8
:10C9B000080A20EE200A84ED240A10BDA8100024E5
:10C9C000B81E85EB51B89EBF7B14AE47E17A843F19
:10C9D00003FA8E3C10B504462C489FED2D0B94EDC8
:10C9E0002A1A40F264414088884203D394F80C1517
:10C9F000C90707D0B0F5677F11D894F80C05C007B8
:10CA000005D00CE0B7EEC11A31EE400B03E0B7EEF3
:10CA1000C11A31EE000BB7EEC00B84ED2A0AD4ED3B
:10CA20002A0A94ED291A94ED270A9FED1B2B30EE6C
:10CA3000811AB7EEC00A04F19000B7EEC11A30EEC9
:10CA4000023BB4EEC31BF1EE10FA06DD01F004FC6C
:10CA5000D4ED270A30EE200A0FE030EE420BB4EEA0
:10CA6000C01BF1EE10FA02D394ED270A07E001F0A3
:10CA7000F3FBD4ED270A30EEC00A84ED270ADFED80
:10CA8000080A20EE200A84ED240A10BDA810002414
:10CA9000B81E85EB51B89EBF7B14AE47E17A843F48
:10CAA00003FA8E3C10B5D0ED530A90ED521A90ED7A
:10CAB000500A9FED192B30EE811AB7EEC00A0446DA
:10CAC00000F59A70B7EEC11A30EE023BB4EEC31B0C
:10CAD000F1EE10FA06DD01F0BFFBD4ED500A30EEA6
:10CAE000200A0FE030EE420BB4EEC01BF1EE10FA5C
:10CAF00002D394ED500A07E001F0AEFBD4ED500AEA
:10CB000030EEC00A84ED500ADFED050A20EE200A5F
:10CB100084ED4D0A10BD00007B14AE47E17A843FDE
:10CB200003FA8E3C10B5D0ED530A90ED521A90EDF9
:10CB3000500A9FED192B30EE811AB7EEC00A044659
:10CB400000F59A70B7EEC11A30EE023BB4EEC31B8B
:10CB5000F1EE10FA06DD01F07FFBD4ED500A30EE65
:10CB6000200A0FE030EE420BB4EEC01BF1EE10FADB
:10CB700002D394ED500A07E001F06EFBD4ED500AA9
:10CB800030EEC00A84ED500ADFED050A20EE200ADF
:10CB900084ED4D0A10BD00007B14AE47E17A843F5E
:10CBA00003FA8E3C10B5D0ED7C0A90ED7B1A90ED27
:10CBB000790A9FED192B30EE811AB7EEC00A0446B0
:10CBC00000F5EC70B7EEC11A30EE023BB4EEC31BB9
:10CBD000F1EE10FA06DD01F03FFBD4ED790A30EEFC
:10CBE000200A0FE030EE420BB4EEC01BF1EE10FA5B
:10CBF00002D394ED790A07E001F02EFBD4ED790A17
:10CC000030EEC00A84ED790ADFED050A20EE200A35
:10CC100084ED760A10BD00007B14AE47E17A843FB4
:10CC200003FA8E3C10B5D0ED7C0A90ED7B1A90EDA6
:10CC3000790A9FED192B30EE811AB7EEC00A04462F
:10CC400000F5EC70B7EEC11A30EE023BB4EEC31B38
:10CC5000F1EE10FA06DD01F0FFFAD4ED790A30EEBC
:10CC6000200A0FE030EE420BB4EEC01BF1EE10FADA
:10CC700002D394ED790A07E001F0EEFAD4ED790AD7
:10CC800030EEC00A84ED790ADFED050A20EE200AB5
:10CC900084ED760A10BD00007B14AE47E17A843F34
:10CCA00003FA8E3C10B5D0EDA50A90EDA41A90EDD4
:10CCB000A20A9FED192B30EE811AB7EEC00A044686
:10CCC00000F51F70B7EEC11A30EE023BB4EEC31B85
:10CCD000F1EE10FA06DD01F0BFFAD4EDA20A30EE53
:10CCE000200A0FE030EE420BB4EEC01BF1EE10FA5A
:10CCF00002D394EDA20A07E001F0AEFAD4EDA20A45
:10CD000030EEC00A84EDA20ADFED050A20EE200A0B
:10CD100084ED9F0A10BD00007B14AE47E17A843F8A
:10CD200003FA8E3C10B5D0EDA50A90EDA41A90ED53
:10CD3000A20A9FED192B30EE811AB7EEC00A044605
:10CD400000F51F70B7EEC11A30EE023BB4EEC31B04
:10CD5000F1EE10FA06DD01F07FFAD4EDA20A30EE12
:10CD6000200A0FE030EE420BB4EEC01BF1EE10FAD9
:10CD700002D394EDA20A07E001F06EFAD4EDA20A04
:10CD800030EEC00A84EDA20ADFED050A20EE200A8B
:10CD900084ED9F0A10BD00007B14AE47E17A843F0A
:10CDA00003FA8E3C10B5D0EDCE0A90EDCD1A90ED81
:10CDB000CB0A9FED192B30EE811AB7EEC00A04465C
:10CDC00000F54870B7EEC11A30EE023BB4EEC31B5B
:10CDD000F1EE10FA06DD01F03FFAD4EDCB0A30EEA9
:10CDE000200A0FE030EE420BB4EEC01BF1EE10FA59
:10CDF00002D394EDCB0A07E001F02EFAD4EDCB0A72
:10CE000030EEC00A84EDCB0ADFED050A20EE200AE1
:10CE100084EDC80A10BD00007B14AE47E17A843F60
:10CE200003FA8E3C10B5D0EDCE0A90EDCD1A90ED00
:10CE3000CB0A9FED192B30EE811AB7EEC00A0446DB
:10CE400000F54870B7EEC11A30EE023BB4EEC31BDA
:10CE5000F1EE10FA06DD01F0FFF9D4EDCB0A30EE69
:10CE6000200A0FE030EE420BB4EEC01BF1EE10FAD8
:10CE700002D394EDCB0A07E001F0EEF9D4EDCB0A32
:10CE800030EEC00A84EDCB0ADFED050A20EE200A61
:10CE900084EDC80A10BD00007B14AE47E17A843FE0
:10CEA00003FA8E3C10B5D0EDF70A90EDF61A90ED2E
:10CEB000F40A9FED192B30EE811AB7EEC00A044632
:10CEC00000F57170B7EEC11A30EE023BB4EEC31B31
:10CED000F1EE10FA06DD01F0BFF9D4EDF40A30EE00
:10CEE000200A0FE030EE420BB4EEC01BF1EE10FA58
:10CEF00002D394EDF40A07E001F0AEF9D4EDF40AA0
:10CF000030EEC00A84EDF40ADFED050A20EE200AB7
:10CF100084EDF10A10BD00007B14AE47E17A843F36
:10CF200003FA8E3C10B5D0EDF70A90EDF61A90EDAD
:10CF3000F40A9FED192B30EE811AB7EEC00A0446B1
:10CF400000F57170B7EEC11A30EE023BB4EEC31BB0
:10CF5000F1EE10FA06DD01F07FF9D4EDF40A30EEBF
:10CF6000200A0FE030EE420BB4EEC01BF1EE10FAD7
:10CF700002D394EDF40A07E001F06EF9D4EDF40A5F
:10CF800030EEC00A84EDF40ADFED050A20EE200A37
:10CF900084EDF10A10BD00007B14AE47E17A843FB6
:10CFA00003FA8E3C304910B500F580649FED2F1BCD
:10CFB00091F9581094ED200A01290CD190F80C2514
:10CFC000D20708D094ED262AB7EEC00AB7EEC22ADF
:10CFD00002EE410B0DE0491C0FD190F80C15C9076A
:10CFE0000BD094ED262AB7EEC00AB7EEC22A02EEA5
:10CFF000010BB7EEC00B84ED200AF0EE400A94ED71
:10D000001F1A94ED1D0A9FED1B2B30EE811AB7EE0F
:10D01000C00A00F58D60B7EEC11A30EE023BB4EEE7
:10D02000C31BF1EE10FA06DD01F016F9D4ED1D0A6E
:10D0300030EE200A0FE030EE420BB4EEC01BF1EEF2
:10D0400010FA02D394ED1D0A07E001F005F9D4EDC2
:10D050001D0A30EEC00A84ED1D0ADFED080A20EE3D
:10D06000200A84ED1A0A10BD7B0E00249A99999922
:10D070009999A93F7B14AE47E17A843F03FA8E3C2D
:10D08000304910B500F580649FED2F1B91F93F10DA
:10D0900094ED200A01290CD190F80C25D20708D074
:10D0A00094ED262AB7EEC00AB7EEC22A02EE410B73
:10D0B0000DE0491C0FD190F80C15C9070BD094ED69
:10D0C000262AB7EEC00AB7EEC22A02EE010BB7EE6F
:10D0D000C00B84ED200AF0EE400A94ED1F1A94ED87
:10D0E0001D0A9FED1B2B30EE811AB7EEC00A00F52A
:10D0F0008D60B7EEC11A30EE023BB4EEC31BF1EE09
:10D1000010FA06DD01F0A8F8D4ED1D0A30EE200A71
:10D110000FE030EE420BB4EEC01BF1EE10FA02D37A
:10D1200094ED1D0A07E001F097F8D4ED1D0A30EEEA
:10D13000C00A84ED1D0ADFED080A20EE200A84ED06
:10D140001A0A10BD7B0E00249A9999999999A93FC2
:10D150007B14AE47E17A843F03FA8E3C2DE9F04F11
:10D16000FE4E0546FE4F0C462DED0A8B89B09FED15
:10D17000FD8A96F85E00012804D097F8E1000128A6
:10D180007DD021E1F54A284600F088FC95F80C0591
:10D19000B8EE08AB9FEDF4BB9FEDF59BBFEE0CCB5B
:10D1A000DFEDF58AC0076BD0D5ED2D0A95ED2C1A71
:10D1B00095ED310A9FEDF12B70EEC10A20EE080AC1
:10D1C000B0EE043BB7EEE01AB7EEC00A01EE0A0B70
:10D1D000B7EEC00B85ED270AD5ED560A95ED551A29
:10D1E00095ED5A0A30EEC11AB7EEC00AB7EEC11A71
:10D1F00021EE0B1B01EE090BB7EEC00B85ED4D0ABE
:10D20000D5ED7F0A95ED7E1A95ED830A30EEC11AB1
:10D21000B7EEC00AB7EEC11A21EE0C1B01EE090BE6
:10D22000B7EEC00B85ED760AD5EDA80A95EDA71AE5
:10D2300095EDAC0A30EEC11AB7EEC00AB7EEC11ACE
:10D2400021EE021B01EE090BB7EEC00B85ED9F0A24
:10D25000D5EDD00A95EDD11A95EDD50A70EEC10A3B
:10D2600000EEA80A85EDC80AD5EDFA0A95EDF91A7F
:10D2700095EDFE0A30EEC11AB7EEC00A01E0F5E006
:10D280008CE0B7EEC11A21EE031B01EE090BB7EEDD
:10D29000C00B85EDF10A96F85A0010B92846FFF741
:10D2A000EFFE94F80C05C00777D094ED2D0AD4ED6D
:10D2B0002C0A94ED313A9FEDB31B30EE600A23EE59
:10D2C000083AB8EE042BB7EEC04AB7EEC30A04EE34
:10D2D0000A0BB7EEC00B84ED270AD4ED560A94ED85
:10D2E000553A94ED5A0A30EEC33AB7EEC00AB7EE9B
:10D2F000C33A23EE0B3B03EE090BB7EEC00B84EDF4
:10D300004D0AD4ED7F0A94ED7E3A94ED830A30EE17
:10D31000C33AB7EEC00AB7EEC33A23EE0C3B03EEB6
:10D32000090BB7EEC00B84ED760AD4EDA80A94ED94
:10D33000A73A94EDAC0A30EEC33AB7EEC00AB7EEA6
:10D34000C33A23EE011B01EE090BB7EEC00B84EDCF
:10D350009F0AD4EDD00A94EDD11A94EDD50A70EE5F
:10D36000C10A00EEA80A84EDC80AD4EDFA0A94EDC9
:10D37000F91A94EDFE0A30EEC11AB7EEC00AB7EE04
:10D38000C11A21EE021B01EE090BB7EEC00B84EDB2
:10D39000F10A96F85C00A0B116E054E02846FFF7C9
:10D3A00019FB2846FFF7BEFB2846FFF73BFC284643
:10D3B000FFF7B8FC2846FFF735FD2846FFF7B2FD1A
:10D3C0006CE72046FFF7EEFD70494868B0F57A6FCC
:10D3D0007DDD04F11802089297F8E1C005F13002F2
:10D3E000079204F13002069205F14802059204F119
:10D3F0004802049205F16002039204F16002029275
:10D4000005F17802624BBCF1010F019204F1780240
:10D4100005F1180B009205F580664FF0070204F540
:10D420008067DFED5C8A37D0BCF1000F02D01B783B
:10D43000002B4CD19146884690FBF2F209FB12007A
:10D4400000287CD07DE12046FFF75CFA2046FFF7FC
:10D4500029FB2046FFF7A6FB2046FFF723FC2046CA
:10D46000FFF7A0FC2046FFF71DFDAAE72846FFF7BF
:10D47000B1FA2846FFF756FB2846FFF7D3FB2846AC
:10D48000FFF750FC2846FFF7CDFC2846FFF74AFD82
:10D490002846FFF7F5FDD6E71B78002BCAD090464B
:10D4A000894690FBF2F208FB1200F8B99FED3A8A28
:10D4B0003A48294695ED4D0AB7EE002AF0EE001ADB
:10D4C000B0EE481AF0EE680AFFF76AF900E0CBE226
:10D4D0003348214694ED4D0AB7EE002AF0EE001ACB
:10D4E000B0EE481AF0EE680AFFF75AF9D9F80410BE
:10D4F0009FED2C9A91FBF8F29FED2B8A08FB1210FE
:10D5000001281BD12548594695ED760AB0EE682AC8
:10D51000F0EE481AB0EE491AF0EE680AFFF740F94B
:10D520001F48089994ED760AB0EE682AF0EE481A82
:10D53000B0EE491AF0EE680AFFF732F900E0E2E0D7
:10D54000D9F8042092FBF8F108FB1120022847D1FA
:10D5500095ED9F0AB0EE682A28E000007B0E0024BB
:10D56000540D0024302F6542CDCCCCCCCCCC004027
:10D570000000006040DF913F03FA8E3C66666666FD
:10D580006666F6BF666666666666F63F4811002404
:10D590003C0100240000000000006143F00B002467
:10D5A000000C00240000AA429A99193FDFEDFE9A70
:10D5B000FE480799F0EE691AB0EE491AF0EE680AD3
:10D5C000FFF7EEF8FA48069994ED9F0AB0EE682A44
:10D5D000F0EE691AB0EE491AF0EE680AFFF7E0F8CB
:10D5E000D9F8041091FBF8F208FB121003281BD1A4
:10D5F000EE48059995EDC80AB0EE682AF0EE481A93
:10D60000B3EE0E1AF0EE680AFFF7CAF8E84804997C
:10D6100094EDC80AB0EE682AF0EE481AB3EE0E1A7E
:10D62000F0EE680AFFF7BCF8D9F8041091FBF8F2A5
:10D6300008FB121004281BD1DC48039995EDF10A70
:10D64000B0EE682AF0EE481AB3EE0E1AF0EE680A51
:10D65000FFF7A6F8D648029994EDF10AB0EE682AD1
:10D66000F0EE481AB3EE0E1AF0EE680AFFF798F8DB
:10D67000D9F8041091FBF8F208FB121005281BD111
:10D68000CA48019996ED1A0AB0EE682AF0EE481AD7
:10D69000B3EE0E1AF0EE680AFFF782F8C44800995C
:10D6A00097ED1A0AB0EE682AF0EE481AB3EE0E1A99
:10D6B000F0EE680AFFF774F8D9F8041091FBF8F25D
:10D6C00008FB1210062813D14FF4FA76B7483146FA
:10D6D000FCF7A4FFB54895ED270AFCF781FFB44895
:10D6E0003146FCF79BFFB24894ED270AFCF778FF20
:10D6F00009B004F5A261BDEC0A8B05F5A260BDE896
:10D70000F04FFEF731BFA9480021FCF787FFA94879
:10D71000002190ED020AA64885ED270AD5ED290AD9
:10D7200030EE600A85ED2A0AFCF778FFA24890EDFA
:10D73000020A84ED270AD4ED290A30EE600A84ED4E
:10D740002A0A9FED9E9AD8F8041091FBF9F209FB82
:10D750001210012837D195482946B0EE682AF0EE1C
:10D76000491AB0EE681AF0EE680AB0EE680AFFF7E0
:10D7700017F895ED010AD5ED520A85ED4D0A20EE18
:10D78000081A50EE080A8A48214685ED501AB0EE74
:10D79000682AF0EE491AC5ED530AB0EE681AF0EEA9
:10D7A000680AB0EE680AFEF7FBFF94ED010AD4EDBB
:10D7B000520A84ED4D0A20EE081A50EE080A84ED54
:10D7C000501AC4ED530AD8F80410CA4691FBF9F276
:10D7D00009FB1210022837D174485946B0EE682A66
:10D7E000F0EE491AB0EE681AF0EE680AB0EE680A78
:10D7F000FEF7D6FF95ED070A6D4885ED760A60EED7
:10D80000080AB0EE682AF0EE491AC5ED790AD5ED9E
:10D810007B0AB0EE681A50EE080AB0EE680AC5ED51
:10D820007C0A0899F0EE680AFEF7BAFF94ED070A41
:10D8300084ED760A60EE080AC4ED790AD4ED7B0A1D
:10D8400050EE080AC4ED7C0AC146D046D9F804104F
:10D8500091FBFAF20AFB1210032837D153480799BB
:10D86000B0EE682AF7EE081AB0EE681AF0EE680A11
:10D87000B0EE680AFEF794FF95ED0D0A4C4885ED71
:10D880009F0A60EE080AB0EE682AF7EE081AC5EDA6
:10D89000A20AD5EDA40AB0EE681A50EE080AB0EE5E
:10D8A000680AC5EDA50A0699F0EE680AFEF778FF4A
:10D8B00094ED0D0A84ED9F0A60EE080AC4EDA20AF9
:10D8C000D4EDA40A50EE080AC4EDA50AD9F8041054
:10D8D00091FBF8F208FB1210042837D13348059960
:10D8E000B0EE682AF0EE491AB0EE681AF0EE680A57
:10D8F000B0EE680AFEF754FF95ED130A2C4885ED4B
:10D90000C80A60EE080AB0EE682AF0EE491AC5EDC2
:10D91000CB0AD5EDCD0AB0EE681A50EE080AB0EE8B
:10D92000680AC5EDCE0A0499F0EE680AFEF738FFE2
:10D9300094ED130A84EDC80A60EE080AC4EDCB0A20
:10D94000D4EDCD0A50EE080AC4EDCE0AD9F8041081
:10D9500091FBF8F208FB1210052845D113480399F2
:10D96000B0EE682AF0EE491AB0EE681AF0EE680AD6
:10D97000B0EE680AFEF714FF95ED190AB0EE682ABA
:10D9800085EDF10A60EE080AF0EE491AB0EE681A69
:10D99000C5EDF40AD5EDF60A50EE080AC5EDF70A12
:10D9A000F0EE680A0CE00000CDCCCC3FF00B002478
:10D9B000000C00241C0100242C0100249A99993E9B
:10D9C0002C480299B0EE680AFEF7EAFE94ED190AB7
:10D9D00084EDF10A60EE080AC4EDF40AD4EDF60A0B
:10D9E00050EE080AC4EDF70AD9F8041091FBF8F2DA
:10D9F00008FB1210062837D11F480199B0EE682A9B
:10DA0000F0EE491AB0EE681AF0EE680AB0EE680A55
:10DA1000FEF7C6FE95ED1F0A164886ED1A0A60EE5F
:10DA2000080AB0EE682AF0EE491AC6ED1D0AD6EDD6
:10DA30001F0AB0EE681A50EE080AB0EE680AC6ED8A
:10DA4000200A0099F0EE680AFEF7AAFE94ED1F0A7C
:10DA500087ED1A0A60EE080AC7ED1D0AD7ED1F0A06
:10DA600050EE080AC7ED200A09B0BDEC0A8BBDE8EC
:10DA7000F08F0000000C0024F00B002480ED610A00
:10DA800080ED8A0A80EDB30A00F5806180EDDC0A42
:10DA900081ED050A81ED2E0A7047000070B506463B
:10DAA000D2F8270002F13C040D4600EE100A3B4874
:10DAB000FBF7DAFA86ED2D0A54F8110C00EE100A85
:10DAC0003748FBF7D1FA86ED560A54F80D0C00EEF4
:10DAD000100A3448FBF7C8FA86ED7F0A54F8090C9F
:10DAE00000EE100A3048FBF7BFFA86EDA80A54F89A
:10DAF000050C00EE100A2D48FBF7B6FA86EDD10AA8
:10DB000054F8010C00EE100A2948FBF7ADFA86ED37
:10DB1000FA0A94F9030006F5806600EE100AB8EEE2
:10DB2000C00A86ED230A606800EE100A2148FBF760
:10DB30009BFA85ED2D0AA06800EE100A1E48FBF73F
:10DB400093FA85ED560AE06800EE100A1B48FBF7D1
:10DB50008BFA85ED7F0A206900EE100A1848FBF762
:10DB600083FA85EDA80A606900EE100A1548FBF7F4
:10DB70007BFA85EDD10AA06900EE100A1248FBF786
:10DB800073FA85EDFA0A94F91C0005F5806500EE3C
:10DB9000100AB8EEC00A85ED230A70BD2C0C0024D3
:10DBA0003C0C00244C0C00245C0C00246C0C002465
:10DBB0007C0C00249C0C0024AC0C0024BC0C002425
:10DBC000CC0C0024DC0C0024EC0C0024B4EEC10AC4
:10DBD000F1EE10FA01DDB0EE410AB4EEE00AF1EE2A
:10DBE00010FA01D2B0EE600A70470000D0ED290AA9
:10DBF00090ED341A9FED1C0A00F5806151EE000A89
:10DC0000C0ED2A0AD0ED520A90ED5D1A51EE000ADD
:10DC1000C0ED530AD0ED7B0A90ED861A51EE000A52
:10DC2000C0ED7C0AD0EDA40A90EDAF1A51EE000AC7
:10DC3000C0EDA50AD0EDCD0A90EDD81A51EE000A3C
:10DC4000C0EDCE0A91ED011AD0EDF60A51EE000AB0
:10DC5000C0EDF70AD1ED1F0A91ED2A1A51EE000A24
:10DC6000C1ED200A70470000302F6542F0B5002357
:10DC70000746107801240E4650B1012824D155687A
:10DC800040F2DC50854223D2147282F8344046E0E0
:10DC9000284890F83710002916D190F8361000293E
:10DCA00012D190F83F0001280ED1107F68B10128F1
:10DCB0000AD1137740F2DD50147082F8344050607E
:10DCC00087F80C3586F80C35F0BD14705360F0BD44
:10DCD000A5F2DD5140F2DB50814210D2B7EE080AC6
:10DCE0003846FFF7CBFEB7EE080A3046FFF7C6FE10
:10DCF0003846FFF77BFF3046FFF778FF0FE0A5F6C9
:10DD0000B93585420BD202201072B7EE000A3846B0
:10DD1000FFF7B4FEB7EE000A3046FFF7AFFE5068DB
:10DD2000401C5060A0F5B8517039D0D1137082F802
:10DD30003430F0BDA810002490F8341000290BD125
:10DD400007498988B1F5996F01D3012103E0B1F545
:10DD50004E7F02D80221017270470021FBE70000CC
:10DD6000A8100024F7F73CFEFCF78EFCFBF790FAB6
:10DD7000FBF78EF9FBF75AFCFBF720FAFBF752FA98
:10DD8000FBF7FAFAFBF788FCFBF7BAFCFBF77EFB24
:10DD9000FBF7B0FBFBF7E8FCFBF7E0FBFBF712FC43
:10DDA000FBF704FBFBF73CFBFAF71EFFFEE7000066
:10DDB0000549064800B5FBF70BFD03480022001F8C
:10DDC00001214280017000BD100D00244428002470
:10DDD0002DE9F041034692F8300000250F46144625
:10DDE000C0B1012824D1608E40F2DC51A0F5FA6068
:10DDF00088420AD2124E1846124A7168F5F770F935
:10DE0000114A38467168F5F76BF9608EB0F57A6F94
:10DE100010D011E00D4801884FF40370814203D9FE
:10DE20000B490989814203D8012084F830005586C6
:10DE3000BDE8F08184F83050401C6086F8E70000AF
:10DE400048110024F00B0024000C0024540D002481
:10DE5000A81000242DE9F0410446087B002858D181
:10DE6000C87A002855D1DFF8B0C000272B48624699
:10DE70009FED2B0B9CF838E092F8376092F8363023
:10DE8000BEF1010F90F8315090F8302004D090F896
:10DE900032E0BEF1010F03D116B90DB903B94AB191
:10DEA0009CF839C0BCF1010F0CD090F83300012868
:10DEB00008D016E00F7494ED061AB7EEC11A31EED1
:10DEC000000B0AE06EB965B95BB952B90F7494EDF5
:10DED000061AB7EEC11A31EE400BB7EEC00B84ED57
:10DEE000060A94ED060A9FED101ADFED100AFFF7FF
:10DEF0006DFE84ED060ABDEEC00A4FF407724FF4C2
:10DF0000967110EE100A02FA80F000B200F066F886
:10DF10006082BDE8F0810000A8100024540D0024A8
:10DF20009A9999999999A93F00000000000070C33F
:10DF30002DE9F0412048FCF785FB20480221F7F746
:10DF40002DFD1D4900221E4C01251E4B087258B1A3
:10DF500093F83060012E07D01B4FBF7A87B9B1F814
:10DF600000C0BCF1320F0BD9184884F8E1201A77B1
:10DF700083F8352080F80C25154880F80C2508E03A
:10DF8000012806D12EB90888322800D90FB184F8AB
:10DF9000E15010484B89104C5B1C4B810188491C97
:10DFA00089B20180B1F5E17F03D284F85E50BDE80B
:10DFB000F08184F85E20FAE7580E0024000402582D
:10DFC000540D002400110024A8100024480100244E
:10DFD00068060024100C00247B0E0024884201DA1D
:10DFE000084670479042FCDD10467047F0B593F943
:10DFF0000C5000240E460146A5B1012D4FF40770C8
:10E000004FF4FA6C4FF47A7724D06D1C1AD1DD8965
:10E01000BD4240D850820846FFF7E8FD3046FFF782
:10E02000E5FD34E022489FED230A90F90100012824
:10E0300009D0401C06D1FF201873DC8182ED060A4E
:10E04000DC721C74F0BD01201873DC8182ED060ABD
:10E05000D872F6E7DD89BD4207D85082084600F045
:10E06000A7F8304600F0A4F811E0A5F2E9306045C9
:10E0700001D2642015E0A5F6B930B84203D24FF4BE
:10E08000CD70508203E0A5F5985088380ED0D8891D
:10E09000401CD881F0BDA5F2E930604503D240F2C2
:10E0A00061305080F3E7B5F57A6FF0D11C73EEE77D
:10E0B000100D00240000000010B5C27800230221DA
:10E0C000921C04E0445C491CC9B223449BB28A42BE
:10E0D000F8D8D843C0B210BD2DE9F0410D4C5523FE
:10E0E00007250126170A63704FEA112C2370A070D0
:10E0F0002046E57026716271A771E17184F808C04D
:10E10000FFF7DAFF60722146BDE8F04102480A22BB
:10E11000FAF718BD710E00244C1D002400B541EC27
:10E12000100B2DED028B83B0B1EEC08B18EE100AF0
:10E1300018EE901A8DED008B002818BF01200843BF
:10E1400020F00040C0F17F6000F1E040C00F14D02B
:10E1500010EE101A10EE900A8DED000B002918BF7A
:10E160000121084320F00040C0F17F6000F1E04051
:10E17000C00F04BF0120F2F73CFA51EC180B03B0BA
:10E18000BDEC028B00BD000030B40C78FF220749C3
:10E19000FC230C600A714A718A71CA710A724A7250
:10E1A0008A72CB7230BCF4F731BB000084100024BB
:10E1B000D0ED290A90ED351A9FED1C0A00F580611B
:10E1C00051EE000AC0ED2A0AD0ED520A90ED5E1A17
:10E1D00051EE000AC0ED530AD0ED7B0A90ED871A8C
:10E1E00051EE000AC0ED7C0AD0EDA40A90EDB01A01
:10E1F00051EE000AC0EDA50AD0EDCD0A90EDD91A76
:10E2000051EE000AC0EDCE0A91ED021AD0EDF60AE9
:10E2100051EE000AC0EDF70AD1ED1F0A91ED2B1A5D
:10E2200051EE000AC1ED200A70470000302F654210
:10E2300001EE100A70EEC00A0120B8EEC11A884043
:10E24000401E21EE201A00EE900AF8EEE01AC1EE10
:10E25000210A30EE800A704790ED061AD0ED051ABB
:10E2600090ED030A1C4931EE211AD0ED070A31EE78
:10E27000400AB0EEC00A10EE102A8A4204DB90ED8C
:10E28000130A30EE800A07E010EE102A8A4205DAFF
:10E2900090ED130A30EEC00A80ED070AD0ED070AB0
:10E2A00090ED0A0AF4EEC00AF1EE10FA01DD80EDFD
:10E2B000070AD0ED070A90ED0B0AF4EEC00AF1EE62
:10E2C00010FA02D3B0EE600A01E080ED070AD0ED4B
:10E2D000140A20EE200A70470000204110B5028881
:10E2E00052BAA2F52943533B7ED18A6C521C8A64F0
:10E2F0004288C2F30A020A80C2780379D20842EA4D
:10E300004312C2F30A024A8002794379847992095E
:10E3100042EA830242EA8422C2F30A028A808279B4
:10E32000C379520842EAC312C2F30A02CA80C27910
:10E33000C2F301128A72012A01D901228A72C279BA
:10E34000C2F38012CA72C279D2090A73027A02F049
:10E3500001024A73027A437A520842EAC312C2F3B4
:10E360000A020A81427AC2F301128A7342890A823E
:10E3700082894A82C2898A82027C02F003028A75FB
:10E38000027CC2F381020A76027CC2F30112CA75D2
:10E39000427C0A77827C4A77427C02F0010281F853
:10E3A0002020427CC2F3400281F82220427CC2F34A
:10E3B000800281F82120427CC2F3C00281F8232030
:10E3C000427CC2F3001281F82420427CC2F3401246
:10E3D00081F82520427CC2F3801281F82620427CFD
:10E3E000D20981F8272000E02EE0827CD20981F852
:10E3F0002D20827CC2F3801281F82820827CC2F317
:10E40000401281F82B20827CC2F3001281F82F2069
:10E41000827CC2F3C00281F82E20827CC2F380028B
:10E4200081F82A20827CC2F3400281F82920807C76
:10E4300000F0010081F82C000448FBF729FEBDE83C
:10E4400010400248FAF76ABD10BD0000A810002471
:10E45000D0ED240A9FED320A00F5806160EE800A5B
:10E46000C0ED270AD0ED4D0A60EE800AC0ED500ADB
:10E47000D0ED760A60EE800AC0ED790AD0ED9F0AF1
:10E4800060EE800AC0EDA20AD0EDC80A60EE800AF4
:10E49000C0EDCB0AD0EDF10A60EE800AC0EDF40ABF
:10E4A000D1ED1A0A60EE800AC1ED1D0AD0ED290AED
:10E4B00090ED311A51EE000AC0ED2A0AD0ED520A51
:10E4C00090ED5A1A51EE000AC0ED530AD0ED7B0AC6
:10E4D00090ED831A51EE000AC0ED7C0AD0EDA40A3B
:10E4E00090EDAC1A51EE000AC0EDA50AD0EDCD0AB0
:10E4F00090EDD51A51EE000AC0EDCE0AD0EDF60A25
:10E5000090EDFE1A51EE000AC0EDF70AD1ED1F0A98
:10E5100091ED271A51EE000AC1ED200A7047000064
:10E52000302F65424FF04070E1EE100A7047000056
:10E530000001020304050607080C101418203040DF
:10E5400000000000000000000000000000000000CB
:10E5500000000000010000000200000003000000B5
:10E5600004000000000000000500000000000000A2
:10E570000000000000000000060000000000000095
:10E580000000000000000000070000000006101658
:10E5900000061016010002000400060008000A0030
:10E5A0000C00100020004000800000010101010368
:10E5B0000701000008040204080101010000000036
:10E5C0000102030401020304060708090000000019
:10E5D000555555555555C53F7D6FEB0312D6D4BFE4
:10E5E0005544880E55C1C93F3B8F68B52882A4BFEA
:10E5F00088B20175E0EF493F09F7FD0DE13D023FAB
:10E600004B2D8A1C273A03C0C88A599CE52A004032
:10E6100059018D1B6C06E6BF82922EB1C5B8B33F7F
:10E620004FBB610567ACDD3F182D4454FB21E93F2A
:10E630009BF681D20B73EF3F182D4454FB21F93F19
:10E64000E2652F227F2B7A3C075C143326A6813C9F
:10E65000BDCBF07A8807703C075C143326A6913C4A
:10E66000C4EB98999999C9BF711623FEC671BCBFB6
:10E670006D9A74AFF2B0B3BF9AFDDE522DDEADBF1E
:10E680002F6C6A2C44B4A2BF0D5555555555D53F36
:10E69000FF8300922449C23F6E204CC5CD45B73F51
:10E6A000513DD0A0660DB13FEB0D76244B7BA93FC9
:10E6B00011DA22E33AAD903F0000000000000000B4
:10E6C000E0E6000800000024540D0000D402000819
:10E6D0001CE90008540D00242C43060030030008F8
:10E6E00011126003482412A2029BFF010C99180921
:10E6F000232411B4610378120104201C023C12642B
:10E70000032B2436230104120F2B0358831A017C98
:10E710001A2F663918A2031A81139A8198E9101AE0
:10E720000102DD91059E07D7C96801179967D119C4
:10E73000970115021705023F062009EC51B83DEC80
:10E7400051383D272040022B273F2388C2400BE44D
:10E7500042CDCCCC3D85EB913E2552491D3B1A80E4
:10E760001C01762D713D0A3EA420096666E63F3302
:10E770003333C01A40042F80BFCDCC2CC004410CD1
:10E7800083BC7493A4212AE08422BF1AC004114AD6
:10E79000400C39040987A4300D3333B33FD7A3901D
:10E7A000BF666626C038093F0AD7A3BFCDCCECA40C
:10E7B0000D7A62BEBC39A42D8FC2F53DA489841A9E
:10E7C00040A4C340400D82BC74933BA43CCDCCCC50
:10E7D00084B8087B14AEBF1F85EB900980A48F75A9
:10E7E0003EEC51B83D841B40C004CA40A40B5613F4
:10E7F0003CA41201167E04D007034D5005D007102B
:10E800000116021702021703021704021705023F3E
:10E81000062009EC51B83DEC51383D27803F48E1D6
:10E820008A4023C042180A9443B81E9D40964397DD
:10E8300010212D52491D3B2001787C8FC2F5A42C5C
:10E84000666666043809BF3333733FB81E4504411A
:10E850000C87BC7493A41C3333B3045EF3BF9A9942
:10E86000D90C0A83B3A46D713D0A3EA440159A9950
:10E8700009C0CDCCCCBF6666E63F666606C0A47014
:10E880001DC00D7A62BE3C39A46D8FC2F53DA44116
:10E89000C0091F855BC014AE57400D8ABC74933B02
:10E8A000A4256666E6BFBAC0900980A47E753EECDA
:10E8B00051B8A4C8090AD763C0295C4F40A40B58BB
:10E8C000133CA4169105D00702052A9E07D0070A1B
:10E8D00043C08C13F40B2A24048113040C2A24044F
:10E8E000C1320182102C90D00304C50AD7233BDC2F
:10E8F0000AD7A310C3233CBC8FC27510091040F97E
:10E9000010091D30095C7029F4210318EFA113448C
:0CE91000283324281A94080A190A080069
:040000050800029954
:00000001FF
